date,airline,flight_number,origin,destination,origin_country,destination_country,origin_region,destination_region,original_route,new_route,original_distance_km,new_distance_km,additional_distance_km,extra_fuel_cost_usd,delay_hours
2026-02-28,Lufthansa,LU5449,Helsinki,Dubai,Finland,UAE,Europe,Middle East,Via Iran/Iraq corridor,Via Turkey–Kazakhstan northern route,5847,7279,1432,8327.43,4.8
2026-02-28,Emirates,EM1077,Dubai,Tokyo,UAE,Japan,Middle East,Asia Pacific,Via Iran/Iraq corridor,Via Egypt–East Africa southern route,3533,4809,1276,7302.99,1.4
2026-02-28,Garuda Indonesia,GA6169,Dubai,Johannesburg,UAE,South Africa,Middle East,Africa,Via Strait of Hormuz,Via Red Sea–Suez route,4257,5829,1572,6119.23,5.1
2026-02-28,Thai Airways,TH4423,Doha,Shanghai,Qatar,China,Middle East,Asia Pacific,Direct Tehran overfly,Via Ashgabat–Almaty route,5410,6876,1466,6336.73,0.7
2026-02-28,Vietnam Airlines,VI8565,Chicago,Doha,USA,Qatar,North America,Middle East,Direct Middle East overfly,Via Central Asian detour,3238,5581,2343,8812.23,3.5
2026-02-28,Air New Zealand,AI1922,London,Tokyo,UK,Japan,Europe,Asia Pacific,Via Iran/Iraq corridor,Via Turkey–Kazakhstan northern route,10478,11578,1100,7448.57,4.5
2026-02-28,British Airways,BR8104,London,Bahrain,UK,Bahrain,Europe,Middle East,Direct Gulf route,Via Jordan–Egypt alternate,5353,5801,448,2067.95,0.9
2026-02-28,Cargolux,CA2081,Dubai,Guangzhou,UAE,China,Middle East,Asia Pacific,Via Baghdad FIR,Via Ankara–Baku corridor,4990,5571,581,4053.22,2.0
2026-02-28,Air France,AI103,Shanghai,Paris,China,France,Asia Pacific,Europe,Via Persian Gulf,Via Indian Ocean southern route,11864,13180,1316,7676.46,3.9
2026-02-28,Cathay Pacific,CA8931,Riyadh,Cairo,Saudi Arabia,Egypt,Middle East,North Africa,Via Iran/Iraq corridor,Via Turkey–Kazakhstan northern route,5730,7855,2125,8758.16,0.6
2026-02-28,Cargolux,CA1766,Doha,Lisbon,Qatar,Portugal,Middle East,Europe,Via Iran/Iraq corridor,Via Egypt–East Africa southern route,7549,8711,1162,4801.73,4.3
2026-02-28,United Airlines,UN9695,São Paulo,Doha,Brazil,Qatar,Latin America,Middle East,Via Iran/Iraq corridor,Via Egypt–East Africa southern route,7359,8761,1402,7198.83,0.5
2026-02-28,Iran Air,IR3879,Bahrain,Dubai,Bahrain,UAE,Middle East,Middle East,Direct Middle East overfly,Via Central Asian detour,9954,11591,1637,6916.48,2.5
2026-02-28,Iran Air,IR2421,Jakarta,Dubai,Indonesia,UAE,Asia Pacific,Middle East,Via Baghdad FIR,Via Ankara–Baku corridor,10816,11482,666,3964.6,2.3
2026-02-28,Oman Air,OM7356,Riyadh,London,Saudi Arabia,UK,Middle East,Europe,Direct Middle East overfly,Via Central Asian detour,4384,6118,1734,10539.14,1.9
2026-02-28,Malaysia Airlines,MA6965,Dubai,Cairo,UAE,Egypt,Middle East,North Africa,Via Strait of Hormuz,Via Red Sea–Suez route,5899,7106,1207,7049.43,5.5
2026-02-28,LOT Polish Airlines,LO5035,Karachi,Istanbul,Pakistan,Turkey,South Asia,Middle East,Direct Middle East overfly,Via Central Asian detour,3607,4851,1244,7105.76,5.8
2026-03-01,SAS,SA7023,Doha,Paris,Qatar,France,Middle East,Europe,Direct Tehran overfly,Via Ashgabat–Almaty route,3201,4659,1458,9802.35,5.6
2026-03-01,Mahan Air,MA7429,Dubai,Hanoi,UAE,Vietnam,Middle East,Asia Pacific,Via Iran/Iraq corridor,Via Egypt–East Africa southern route,10705,12465,1760,6978.62,6.0
2026-03-01,ANA,AN3869,Sydney,Singapore,Australia,Singapore,Asia Pacific,Asia Pacific,Direct Middle East overfly,Via Central Asian detour,7981,10343,2362,8333.48,5.0
2026-03-01,IndiGo,IN1530,Doha,Madrid,Qatar,Spain,Middle East,Europe,Direct Middle East overfly,Via Central Asian detour,2224,4625,2401,15972.43,4.2
2026-03-01,Delta Air Lines,DE5164,Singapore,Sydney,Singapore,Australia,Asia Pacific,Asia Pacific,Direct Gulf route,Via Jordan–Egypt alternate,10483,10958,475,2391.99,1.7
2026-03-01,Turkish Airlines,TU233,London,Johannesburg,UK,South Africa,Europe,Africa,Via Baghdad FIR,Via Ankara–Baku corridor,5987,7057,1070,4751.21,2.7
2026-03-01,Southwest Airlines,SO4500,Beirut,Paris,Lebanon,France,Middle East,Europe,Via Iran/Iraq corridor,Via Egypt–East Africa southern route,10998,13603,2605,10142.05,4.0
2026-03-01,Air India,AI5467,Lisbon,Doha,Portugal,Qatar,Europe,Middle East,Via Baghdad FIR,Via Ankara–Baku corridor,7446,8604,1158,7794.88,3.7
2026-03-01,TAP Air Portugal,TA7946,Kuwait City,Mumbai,Kuwait,India,Middle East,South Asia,Via Strait of Hormuz,Via Red Sea–Suez route,2467,3150,683,3546.55,0.8
2026-03-01,Kuwait Airways,KU2535,Sydney,Abu Dhabi,Australia,UAE,Asia Pacific,Middle East,Via Strait of Hormuz,Via Red Sea–Suez route,6228,7066,838,4376.24,4.6
2026-03-02,WestJet,WE3369,London,Johannesburg,UK,South Africa,Europe,Africa,Via Iran/Iraq corridor,Via Turkey–Kazakhstan northern route,3341,5404,2063,12439.77,2.4
2026-03-02,Air France,AI8171,Singapore,Sydney,Singapore,Australia,Asia Pacific,Asia Pacific,Direct Gulf route,Via Jordan–Egypt alternate,9516,10456,940,5557.95,4.0
2026-03-02,DHL Aviation,DH3374,Zurich,Dubai,Switzerland,UAE,Europe,Middle East,Direct Middle East overfly,Via Central Asian detour,10479,12306,1827,9882.86,2.5
2026-03-02,Wizz Air,WI8275,Dubai,Auckland,UAE,New Zealand,Middle East,Asia Pacific,Direct Middle East overfly,Via Central Asian detour,11083,12465,1382,9210.55,1.6
2026-03-02,Cathay Pacific,CA6029,Shanghai,Dubai,China,UAE,Asia Pacific,Middle East,Direct Middle East overfly,Via Central Asian detour,8378,9709,1331,8656.85,5.7
2026-03-02,Oman Air,OM1747,Guangzhou,Dubai,China,UAE,Asia Pacific,Middle East,Direct Gulf route,Via Jordan–Egypt alternate,4661,5741,1080,7168.25,1.2
2026-03-02,China Southern,CH7774,Dubai,Casablanca,UAE,Morocco,Middle East,Africa,Via Iran/Iraq corridor,Via Turkey–Kazakhstan northern route,5762,6757,995,5900.54,3.3
2026-03-02,Iran Air,IR1651,London,Nairobi,UK,Kenya,Europe,Africa,Via Iran/Iraq corridor,Via Egypt–East Africa southern route,5002,6332,1330,5803.26,5.1
2026-03-02,Copa Airlines,CO5163,Doha,Addis Ababa,Qatar,Ethiopia,Middle East,Africa,Via Persian Gulf,Via Indian Ocean southern route,7272,9952,2680,14819.41,3.3
2026-03-02,Air New Zealand,AI2500,Shanghai,Dubai,China,UAE,Asia Pacific,Middle East,Via Iran/Iraq corridor,Via Egypt–East Africa southern route,9383,10709,1326,4701.01,3.7
2026-03-02,Royal Air Maroc,RO7752,Doha,Toronto,Qatar,Canada,Middle East,North America,Via Iran/Iraq corridor,Via Egypt–East Africa southern route,8958,10485,1527,6761.5,2.8
2026-03-02,DHL Aviation,DH8279,London,Tokyo,UK,Japan,Europe,Asia Pacific,Direct Tehran overfly,Via Ashgabat–Almaty route,7430,8455,1025,5448.24,5.0
2026-03-02,China Southern,CH4615,Paris,Doha,France,Qatar,Europe,Middle East,Via Persian Gulf,Via Indian Ocean southern route,3240,5837,2597,14236.8,2.0
2026-03-02,Southwest Airlines,SO6168,Helsinki,Dubai,Finland,UAE,Europe,Middle East,Via Iran/Iraq corridor,Via Turkey–Kazakhstan northern route,11171,13269,2098,11176.37,1.1
2026-03-02,WestJet,WE7323,Singapore,Los Angeles,Singapore,USA,Asia Pacific,North America,Direct Gulf route,Via Jordan–Egypt alternate,6416,7174,758,3889.49,0.9
2026-03-03,Delta Air Lines,DE7076,Amman,Dubai,Jordan,UAE,Middle East,Middle East,Via Baghdad FIR,Via Ankara–Baku corridor,4515,5290,775,3994.13,1.1
2026-03-03,FedEx Express,FE7576,Cairo,Dubai,Egypt,UAE,North Africa,Middle East,Direct Middle East overfly,Via Central Asian detour,3376,5035,1659,8602.57,3.4
2026-03-03,Qatar Airways,QA888,Washington,Abu Dhabi,USA,UAE,North America,Middle East,Direct Gulf route,Via Jordan–Egypt alternate,3600,4696,1096,3932.01,4.1
2026-03-03,Jazeera Airways,JA6305,Kuwait City,Mumbai,Kuwait,India,Middle East,South Asia,Via Iran/Iraq corridor,Via Turkey–Kazakhstan northern route,3508,5149,1641,7486.55,2.4
2026-03-03,Air Algerie,AI4361,Riyadh,London,Saudi Arabia,UK,Middle East,Europe,Via Baghdad FIR,Via Ankara–Baku corridor,3268,4381,1113,4250.33,0.5
2026-03-03,IndiGo,IN2630,Hanoi,Dubai,Vietnam,UAE,Asia Pacific,Middle East,Direct Middle East overfly,Via Central Asian detour,2200,4638,2438,10938.18,0.9
2026-03-03,Kuwait Airways,KU288,Mexico City,Madrid,Mexico,Spain,Latin America,Europe,Direct Gulf route,Via Jordan–Egypt alternate,11142,11842,700,3406.18,4.3
2026-03-03,Aeroflot,AE660,Chicago,Dubai,USA,UAE,North America,Middle East,Via Baghdad FIR,Via Ankara–Baku corridor,8926,10103,1177,5561.06,2.1
2026-03-03,Gulf Air,GU291,Riyadh,Cairo,Saudi Arabia,Egypt,Middle East,North Africa,Direct Middle East overfly,Via Central Asian detour,5855,7808,1953,9663.71,2.4
2026-03-03,Ethiopian Airlines,ET7530,Dubai,Bahrain,UAE,Bahrain,Middle East,Middle East,Via Iran/Iraq corridor,Via Egypt–East Africa southern route,2805,4621,1816,11869.49,0.7
2026-03-03,Air Algerie,AI5793,Tehran,Istanbul,Iran,Turkey,Middle East,Middle East,Direct Middle East overfly,Via Central Asian detour,3475,4591,1116,5696.55,4.1
2026-03-03,Emirates,EM5271,Casablanca,Paris,Morocco,France,Africa,Europe,Direct Gulf route,Via Jordan–Egypt alternate,9217,10390,1173,5723.61,3.3
2026-03-03,Kuwait Airways,KU9520,Kuwait City,London,Kuwait,UK,Middle East,Europe,Direct Gulf route,Via Jordan–Egypt alternate,5377,6527,1150,5900.41,0.9
2026-03-03,Finnair,FI4373,Doha,Chicago,Qatar,USA,Middle East,North America,Via Strait of Hormuz,Via Red Sea–Suez route,5395,6047,652,3746.54,3.6
2026-03-03,Iran Air,IR1836,Karachi,Dubai,Pakistan,UAE,South Asia,Middle East,Direct Middle East overfly,Via Central Asian detour,9046,10587,1541,8537.54,1.2
2026-03-04,flynas,FL6758,Tokyo,Singapore,Japan,Singapore,Asia Pacific,Asia Pacific,Direct Gulf route,Via Jordan–Egypt alternate,9655,10450,795,3305.76,1.0
2026-03-04,Jazeera Airways,JA6859,London,Abu Dhabi,UK,UAE,Europe,Middle East,Via Strait of Hormuz,Via Red Sea–Suez route,5483,6654,1171,6051.81,5.3
2026-03-04,IndiGo,IN2439,Dubai,Mumbai,UAE,India,Middle East,South Asia,Direct Gulf route,Via Jordan–Egypt alternate,7891,8608,717,4773.39,3.0
2026-03-04,Vietnam Airlines,VI5589,Dubai,Auckland,UAE,New Zealand,Middle East,Asia Pacific,Direct Tehran overfly,Via Ashgabat–Almaty route,6339,7617,1278,8735.85,0.6
2026-03-04,Air Arabia,AI7140,Ho Chi Minh City,Doha,Vietnam,Qatar,Asia Pacific,Middle East,Via Strait of Hormuz,Via Red Sea–Suez route,6251,7051,800,4964.77,3.5
2026-03-04,Atlas Air,AT263,London,Beijing,UK,China,Europe,Asia Pacific,Direct Middle East overfly,Via Central Asian detour,10560,11626,1066,7423.15,5.1
2026-03-04,United Airlines,UN2726,Madrid,Doha,Spain,Qatar,Europe,Middle East,Via Strait of Hormuz,Via Red Sea–Suez route,10612,11345,733,4612.92,5.9
2026-03-04,Etihad Airways,ET2682,Lisbon,Doha,Portugal,Qatar,Europe,Middle East,Direct Gulf route,Via Jordan–Egypt alternate,10479,11678,1199,5556.92,2.4
2026-03-04,ANA,AN1040,Delhi,Dubai,India,UAE,South Asia,Middle East,Via Iran/Iraq corridor,Via Egypt–East Africa southern route,2493,5117,2624,13604.02,2.8
2026-03-04,Garuda Indonesia,GA2007,London,Bahrain,UK,Bahrain,Europe,Middle East,Via Iran/Iraq corridor,Via Egypt–East Africa southern route,2540,5210,2670,13261.83,3.4
2026-03-04,DHL Aviation,DH8372,Dubai,Santiago,UAE,Chile,Middle East,Latin America,Via Iran/Iraq corridor,Via Egypt–East Africa southern route,5345,6411,1066,6281.22,0.8
2026-03-04,Ryanair,RY8814,Moscow,Doha,Russia,Qatar,Europe,Middle East,Via Persian Gulf,Via Indian Ocean southern route,5727,9200,3473,19785.26,0.9
2026-03-04,Air India,AI1419,Frankfurt,Beijing,Germany,China,Europe,Asia Pacific,Direct Gulf route,Via Jordan–Egypt alternate,10457,11098,641,3678.26,0.9
2026-03-04,Japan Airlines,JA5718,Santiago,Dubai,Chile,UAE,Latin America,Middle East,Direct Gulf route,Via Jordan–Egypt alternate,4616,5058,442,2611.79,5.7
2026-03-04,Thai Airways,TH1909,Dubai,Toronto,UAE,Canada,Middle East,North America,Direct Middle East overfly,Via Central Asian detour,10259,11176,917,4952.97,2.7
2026-03-04,flynas,FL3126,New York,Doha,USA,Qatar,North America,Middle East,Via Iran/Iraq corridor,Via Egypt–East Africa southern route,4884,6334,1450,5440.31,2.5
2026-03-04,SpiceJet,SP3973,London,Beijing,UK,China,Europe,Asia Pacific,Direct Middle East overfly,Via Central Asian detour,9857,11210,1353,5511.28,3.9
2026-03-04,American Airlines,AM5967,Tehran,Istanbul,Iran,Turkey,Middle East,Middle East,Direct Gulf route,Via Jordan–Egypt alternate,2107,3012,905,4212.38,2.9
2026-03-04,Ryanair,RY6741,Sydney,London,Australia,UK,Asia Pacific,Europe,Via Strait of Hormuz,Via Red Sea–Suez route,6923,7524,601,3734.4,5.3
2026-03-05,ANA,AN6257,Dubai,Paris,UAE,France,Middle East,Europe,Direct Tehran overfly,Via Ashgabat–Almaty route,5723,6998,1275,8116.75,3.6
2026-03-05,Aeroflot,AE1866,New York,Doha,USA,Qatar,North America,Middle East,Via Iran/Iraq corridor,Via Egypt–East Africa southern route,11598,12668,1070,5889.1,2.3
2026-03-05,SpiceJet,SP9948,Dubai,Shanghai,UAE,China,Middle East,Asia Pacific,Direct Tehran overfly,Via Ashgabat–Almaty route,11815,13498,1683,10823.74,4.7
2026-03-05,FedEx Express,FE1663,Seoul,Doha,South Korea,Qatar,Asia Pacific,Middle East,Via Baghdad FIR,Via Ankara–Baku corridor,9997,10935,938,4720.88,1.2
2026-03-05,KLM,KL134,Mumbai,Kuwait City,India,Kuwait,South Asia,Middle East,Direct Middle East overfly,Via Central Asian detour,9094,10786,1692,11600.28,1.3
2026-03-05,Copa Airlines,CO9567,Singapore,Auckland,Singapore,New Zealand,Asia Pacific,Asia Pacific,Direct Gulf route,Via Jordan–Egypt alternate,9056,10063,1007,5645.75,5.2
2026-03-05,Malaysia Airlines,MA6290,Johannesburg,London,South Africa,UK,Africa,Europe,Via Persian Gulf,Via Indian Ocean southern route,9043,12527,3484,24035.87,1.4
2026-03-05,China Southern,CH5819,Madrid,Bogotá,Spain,Colombia,Europe,Latin America,Via Iran/Iraq corridor,Via Egypt–East Africa southern route,6573,7935,1362,8010.94,2.6
2026-03-05,South African Airways,SO8408,Karachi,Dubai,Pakistan,UAE,South Asia,Middle East,Via Strait of Hormuz,Via Red Sea–Suez route,4104,4734,630,3751.79,0.9
2026-03-05,Singapore Airlines,SI125,Moscow,Doha,Russia,Qatar,Europe,Middle East,Via Baghdad FIR,Via Ankara–Baku corridor,7036,8206,1170,4802.03,0.8
2026-03-05,Aeroflot,AE2449,Dubai,Hanoi,UAE,Vietnam,Middle East,Asia Pacific,Via Persian Gulf,Via Indian Ocean southern route,2806,5256,2450,9408.21,0.7
2026-03-05,Saudi Arabian Airlines,SA1957,Riyadh,New York,Saudi Arabia,USA,Middle East,North America,Via Persian Gulf,Via Indian Ocean southern route,4535,6247,1712,6786.14,5.9
2026-03-05,Aeromexico,AE4435,Dubai,Auckland,UAE,New Zealand,Middle East,Asia Pacific,Via Iran/Iraq corridor,Via Egypt–East Africa southern route,10059,12367,2308,15233.75,0.7
2026-03-05,Azul Brazilian Airlines,AZ6709,Los Angeles,London,USA,UK,North America,Europe,Via Iran/Iraq corridor,Via Turkey–Kazakhstan northern route,7888,9927,2039,11704.11,4.0
2026-03-05,Royal Air Maroc,RO3417,Mexico City,London,Mexico,UK,Latin America,Europe,Direct Middle East overfly,Via Central Asian detour,10520,11569,1049,4473.24,0.5
2026-03-06,SpiceJet,SP9166,Singapore,Tokyo,Singapore,Japan,Asia Pacific,Asia Pacific,Via Persian Gulf,Via Indian Ocean southern route,5343,8025,2682,16169.85,1.1
2026-03-06,Emirates SkyCargo,EM3903,Bahrain,London,Bahrain,UK,Middle East,Europe,Direct Middle East overfly,Via Central Asian detour,4007,6439,2432,15857.45,3.6
2026-03-06,China Southern,CH9831,Tokyo,Singapore,Japan,Singapore,Asia Pacific,Asia Pacific,Via Iran/Iraq corridor,Via Egypt–East Africa southern route,11671,13167,1496,10385.15,5.7
2026-03-06,Mahan Air,MA868,Karachi,Istanbul,Pakistan,Turkey,South Asia,Middle East,Direct Middle East overfly,Via Central Asian detour,11333,12338,1005,5973.29,5.6
2026-03-06,TAP Air Portugal,TA8750,Tokyo,Singapore,Japan,Singapore,Asia Pacific,Asia Pacific,Direct Gulf route,Via Jordan–Egypt alternate,9013,9459,446,2564.82,1.7
2026-03-06,Etihad Airways,ET5429,Doha,Lisbon,Qatar,Portugal,Middle East,Europe,Via Iran/Iraq corridor,Via Turkey–Kazakhstan northern route,3932,5549,1617,6752.71,3.4
2026-03-06,Atlas Air,AT4518,London,Seoul,UK,South Korea,Europe,Asia Pacific,Via Strait of Hormuz,Via Red Sea–Suez route,8059,8952,893,5684.1,3.7
2026-03-06,Avianca,AV5852,Dubai,Istanbul,UAE,Turkey,Middle East,Middle East,Via Iran/Iraq corridor,Via Egypt–East Africa southern route,7088,9402,2314,16064.56,2.7
2026-03-06,Delta Air Lines,DE1056,Paris,Dubai,France,UAE,Europe,Middle East,Via Iran/Iraq corridor,Via Turkey–Kazakhstan northern route,9673,11635,1962,13407.51,2.8
2026-03-06,Qatar Airways,QA2575,Dubai,Toronto,UAE,Canada,Middle East,North America,Direct Gulf route,Via Jordan–Egypt alternate,9330,9781,451,1923.39,2.8
2026-03-06,South African Airways,SO6985,New York,Dubai,USA,UAE,North America,Middle East,Via Baghdad FIR,Via Ankara–Baku corridor,2316,3416,1100,6251.97,4.8
2026-03-06,Garuda Indonesia,GA2756,London,Toronto,UK,Canada,Europe,North America,Direct Gulf route,Via Jordan–Egypt alternate,10486,11458,972,5073.16,2.9
2026-03-06,Aeroflot,AE2561,Toronto,Doha,Canada,Qatar,North America,Middle East,Via Iran/Iraq corridor,Via Turkey–Kazakhstan northern route,10622,12589,1967,6889.82,3.3
2026-03-06,Air Arabia,AI6098,Tehran,Istanbul,Iran,Turkey,Middle East,Middle East,Direct Tehran overfly,Via Ashgabat–Almaty route,6612,7897,1285,8032.11,2.0
2026-03-06,TAP Air Portugal,TA3944,Paris,Shanghai,France,China,Europe,Asia Pacific,Direct Gulf route,Via Jordan–Egypt alternate,6828,7523,695,2712.23,4.6
2026-03-06,Royal Air Maroc,RO8940,Dubai,Mumbai,UAE,India,Middle East,South Asia,Via Strait of Hormuz,Via Red Sea–Suez route,5391,6418,1027,5399.28,3.3
2026-03-06,Royal Air Maroc,RO1760,London,Riyadh,UK,Saudi Arabia,Europe,Middle East,Via Persian Gulf,Via Indian Ocean southern route,9338,11255,1917,9422.64,5.9
2026-03-06,Gulf Air,GU5146,London,Riyadh,UK,Saudi Arabia,Europe,Middle East,Direct Tehran overfly,Via Ashgabat–Almaty route,6034,7834,1800,7055.72,5.3
2026-03-06,Azul Brazilian Airlines,AZ697,Dubai,Madrid,UAE,Spain,Middle East,Europe,Via Iran/Iraq corridor,Via Turkey–Kazakhstan northern route,3626,5699,2073,8472.49,1.4
2026-03-07,Southwest Airlines,SO3268,Doha,São Paulo,Qatar,Brazil,Middle East,Latin America,Direct Middle East overfly,Via Central Asian detour,4048,5891,1843,12641.6,5.2
2026-03-07,Emirates,EM6141,Riyadh,Cairo,Saudi Arabia,Egypt,Middle East,North Africa,Via Iran/Iraq corridor,Via Egypt–East Africa southern route,10212,12182,1970,12076.37,1.9
2026-03-07,Garuda Indonesia,GA8604,Dubai,Johannesburg,UAE,South Africa,Middle East,Africa,Via Iran/Iraq corridor,Via Turkey–Kazakhstan northern route,7822,8625,803,4868.77,1.5
2026-03-07,Malaysia Airlines,MA5721,Beijing,Dubai,China,UAE,Asia Pacific,Middle East,Via Iran/Iraq corridor,Via Egypt–East Africa southern route,7995,9847,1852,10523.73,5.6
2026-03-07,Gulf Air,GU8649,Riyadh,Islamabad,Saudi Arabia,Pakistan,Middle East,South Asia,Via Iran/Iraq corridor,Via Turkey–Kazakhstan northern route,7642,9733,2091,12752.65,0.4
2026-03-07,Lufthansa,LU2509,Madrid,Bogotá,Spain,Colombia,Europe,Latin America,Via Iran/Iraq corridor,Via Egypt–East Africa southern route,10495,12760,2265,9437.41,1.7
2026-03-07,Cargolux,CA3408,Guangzhou,Dubai,China,UAE,Asia Pacific,Middle East,Via Baghdad FIR,Via Ankara–Baku corridor,5352,6652,1300,9047.65,2.8
2026-03-07,American Airlines,AM8604,Moscow,Doha,Russia,Qatar,Europe,Middle East,Via Iran/Iraq corridor,Via Turkey–Kazakhstan northern route,9494,11034,1540,5632.49,4.9
2026-03-07,Thai Airways,TH3144,Johannesburg,Dubai,South Africa,UAE,Africa,Middle East,Via Iran/Iraq corridor,Via Egypt–East Africa southern route,11721,13704,1983,9042.14,3.9
2026-03-07,Finnair,FI8913,Karachi,Istanbul,Pakistan,Turkey,South Asia,Middle East,Via Iran/Iraq corridor,Via Egypt–East Africa southern route,4179,5381,1202,7653.7,3.8
2026-03-07,Oman Air,OM4214,Bahrain,London,Bahrain,UK,Middle East,Europe,Via Iran/Iraq corridor,Via Egypt–East Africa southern route,3319,4555,1236,8411.86,5.2
2026-03-07,Delta Air Lines,DE416,Dubai,Frankfurt,UAE,Germany,Middle East,Europe,Via Strait of Hormuz,Via Red Sea–Suez route,2854,3703,849,3366.64,4.7
2026-03-07,South African Airways,SO2178,London,Addis Ababa,UK,Ethiopia,Europe,Africa,Direct Middle East overfly,Via Central Asian detour,9943,11115,1172,7957.02,3.4
2026-03-07,Cathay Pacific,CA2947,Doha,New York,Qatar,USA,Middle East,North America,Via Persian Gulf,Via Indian Ocean southern route,2650,5924,3274,15133.86,4.2
2026-03-07,Aeromexico,AE5583,Doha,Shanghai,Qatar,China,Middle East,Asia Pacific,Direct Tehran overfly,Via Ashgabat–Almaty route,6862,8004,1142,5347.0,5.7
2026-03-07,Qatar Airways,QA1344,Muscat,London,Oman,UK,Middle East,Europe,Via Iran/Iraq corridor,Via Turkey–Kazakhstan northern route,6625,8572,1947,12630.56,2.6
2026-03-07,Air New Zealand,AI3308,Paris,Doha,France,Qatar,Europe,Middle East,Via Iran/Iraq corridor,Via Egypt–East Africa southern route,2640,4556,1916,11177.71,4.9
2026-03-07,Gulf Air,GU4624,Dubai,New York,UAE,USA,Middle East,North America,Via Strait of Hormuz,Via Red Sea–Suez route,10493,11253,760,5137.45,3.5
2026-03-07,Korean Air,KO434,Abu Dhabi,London,UAE,UK,Middle East,Europe,Direct Tehran overfly,Via Ashgabat–Almaty route,3938,4853,915,4797.68,1.7
2026-03-07,IndiGo,IN6341,Abu Dhabi,Sydney,UAE,Australia,Middle East,Asia Pacific,Via Baghdad FIR,Via Ankara–Baku corridor,11050,12248,1198,4282.08,4.0
2026-03-08,Japan Airlines,JA9142,London,Addis Ababa,UK,Ethiopia,Europe,Africa,Via Iran/Iraq corridor,Via Turkey–Kazakhstan northern route,10735,12172,1437,7990.06,5.5
2026-03-08,TAP Air Portugal,TA1248,Karachi,Dubai,Pakistan,UAE,South Asia,Middle East,Direct Middle East overfly,Via Central Asian detour,3896,5794,1898,9436.19,1.0
2026-03-08,Asiana Airlines,AS8532,Dubai,Kuala Lumpur,UAE,Malaysia,Middle East,Asia Pacific,Via Baghdad FIR,Via Ankara–Baku corridor,10425,11558,1133,4454.92,2.9
2026-03-08,SAS,SA9462,Tehran,Istanbul,Iran,Turkey,Middle East,Middle East,Direct Gulf route,Via Jordan–Egypt alternate,10397,11152,755,4065.88,5.0
2026-03-08,Southwest Airlines,SO5439,Singapore,London,Singapore,UK,Asia Pacific,Europe,Via Persian Gulf,Via Indian Ocean southern route,8446,9715,1269,7398.93,0.4
2026-03-08,Qantas,QA964,Sydney,Dubai,Australia,UAE,Asia Pacific,Middle East,Direct Middle East overfly,Via Central Asian detour,5259,7285,2026,11428.64,4.4
2026-03-08,South African Airways,SO9008,Madrid,Dubai,Spain,UAE,Europe,Middle East,Via Baghdad FIR,Via Ankara–Baku corridor,10938,12003,1065,5409.49,1.6
2026-03-08,Thai Airways,TH4902,Shanghai,Paris,China,France,Asia Pacific,Europe,Direct Tehran overfly,Via Ashgabat–Almaty route,8894,10139,1245,6253.58,3.3
2026-03-08,Oman Air,OM6331,Addis Ababa,Doha,Ethiopia,Qatar,Africa,Middle East,Via Persian Gulf,Via Indian Ocean southern route,10115,12844,2729,14834.22,4.7
2026-03-08,Saudi Arabian Airlines,SA8041,Cairo,Riyadh,Egypt,Saudi Arabia,North Africa,Middle East,Via Baghdad FIR,Via Ankara–Baku corridor,4146,4823,677,4695.59,5.3
2026-03-08,Emirates,EM1108,Madrid,Dubai,Spain,UAE,Europe,Middle East,Via Baghdad FIR,Via Ankara–Baku corridor,8077,9543,1466,7641.78,4.4
2026-03-08,ANA,AN7102,Dubai,Paris,UAE,France,Middle East,Europe,Via Iran/Iraq corridor,Via Turkey–Kazakhstan northern route,10126,11003,877,6077.82,2.1
2026-03-08,Air France,AI9712,Dubai,Singapore,UAE,Singapore,Middle East,Asia Pacific,Via Iran/Iraq corridor,Via Egypt–East Africa southern route,11974,13185,1211,7276.57,3.4
2026-03-08,Delta Air Lines,DE5594,Dubai,Karachi,UAE,Pakistan,Middle East,South Asia,Direct Gulf route,Via Jordan–Egypt alternate,5529,6015,486,3305.59,4.1
2026-03-08,Air India,AI7868,Istanbul,Dubai,Turkey,UAE,Middle East,Middle East,Via Baghdad FIR,Via Ankara–Baku corridor,11876,13237,1361,6709.25,2.6
2026-03-08,Air India,AI7328,Abu Dhabi,Washington,UAE,USA,Middle East,North America,Via Baghdad FIR,Via Ankara–Baku corridor,6378,6926,548,3544.26,2.8
2026-03-08,Cathay Pacific,CA1111,Nairobi,Dubai,Kenya,UAE,Africa,Middle East,Via Iran/Iraq corridor,Via Turkey–Kazakhstan northern route,7047,8273,1226,7115.85,1.5
2026-03-09,Cathay Pacific,CA9564,Moscow,Doha,Russia,Qatar,Europe,Middle East,Via Baghdad FIR,Via Ankara–Baku corridor,2241,2764,523,2824.57,1.8
2026-03-09,Avianca,AV6257,Dubai,Amman,UAE,Jordan,Middle East,Middle East,Via Iran/Iraq corridor,Via Egypt–East Africa southern route,5387,6804,1417,5705.02,5.8
2026-03-09,flynas,FL4231,Dubai,New York,UAE,USA,Middle East,North America,Via Strait of Hormuz,Via Red Sea–Suez route,6001,6621,620,3160.88,4.1
2026-03-09,Cathay Pacific,CA6979,Doha,Moscow,Qatar,Russia,Middle East,Europe,Via Strait of Hormuz,Via Red Sea–Suez route,2424,3787,1363,5321.33,5.8
2026-03-09,Delta Air Lines,DE9207,Dubai,Moscow,UAE,Russia,Middle East,Europe,Direct Middle East overfly,Via Central Asian detour,11139,13535,2396,15278.33,0.5
2026-03-09,DHL Aviation,DH6431,Addis Ababa,London,Ethiopia,UK,Africa,Europe,Direct Tehran overfly,Via Ashgabat–Almaty route,9385,10651,1266,8513.64,3.5
2026-03-09,LATAM Airlines,LA5372,New York,Doha,USA,Qatar,North America,Middle East,Via Baghdad FIR,Via Ankara–Baku corridor,2731,4087,1356,9284.65,4.8
2026-03-09,Cathay Pacific,CA2026,Tehran,Istanbul,Iran,Turkey,Middle East,Middle East,Via Baghdad FIR,Via Ankara–Baku corridor,8743,9767,1024,4396.85,0.9
2026-03-09,Air France,AI2233,London,Santiago,UK,Chile,Europe,Latin America,Via Baghdad FIR,Via Ankara–Baku corridor,11163,12247,1084,6701.51,4.7
2026-03-09,Emirates SkyCargo,EM3367,Doha,Moscow,Qatar,Russia,Middle East,Europe,Via Persian Gulf,Via Indian Ocean southern route,5334,6643,1309,8361.3,4.2
2026-03-09,Emirates,EM3649,Amman,Dubai,Jordan,UAE,Middle East,Middle East,Via Iran/Iraq corridor,Via Turkey–Kazakhstan northern route,4386,6318,1932,11938.79,3.5
2026-03-09,Singapore Airlines,SI3893,Abu Dhabi,Sydney,UAE,Australia,Middle East,Asia Pacific,Via Baghdad FIR,Via Ankara–Baku corridor,6562,7427,865,3502.51,2.4
2026-03-09,China Southern,CH300,Doha,Paris,Qatar,France,Middle East,Europe,Direct Tehran overfly,Via Ashgabat–Almaty route,8109,9568,1459,6976.63,1.2
2026-03-09,Avianca,AV3614,London,Dubai,UK,UAE,Europe,Middle East,Via Persian Gulf,Via Indian Ocean southern route,6765,9799,3034,18250.6,1.0
2026-03-09,WestJet,WE2800,New York,Doha,USA,Qatar,North America,Middle East,Direct Middle East overfly,Via Central Asian detour,4724,7183,2459,12771.69,5.1
2026-03-09,Qantas,QA6141,London,Muscat,UK,Oman,Europe,Middle East,Via Iran/Iraq corridor,Via Turkey–Kazakhstan northern route,6877,8552,1675,7655.64,3.6
2026-03-09,LOT Polish Airlines,LO8567,Sydney,Singapore,Australia,Singapore,Asia Pacific,Asia Pacific,Via Iran/Iraq corridor,Via Turkey–Kazakhstan northern route,7070,8764,1694,7415.99,5.7
2026-03-09,Japan Airlines,JA6932,Tokyo,Singapore,Japan,Singapore,Asia Pacific,Asia Pacific,Via Baghdad FIR,Via Ankara–Baku corridor,4456,5552,1096,5834.24,1.3
2026-03-10,LATAM Airlines,LA7258,Beijing,London,China,UK,Asia Pacific,Europe,Via Persian Gulf,Via Indian Ocean southern route,2357,3944,1587,9980.55,4.7
2026-03-10,FedEx Express,FE4752,Jakarta,Dubai,Indonesia,UAE,Asia Pacific,Middle East,Via Strait of Hormuz,Via Red Sea–Suez route,8251,9849,1598,6614.23,4.0
2026-03-10,DHL Aviation,DH6647,Helsinki,Dubai,Finland,UAE,Europe,Middle East,Via Strait of Hormuz,Via Red Sea–Suez route,2336,3227,891,4692.08,1.6
2026-03-10,LOT Polish Airlines,LO4982,London,Nairobi,UK,Kenya,Europe,Africa,Via Iran/Iraq corridor,Via Turkey–Kazakhstan northern route,2172,3709,1537,7351.59,1.8
2026-03-10,Ryanair,RY930,São Paulo,Dubai,Brazil,UAE,Latin America,Middle East,Direct Tehran overfly,Via Ashgabat–Almaty route,9008,10576,1568,6290.32,2.2
2026-03-10,Oman Air,OM2100,Casablanca,Dubai,Morocco,UAE,Africa,Middle East,Via Iran/Iraq corridor,Via Egypt–East Africa southern route,9063,10894,1831,9124.63,0.7
2026-03-10,Cargolux,CA8453,Moscow,Dubai,Russia,UAE,Europe,Middle East,Direct Middle East overfly,Via Central Asian detour,8431,10432,2001,8313.91,2.6
2026-03-10,Kuwait Airways,KU5407,Addis Ababa,Dubai,Ethiopia,UAE,Africa,Middle East,Via Strait of Hormuz,Via Red Sea–Suez route,9371,10581,1210,4898.26,0.9
2026-03-10,Iran Air,IR3835,Tehran,Istanbul,Iran,Turkey,Middle East,Middle East,Via Iran/Iraq corridor,Via Turkey–Kazakhstan northern route,10462,11939,1477,10280.82,2.3
2026-03-10,Air France,AI466,Doha,Ho Chi Minh City,Qatar,Vietnam,Middle East,Asia Pacific,Via Strait of Hormuz,Via Red Sea–Suez route,6976,7822,846,3530.61,2.6
2026-03-10,Pakistan International Airlines,PA4434,Dubai,Islamabad,UAE,Pakistan,Middle East,South Asia,Via Strait of Hormuz,Via Red Sea–Suez route,9294,10719,1425,8337.32,1.5
2026-03-11,Emirates SkyCargo,EM330,London,Singapore,UK,Singapore,Europe,Asia Pacific,Via Iran/Iraq corridor,Via Turkey–Kazakhstan northern route,11014,12670,1656,7138.4,3.7
2026-03-11,Vietnam Airlines,VI4994,Dubai,Nairobi,UAE,Kenya,Middle East,Africa,Via Baghdad FIR,Via Ankara–Baku corridor,5176,5851,675,2641.69,5.1
2026-03-11,Royal Air Maroc,RO195,Doha,Los Angeles,Qatar,USA,Middle East,North America,Via Strait of Hormuz,Via Red Sea–Suez route,9978,11692,1714,10022.41,5.8
2026-03-11,Aeromexico,AE1545,London,Johannesburg,UK,South Africa,Europe,Africa,Via Strait of Hormuz,Via Red Sea–Suez route,9154,10836,1682,8584.61,1.2
2026-03-11,Delta Air Lines,DE6260,Tokyo,London,Japan,UK,Asia Pacific,Europe,Via Iran/Iraq corridor,Via Turkey–Kazakhstan northern route,3288,4302,1014,6579.77,4.2
2026-03-11,South African Airways,SO4006,London,Singapore,UK,Singapore,Europe,Asia Pacific,Via Strait of Hormuz,Via Red Sea–Suez route,2471,3193,722,2777.68,1.6
2026-03-11,United Airlines,UN2957,Karachi,Dubai,Pakistan,UAE,South Asia,Middle East,Direct Tehran overfly,Via Ashgabat–Almaty route,8381,9609,1228,6930.14,3.6
2026-03-11,Kuwait Airways,KU6054,Doha,Toronto,Qatar,Canada,Middle East,North America,Via Persian Gulf,Via Indian Ocean southern route,2465,4051,1586,7641.42,4.6
2026-03-11,Royal Air Maroc,RO6323,Moscow,Dubai,Russia,UAE,Europe,Middle East,Direct Middle East overfly,Via Central Asian detour,7813,9765,1952,7283.66,4.9
2026-03-11,Air China,AI3494,Frankfurt,Dubai,Germany,UAE,Europe,Middle East,Via Strait of Hormuz,Via Red Sea–Suez route,2930,3829,899,4999.3,4.3
2026-03-11,Gulf Air,GU2740,Dubai,Singapore,UAE,Singapore,Middle East,Asia Pacific,Via Iran/Iraq corridor,Via Turkey–Kazakhstan northern route,7318,9330,2012,9198.14,2.0
2026-03-11,Iran Air,IR7929,Dubai,Singapore,UAE,Singapore,Middle East,Asia Pacific,Via Persian Gulf,Via Indian Ocean southern route,9262,10833,1571,10010.57,0.4
2026-03-11,Finnair,FI3714,Delhi,Dubai,India,UAE,South Asia,Middle East,Via Persian Gulf,Via Indian Ocean southern route,8185,10278,2093,10722.92,3.0
2026-03-11,Qatar Airways,QA6250,Doha,São Paulo,Qatar,Brazil,Middle East,Latin America,Via Strait of Hormuz,Via Red Sea–Suez route,4595,5400,805,4035.91,1.4
2026-03-11,Aeromexico,AE3774,Doha,Mumbai,Qatar,India,Middle East,South Asia,Direct Gulf route,Via Jordan–Egypt alternate,6506,7318,812,5269.59,5.4
2026-03-11,Thai Airways,TH3287,Kuwait City,Mumbai,Kuwait,India,Middle East,South Asia,Via Iran/Iraq corridor,Via Turkey–Kazakhstan northern route,7103,8424,1321,6714.48,4.3
2026-03-11,Etihad Airways,ET9542,Singapore,Tokyo,Singapore,Japan,Asia Pacific,Asia Pacific,Via Baghdad FIR,Via Ankara–Baku corridor,4131,5411,1280,8515.85,4.0
2026-03-11,Iran Air,IR7483,Sydney,London,Australia,UK,Asia Pacific,Europe,Via Iran/Iraq corridor,Via Turkey–Kazakhstan northern route,3163,4888,1725,8692.64,3.2
2026-03-12,FedEx Express,FE8366,Moscow,Doha,Russia,Qatar,Europe,Middle East,Via Baghdad FIR,Via Ankara–Baku corridor,11958,12521,563,2113.99,2.7
2026-03-12,Kuwait Airways,KU2498,Delhi,Dubai,India,UAE,South Asia,Middle East,Direct Gulf route,Via Jordan–Egypt alternate,9069,10066,997,4606.38,0.5
2026-03-12,Garuda Indonesia,GA2812,Lahore,Doha,Pakistan,Qatar,South Asia,Middle East,Via Baghdad FIR,Via Ankara–Baku corridor,6260,7438,1178,5850.67,0.5
2026-03-12,Delta Air Lines,DE8888,Frankfurt,Dubai,Germany,UAE,Europe,Middle East,Via Iran/Iraq corridor,Via Turkey–Kazakhstan northern route,8407,10484,2077,8250.79,3.0
2026-03-12,Qantas,QA2660,Dubai,Vancouver,UAE,Canada,Middle East,North America,Direct Gulf route,Via Jordan–Egypt alternate,2314,3328,1014,6042.0,1.3
2026-03-12,Etihad Airways,ET8253,Moscow,Doha,Russia,Qatar,Europe,Middle East,Direct Middle East overfly,Via Central Asian detour,9879,12118,2239,13496.15,4.2
2026-03-12,Korean Air,KO4486,Beijing,Frankfurt,China,Germany,Asia Pacific,Europe,Direct Middle East overfly,Via Central Asian detour,11984,13166,1182,4757.08,1.9
2026-03-12,Copa Airlines,CO532,London,Bahrain,UK,Bahrain,Europe,Middle East,Via Iran/Iraq corridor,Via Egypt–East Africa southern route,6107,7130,1023,6403.14,3.8
2026-03-12,United Airlines,UN3431,London,Johannesburg,UK,South Africa,Europe,Africa,Via Strait of Hormuz,Via Red Sea–Suez route,3523,4834,1311,5947.73,1.5
2026-03-12,Japan Airlines,JA3175,Dubai,Karachi,UAE,Pakistan,Middle East,South Asia,Direct Middle East overfly,Via Central Asian detour,11107,12754,1647,6954.28,0.5
2026-03-12,Malaysia Airlines,MA8538,Dubai,Karachi,UAE,Pakistan,Middle East,South Asia,Via Persian Gulf,Via Indian Ocean southern route,7327,8809,1482,10142.46,4.9
2026-03-12,ANA,AN1450,Dubai,Zurich,UAE,Switzerland,Middle East,Europe,Via Iran/Iraq corridor,Via Turkey–Kazakhstan northern route,3100,4566,1466,6839.24,5.7
2026-03-12,WestJet,WE4944,Dubai,Zurich,UAE,Switzerland,Middle East,Europe,Via Persian Gulf,Via Indian Ocean southern route,3089,5565,2476,11681.28,4.0
2026-03-12,Iberia,IB2978,Dubai,Johannesburg,UAE,South Africa,Middle East,Africa,Direct Gulf route,Via Jordan–Egypt alternate,10671,11848,1177,5829.46,0.6
2026-03-12,Air China,AI3257,London,Singapore,UK,Singapore,Europe,Asia Pacific,Via Baghdad FIR,Via Ankara–Baku corridor,10573,11111,538,2101.07,2.5
2026-03-12,Jazeera Airways,JA1501,Dubai,Mumbai,UAE,India,Middle East,South Asia,Via Baghdad FIR,Via Ankara–Baku corridor,9050,10488,1438,5329.66,5.9
2026-03-13,Malaysia Airlines,MA7572,Dubai,Chicago,UAE,USA,Middle East,North America,Via Persian Gulf,Via Indian Ocean southern route,3512,5636,2124,11651.58,1.6
2026-03-13,Lufthansa,LU5893,Beijing,Frankfurt,China,Germany,Asia Pacific,Europe,Direct Gulf route,Via Jordan–Egypt alternate,8681,9617,936,3805.25,5.1
2026-03-13,Cargolux,CA4720,Kuala Lumpur,London,Malaysia,UK,Asia Pacific,Europe,Direct Tehran overfly,Via Ashgabat–Almaty route,7653,9219,1566,9718.21,5.3
2026-03-13,South African Airways,SO462,Los Angeles,London,USA,UK,North America,Europe,Direct Middle East overfly,Via Central Asian detour,9845,12074,2229,13969.62,4.0
2026-03-13,SAS,SA2959,London,Sydney,UK,Australia,Europe,Asia Pacific,Via Strait of Hormuz,Via Red Sea–Suez route,7787,9478,1691,6166.48,0.5
2026-03-13,Atlas Air,AT7475,Toronto,London,Canada,UK,North America,Europe,Direct Tehran overfly,Via Ashgabat–Almaty route,11328,12346,1018,6399.86,5.5
2026-03-13,Aeroflot,AE711,Dubai,New York,UAE,USA,Middle East,North America,Via Iran/Iraq corridor,Via Egypt–East Africa southern route,2575,5113,2538,12052.84,5.6
2026-03-13,Finnair,FI9812,Tehran,Istanbul,Iran,Turkey,Middle East,Middle East,Via Strait of Hormuz,Via Red Sea–Suez route,11135,12565,1430,8968.86,0.9
2026-03-13,China Eastern,CH7833,Paris,Doha,France,Qatar,Europe,Middle East,Via Baghdad FIR,Via Ankara–Baku corridor,2575,3883,1308,7809.79,2.3
2026-03-13,Air France,AI3623,Beijing,Tehran,China,Iran,Asia Pacific,Middle East,Via Strait of Hormuz,Via Red Sea–Suez route,7218,8376,1158,7359.65,3.5
2026-03-13,KLM,KL2123,Frankfurt,Beijing,Germany,China,Europe,Asia Pacific,Via Baghdad FIR,Via Ankara–Baku corridor,5748,6524,776,4810.7,2.0
2026-03-13,WestJet,WE3186,Dubai,Frankfurt,UAE,Germany,Middle East,Europe,Direct Gulf route,Via Jordan–Egypt alternate,3916,4546,630,2559.9,2.7
2026-03-14,Delta Air Lines,DE1700,Cairo,Riyadh,Egypt,Saudi Arabia,North Africa,Middle East,Via Baghdad FIR,Via Ankara–Baku corridor,9448,10071,623,3524.8,3.9
2026-03-14,Air Algerie,AI4747,Istanbul,Dubai,Turkey,UAE,Middle East,Middle East,Direct Gulf route,Via Jordan–Egypt alternate,10248,10728,480,3010.14,2.3
2026-03-14,Saudi Arabian Airlines,SA2439,London,Johannesburg,UK,South Africa,Europe,Africa,Via Strait of Hormuz,Via Red Sea–Suez route,5085,5803,718,4398.41,0.7
2026-03-14,Etihad Airways,ET6116,London,Tokyo,UK,Japan,Europe,Asia Pacific,Via Iran/Iraq corridor,Via Egypt–East Africa southern route,9723,11318,1595,5829.07,4.9
2026-03-14,United Airlines,UN9228,Dubai,Bahrain,UAE,Bahrain,Middle East,Middle East,Via Persian Gulf,Via Indian Ocean southern route,9660,11722,2062,10876.61,4.5
2026-03-14,Ryanair,RY2470,Dubai,Johannesburg,UAE,South Africa,Middle East,Africa,Via Persian Gulf,Via Indian Ocean southern route,5982,7589,1607,8424.11,4.8
2026-03-14,WestJet,WE8163,Singapore,Sydney,Singapore,Australia,Asia Pacific,Asia Pacific,Via Persian Gulf,Via Indian Ocean southern route,3214,4859,1645,9511.59,4.8
2026-03-14,United Airlines,UN3540,London,Dubai,UK,UAE,Europe,Middle East,Via Iran/Iraq corridor,Via Egypt–East Africa southern route,9226,10532,1306,7259.4,2.2
2026-03-14,easyJet,EA911,Dubai,Karachi,UAE,Pakistan,Middle East,South Asia,Via Iran/Iraq corridor,Via Turkey–Kazakhstan northern route,7049,7862,813,4177.0,0.6
2026-03-14,Air Arabia,AI3232,London,Los Angeles,UK,USA,Europe,North America,Via Iran/Iraq corridor,Via Turkey–Kazakhstan northern route,5228,6670,1442,7137.54,1.8
2026-03-15,Ryanair,RY1349,Beirut,Paris,Lebanon,France,Middle East,Europe,Via Strait of Hormuz,Via Red Sea–Suez route,3575,5006,1431,7411.44,2.7
2026-03-15,Wizz Air,WI9422,Singapore,London,Singapore,UK,Asia Pacific,Europe,Direct Gulf route,Via Jordan–Egypt alternate,7912,8681,769,3456.95,0.5
2026-03-15,Oman Air,OM8490,London,Los Angeles,UK,USA,Europe,North America,Via Strait of Hormuz,Via Red Sea–Suez route,4979,6563,1584,8762.22,2.0
2026-03-15,Saudi Arabian Airlines,SA8240,Delhi,Istanbul,India,Turkey,South Asia,Middle East,Via Persian Gulf,Via Indian Ocean southern route,3981,6143,2162,12750.46,2.7
2026-03-15,Vietnam Airlines,VI7271,Dubai,Jakarta,UAE,Indonesia,Middle East,Asia Pacific,Direct Middle East overfly,Via Central Asian detour,3646,5121,1475,7847.09,1.5
2026-03-15,Malaysia Airlines,MA3309,Moscow,Doha,Russia,Qatar,Europe,Middle East,Via Strait of Hormuz,Via Red Sea–Suez route,4745,5655,910,4697.65,4.0
2026-03-15,Garuda Indonesia,GA7324,Stockholm,Dubai,Sweden,UAE,Europe,Middle East,Direct Tehran overfly,Via Ashgabat–Almaty route,7007,8390,1383,6025.41,4.5
2026-03-15,Malaysia Airlines,MA624,Lahore,Doha,Pakistan,Qatar,South Asia,Middle East,Via Baghdad FIR,Via Ankara–Baku corridor,8449,9308,859,4375.41,3.3
2026-03-15,Aeromexico,AE4761,Singapore,London,Singapore,UK,Asia Pacific,Europe,Via Iran/Iraq corridor,Via Egypt–East Africa southern route,6236,8115,1879,9850.94,3.3
2026-03-15,Wizz Air,WI2624,Sydney,Abu Dhabi,Australia,UAE,Asia Pacific,Middle East,Direct Middle East overfly,Via Central Asian detour,7427,8613,1186,6419.9,0.8
2026-03-15,Oman Air,OM7770,Dubai,Istanbul,UAE,Turkey,Middle East,Middle East,Via Persian Gulf,Via Indian Ocean southern route,7461,10691,3230,20281.3,6.0
2026-03-15,Turkish Airlines,TU9568,London,Addis Ababa,UK,Ethiopia,Europe,Africa,Via Strait of Hormuz,Via Red Sea–Suez route,9015,10440,1425,7762.85,3.9
2026-03-15,Air Arabia,AI8520,Singapore,Tokyo,Singapore,Japan,Asia Pacific,Asia Pacific,Direct Tehran overfly,Via Ashgabat–Almaty route,7475,8505,1030,4909.09,4.5
2026-03-15,flydubai,FL5355,Dubai,Tokyo,UAE,Japan,Middle East,Asia Pacific,Via Strait of Hormuz,Via Red Sea–Suez route,9026,10084,1058,4492.66,5.3
2026-03-15,Kuwait Airways,KU4843,Riyadh,Cairo,Saudi Arabia,Egypt,Middle East,North Africa,Via Baghdad FIR,Via Ankara–Baku corridor,7382,8443,1061,5835.14,1.0
2026-03-16,American Airlines,AM2413,Abu Dhabi,London,UAE,UK,Middle East,Europe,Via Persian Gulf,Via Indian Ocean southern route,5382,7396,2014,13199.38,5.0
2026-03-16,Jazeera Airways,JA7985,Santiago,Dubai,Chile,UAE,Latin America,Middle East,Via Iran/Iraq corridor,Via Turkey–Kazakhstan northern route,8098,9962,1864,12752.38,2.7
2026-03-16,Asiana Airlines,AS6783,Islamabad,Riyadh,Pakistan,Saudi Arabia,South Asia,Middle East,Direct Middle East overfly,Via Central Asian detour,10446,11611,1165,7308.84,3.2
2026-03-16,Gulf Air,GU2965,London,Sydney,UK,Australia,Europe,Asia Pacific,Via Iran/Iraq corridor,Via Turkey–Kazakhstan northern route,8014,10058,2044,13739.94,2.9
2026-03-16,Air France,AI8469,Dubai,Warsaw,UAE,Poland,Middle East,Europe,Via Iran/Iraq corridor,Via Egypt–East Africa southern route,8156,10675,2519,16742.45,3.3
2026-03-16,easyJet,EA9918,Doha,Mumbai,Qatar,India,Middle East,South Asia,Via Iran/Iraq corridor,Via Egypt–East Africa southern route,7777,9634,1857,7301.49,3.5
2026-03-16,Garuda Indonesia,GA3619,Dubai,Beijing,UAE,China,Middle East,Asia Pacific,Via Iran/Iraq corridor,Via Turkey–Kazakhstan northern route,8678,10077,1399,7050.32,1.2
2026-03-16,Swiss International Air Lines,SW8531,Toronto,Doha,Canada,Qatar,North America,Middle East,Via Iran/Iraq corridor,Via Egypt–East Africa southern route,3792,4861,1069,6829.85,0.8
2026-03-16,Asiana Airlines,AS3506,Dubai,Karachi,UAE,Pakistan,Middle East,South Asia,Direct Tehran overfly,Via Ashgabat–Almaty route,9404,11278,1874,6970.03,2.8
2026-03-16,Air Arabia,AI2778,London,São Paulo,UK,Brazil,Europe,Latin America,Via Iran/Iraq corridor,Via Turkey–Kazakhstan northern route,4185,5566,1381,7935.77,2.6
2026-03-16,SAS,SA5450,Dubai,Johannesburg,UAE,South Africa,Middle East,Africa,Via Strait of Hormuz,Via Red Sea–Suez route,6299,7427,1128,5291.57,1.1
2026-03-17,Iran Air,IR9595,Cairo,Riyadh,Egypt,Saudi Arabia,North Africa,Middle East,Via Strait of Hormuz,Via Red Sea–Suez route,4136,4761,625,2633.93,4.2
2026-03-17,flynas,FL506,Moscow,Dubai,Russia,UAE,Europe,Middle East,Via Persian Gulf,Via Indian Ocean southern route,7522,10021,2499,10933.59,3.2
2026-03-17,FedEx Express,FE7113,Nairobi,Dubai,Kenya,UAE,Africa,Middle East,Via Iran/Iraq corridor,Via Egypt–East Africa southern route,9721,11163,1442,5660.19,5.5
2026-03-17,Malaysia Airlines,MA7126,Dubai,London,UAE,UK,Middle East,Europe,Via Iran/Iraq corridor,Via Turkey–Kazakhstan northern route,4365,6249,1884,12047.95,5.8
2026-03-17,Emirates SkyCargo,EM4316,Dubai,Jakarta,UAE,Indonesia,Middle East,Asia Pacific,Via Iran/Iraq corridor,Via Egypt–East Africa southern route,8969,11566,2597,10348.33,1.2
2026-03-17,Gulf Air,GU7116,New York,Riyadh,USA,Saudi Arabia,North America,Middle East,Direct Gulf route,Via Jordan–Egypt alternate,3420,4511,1091,6239.34,4.6
2026-03-17,Oman Air,OM5798,Islamabad,Riyadh,Pakistan,Saudi Arabia,South Asia,Middle East,Direct Middle East overfly,Via Central Asian detour,11379,12767,1388,8764.56,5.3
2026-03-17,Ethiopian Airlines,ET4892,Addis Ababa,Dubai,Ethiopia,UAE,Africa,Middle East,Via Strait of Hormuz,Via Red Sea–Suez route,10757,12340,1583,5543.73,3.9
2026-03-17,Asiana Airlines,AS8530,Dubai,London,UAE,UK,Middle East,Europe,Via Iran/Iraq corridor,Via Egypt–East Africa southern route,8021,9788,1767,11072.37,1.8
2026-03-17,Avianca,AV3928,Dubai,Karachi,UAE,Pakistan,Middle East,South Asia,Via Iran/Iraq corridor,Via Egypt–East Africa southern route,4168,5686,1518,8199.68,0.7
2026-03-17,Azul Brazilian Airlines,AZ2268,Singapore,Sydney,Singapore,Australia,Asia Pacific,Asia Pacific,Via Persian Gulf,Via Indian Ocean southern route,6980,9904,2924,11689.61,5.8
2026-03-18,Qatar Airways,QA3122,Guangzhou,Dubai,China,UAE,Asia Pacific,Middle East,Direct Middle East overfly,Via Central Asian detour,5639,7235,1596,10814.59,2.8
2026-03-18,Delta Air Lines,DE2020,Dubai,Karachi,UAE,Pakistan,Middle East,South Asia,Via Baghdad FIR,Via Ankara–Baku corridor,7658,8394,736,4922.29,4.3
2026-03-18,Ryanair,RY663,Dubai,Nairobi,UAE,Kenya,Middle East,Africa,Via Strait of Hormuz,Via Red Sea–Suez route,11808,12989,1181,5165.01,1.5
2026-03-18,SpiceJet,SP8345,Dubai,Casablanca,UAE,Morocco,Middle East,Africa,Direct Tehran overfly,Via Ashgabat–Almaty route,5153,6647,1494,10397.47,1.6
2026-03-18,Air New Zealand,AI6416,Dubai,Helsinki,UAE,Finland,Middle East,Europe,Direct Gulf route,Via Jordan–Egypt alternate,11670,12683,1013,5300.01,1.1
2026-03-18,Cathay Pacific,CA2677,Dubai,Bangkok,UAE,Thailand,Middle East,Asia Pacific,Via Persian Gulf,Via Indian Ocean southern route,5945,9138,3193,11304.41,4.8
2026-03-18,LOT Polish Airlines,LO1209,Singapore,Los Angeles,Singapore,USA,Asia Pacific,North America,Via Baghdad FIR,Via Ankara–Baku corridor,9875,10728,853,4728.93,4.8
2026-03-18,Vietnam Airlines,VI6468,London,Kuwait City,UK,Kuwait,Europe,Middle East,Direct Gulf route,Via Jordan–Egypt alternate,2347,3035,688,3303.57,1.6
2026-03-19,Japan Airlines,JA3036,Dubai,Islamabad,UAE,Pakistan,Middle East,South Asia,Via Iran/Iraq corridor,Via Egypt–East Africa southern route,6382,7546,1164,7936.37,4.7
2026-03-19,Iberia,IB9599,Riyadh,Cairo,Saudi Arabia,Egypt,Middle East,North Africa,Via Iran/Iraq corridor,Via Egypt–East Africa southern route,5362,7386,2024,8157.73,0.6
2026-03-19,Asiana Airlines,AS6291,Warsaw,Dubai,Poland,UAE,Europe,Middle East,Direct Middle East overfly,Via Central Asian detour,6638,8503,1865,7372.12,3.9
2026-03-19,Ethiopian Airlines,ET5277,Cairo,Kuwait City,Egypt,Kuwait,North Africa,Middle East,Via Iran/Iraq corridor,Via Egypt–East Africa southern route,2939,4599,1660,9052.16,4.9
2026-03-19,Aeroflot,AE102,Islamabad,Dubai,Pakistan,UAE,South Asia,Middle East,Via Persian Gulf,Via Indian Ocean southern route,5860,7420,1560,8113.51,4.4
2026-03-19,Malaysia Airlines,MA211,Doha,Moscow,Qatar,Russia,Middle East,Europe,Via Iran/Iraq corridor,Via Egypt–East Africa southern route,5274,7434,2160,7739.2,5.5
2026-03-19,SpiceJet,SP749,Los Angeles,Singapore,USA,Singapore,North America,Asia Pacific,Via Strait of Hormuz,Via Red Sea–Suez route,6903,8216,1313,7121.41,0.9
2026-03-19,Ethiopian Airlines,ET6531,Shanghai,Paris,China,France,Asia Pacific,Europe,Direct Tehran overfly,Via Ashgabat–Almaty route,4231,5705,1474,8378.6,4.9
2026-03-19,Oman Air,OM4533,Beijing,Frankfurt,China,Germany,Asia Pacific,Europe,Via Iran/Iraq corridor,Via Turkey–Kazakhstan northern route,8466,10265,1799,9461.08,1.5
2026-03-19,SpiceJet,SP2960,Dubai,Paris,UAE,France,Middle East,Europe,Via Baghdad FIR,Via Ankara–Baku corridor,11124,11977,853,5898.18,1.6
2026-03-19,Finnair,FI2037,London,Beijing,UK,China,Europe,Asia Pacific,Via Persian Gulf,Via Indian Ocean southern route,4034,6937,2903,18485.72,3.2
2026-03-19,Atlas Air,AT3032,Doha,Lisbon,Qatar,Portugal,Middle East,Europe,Via Iran/Iraq corridor,Via Turkey–Kazakhstan northern route,5266,6294,1028,5865.47,5.9
2026-03-19,Pakistan International Airlines,PA2226,London,Kuala Lumpur,UK,Malaysia,Europe,Asia Pacific,Direct Middle East overfly,Via Central Asian detour,10685,12187,1502,6372.67,4.6
2026-03-19,Asiana Airlines,AS6677,Dubai,Stockholm,UAE,Sweden,Middle East,Europe,Direct Middle East overfly,Via Central Asian detour,5227,6646,1419,7788.44,4.8
2026-03-19,Iberia,IB3718,Beijing,Tehran,China,Iran,Asia Pacific,Middle East,Direct Gulf route,Via Jordan–Egypt alternate,7236,7866,630,3034.51,3.0
2026-03-19,Singapore Airlines,SI7501,London,Tokyo,UK,Japan,Europe,Asia Pacific,Via Persian Gulf,Via Indian Ocean southern route,5603,8266,2663,17402.02,1.7
2026-03-20,Cargolux,CA8649,Mexico City,London,Mexico,UK,Latin America,Europe,Direct Tehran overfly,Via Ashgabat–Almaty route,8528,9670,1142,6654.48,1.4
2026-03-20,SpiceJet,SP6772,Singapore,London,Singapore,UK,Asia Pacific,Europe,Via Baghdad FIR,Via Ankara–Baku corridor,2259,3712,1453,8005.12,5.2
2026-03-20,Wizz Air,WI1486,Doha,Seoul,Qatar,South Korea,Middle East,Asia Pacific,Via Iran/Iraq corridor,Via Turkey–Kazakhstan northern route,5027,6928,1901,12783.65,0.6
2026-03-20,Delta Air Lines,DE5459,Dubai,Guangzhou,UAE,China,Middle East,Asia Pacific,Via Iran/Iraq corridor,Via Egypt–East Africa southern route,11309,13837,2528,8891.98,3.2
2026-03-20,Southwest Airlines,SO9826,Santiago,Dubai,Chile,UAE,Latin America,Middle East,Via Baghdad FIR,Via Ankara–Baku corridor,7265,7817,552,2150.06,4.0
2026-03-20,Kenya Airways,KE9480,Tehran,Beijing,Iran,China,Middle East,Asia Pacific,Direct Gulf route,Via Jordan–Egypt alternate,8435,9085,650,4539.63,2.7
2026-03-20,SpiceJet,SP3733,Sydney,London,Australia,UK,Asia Pacific,Europe,Direct Gulf route,Via Jordan–Egypt alternate,6863,7810,947,5733.28,3.0
2026-03-20,flynas,FL4058,Washington,Abu Dhabi,USA,UAE,North America,Middle East,Direct Tehran overfly,Via Ashgabat–Almaty route,8321,9200,879,5429.53,2.6
2026-03-20,LOT Polish Airlines,LO9015,Los Angeles,Singapore,USA,Singapore,North America,Asia Pacific,Via Iran/Iraq corridor,Via Egypt–East Africa southern route,11788,14125,2337,10658.12,0.9
2026-03-20,Saudi Arabian Airlines,SA8281,Delhi,Dubai,India,UAE,South Asia,Middle East,Via Persian Gulf,Via Indian Ocean southern route,8857,10379,1522,8855.72,5.1
2026-03-20,flydubai,FL4404,Hanoi,Dubai,Vietnam,UAE,Asia Pacific,Middle East,Via Iran/Iraq corridor,Via Turkey–Kazakhstan northern route,6301,7787,1486,6074.48,1.0
2026-03-20,Thai Airways,TH5459,Beijing,Dubai,China,UAE,Asia Pacific,Middle East,Via Iran/Iraq corridor,Via Egypt–East Africa southern route,3993,5074,1081,5502.96,0.5
2026-03-20,Finnair,FI2197,Doha,Ho Chi Minh City,Qatar,Vietnam,Middle East,Asia Pacific,Direct Middle East overfly,Via Central Asian detour,3161,5542,2381,12432.6,3.1
2026-03-21,Lufthansa,LU5352,Singapore,Tokyo,Singapore,Japan,Asia Pacific,Asia Pacific,Direct Tehran overfly,Via Ashgabat–Almaty route,8849,10752,1903,12357.29,1.1
2026-03-21,British Airways,BR1185,Los Angeles,Doha,USA,Qatar,North America,Middle East,Direct Middle East overfly,Via Central Asian detour,2819,3952,1133,6837.64,3.0
2026-03-21,South African Airways,SO3864,Cairo,Riyadh,Egypt,Saudi Arabia,North Africa,Middle East,Direct Middle East overfly,Via Central Asian detour,2499,4699,2200,12150.27,5.4
2026-03-21,Kenya Airways,KE3220,Beijing,London,China,UK,Asia Pacific,Europe,Via Iran/Iraq corridor,Via Turkey–Kazakhstan northern route,9746,10842,1096,5361.3,4.4
2026-03-21,Oman Air,OM6144,New York,Doha,USA,Qatar,North America,Middle East,Via Iran/Iraq corridor,Via Egypt–East Africa southern route,6027,7663,1636,10304.62,2.5
2026-03-21,KLM,KL7765,Cairo,Dubai,Egypt,UAE,North Africa,Middle East,Direct Gulf route,Via Jordan–Egypt alternate,7613,8309,696,3320.84,1.4
2026-03-21,Malaysia Airlines,MA7908,Doha,Seoul,Qatar,South Korea,Middle East,Asia Pacific,Via Iran/Iraq corridor,Via Turkey–Kazakhstan northern route,2127,3526,1399,7643.38,2.3
2026-03-21,easyJet,EA6709,Singapore,Sydney,Singapore,Australia,Asia Pacific,Asia Pacific,Direct Middle East overfly,Via Central Asian detour,9289,10374,1085,3993.54,0.9
2026-03-21,IndiGo,IN992,Beijing,Dubai,China,UAE,Asia Pacific,Middle East,Via Persian Gulf,Via Indian Ocean southern route,9468,11241,1773,7111.51,1.4
2026-03-21,Jazeera Airways,JA6709,Madrid,Doha,Spain,Qatar,Europe,Middle East,Via Strait of Hormuz,Via Red Sea–Suez route,9457,10774,1317,8476.2,1.7
2026-03-21,South African Airways,SO1569,Abu Dhabi,London,UAE,UK,Middle East,Europe,Via Iran/Iraq corridor,Via Egypt–East Africa southern route,9890,11979,2089,8924.54,1.5
2026-03-21,Singapore Airlines,SI9056,London,Doha,UK,Qatar,Europe,Middle East,Direct Tehran overfly,Via Ashgabat–Almaty route,3165,4847,1682,8339.02,2.4
2026-03-21,Aeromexico,AE5649,Seoul,London,South Korea,UK,Asia Pacific,Europe,Direct Middle East overfly,Via Central Asian detour,9636,12036,2400,9464.36,0.8
2026-03-21,SAS,SA8618,Dubai,São Paulo,UAE,Brazil,Middle East,Latin America,Direct Gulf route,Via Jordan–Egypt alternate,4225,4967,742,3621.32,2.4
2026-03-21,Air India,AI6855,Istanbul,Tehran,Turkey,Iran,Middle East,Middle East,Direct Gulf route,Via Jordan–Egypt alternate,10219,11382,1163,7173.86,4.4
2026-03-22,UPS Airlines,UP3923,Dubai,Johannesburg,UAE,South Africa,Middle East,Africa,Direct Middle East overfly,Via Central Asian detour,7840,9050,1210,4475.31,4.7
2026-03-22,British Airways,BR1028,Beijing,Tehran,China,Iran,Asia Pacific,Middle East,Direct Middle East overfly,Via Central Asian detour,3286,5720,2434,12809.53,1.0
2026-03-22,Mahan Air,MA4335,Kuwait City,Cairo,Kuwait,Egypt,Middle East,North Africa,Via Persian Gulf,Via Indian Ocean southern route,10221,12317,2096,13529.68,5.0
2026-03-22,Atlas Air,AT9114,London,Bahrain,UK,Bahrain,Europe,Middle East,Via Iran/Iraq corridor,Via Turkey–Kazakhstan northern route,4565,5622,1057,6109.56,5.8
2026-03-22,DHL Aviation,DH868,Doha,New York,Qatar,USA,Middle East,North America,Direct Middle East overfly,Via Central Asian detour,11818,12944,1126,5108.38,4.5
2026-03-22,Thai Airways,TH3022,Dubai,Warsaw,UAE,Poland,Middle East,Europe,Via Iran/Iraq corridor,Via Turkey–Kazakhstan northern route,6335,8480,2145,12773.17,0.7
2026-03-22,KLM,KL5473,Dubai,London,UAE,UK,Middle East,Europe,Direct Tehran overfly,Via Ashgabat–Almaty route,8101,9493,1392,4913.19,5.7
2026-03-22,Vietnam Airlines,VI5654,New York,Doha,USA,Qatar,North America,Middle East,Via Baghdad FIR,Via Ankara–Baku corridor,6436,7292,856,3163.78,0.8
2026-03-22,Air Arabia,AI4762,Cairo,Riyadh,Egypt,Saudi Arabia,North Africa,Middle East,Via Persian Gulf,Via Indian Ocean southern route,4067,6008,1941,9833.11,1.4
2026-03-22,Air China,AI8313,London,Kuala Lumpur,UK,Malaysia,Europe,Asia Pacific,Via Persian Gulf,Via Indian Ocean southern route,10377,12474,2097,13400.36,5.5
2026-03-22,Swiss International Air Lines,SW1587,Moscow,Tehran,Russia,Iran,Europe,Middle East,Via Strait of Hormuz,Via Red Sea–Suez route,3457,4079,622,3953.32,5.9
2026-03-22,Singapore Airlines,SI478,Beijing,Tehran,China,Iran,Asia Pacific,Middle East,Via Persian Gulf,Via Indian Ocean southern route,7775,9646,1871,12563.43,1.4
2026-03-22,Kenya Airways,KE353,Dubai,Helsinki,UAE,Finland,Middle East,Europe,Via Iran/Iraq corridor,Via Turkey–Kazakhstan northern route,6865,8073,1208,7479.3,4.2
2026-03-22,Air France,AI6660,Doha,New York,Qatar,USA,Middle East,North America,Via Iran/Iraq corridor,Via Egypt–East Africa southern route,2035,3149,1114,7450.56,5.6
2026-03-22,Kenya Airways,KE6220,Los Angeles,Doha,USA,Qatar,North America,Middle East,Via Persian Gulf,Via Indian Ocean southern route,10756,12081,1325,7932.24,1.9
2026-03-22,SAS,SA7160,Sydney,Abu Dhabi,Australia,UAE,Asia Pacific,Middle East,Direct Middle East overfly,Via Central Asian detour,3566,5469,1903,8258.27,5.1
2026-03-22,Kuwait Airways,KU2506,Frankfurt,Dubai,Germany,UAE,Europe,Middle East,Via Baghdad FIR,Via Ankara–Baku corridor,10780,12151,1371,7378.67,1.9
2026-03-22,Korean Air,KO8555,London,Los Angeles,UK,USA,Europe,North America,Via Iran/Iraq corridor,Via Turkey–Kazakhstan northern route,9296,10262,966,5220.07,2.2
2026-03-22,Saudi Arabian Airlines,SA7666,Dubai,Stockholm,UAE,Sweden,Middle East,Europe,Direct Middle East overfly,Via Central Asian detour,10242,11524,1282,4618.53,3.1
2026-03-23,Asiana Airlines,AS1947,Dubai,Beijing,UAE,China,Middle East,Asia Pacific,Direct Middle East overfly,Via Central Asian detour,10577,12959,2382,14699.83,1.9
2026-03-23,Air Canada,AI2227,Singapore,Tokyo,Singapore,Japan,Asia Pacific,Asia Pacific,Direct Middle East overfly,Via Central Asian detour,11496,12625,1129,4803.09,3.2
2026-03-23,FedEx Express,FE7392,Moscow,Doha,Russia,Qatar,Europe,Middle East,Via Persian Gulf,Via Indian Ocean southern route,2059,4172,2113,8325.57,1.0
2026-03-23,Finnair,FI4330,Nairobi,Dubai,Kenya,UAE,Africa,Middle East,Via Iran/Iraq corridor,Via Egypt–East Africa southern route,5663,7855,2192,9070.91,2.5
2026-03-23,Garuda Indonesia,GA9775,London,Santiago,UK,Chile,Europe,Latin America,Direct Middle East overfly,Via Central Asian detour,2807,5160,2353,15669.94,2.3
2026-03-23,Singapore Airlines,SI7114,Sydney,Dubai,Australia,UAE,Asia Pacific,Middle East,Via Baghdad FIR,Via Ankara–Baku corridor,9562,10863,1301,8350.37,2.7
2026-03-23,Air India,AI1419,Dubai,Vancouver,UAE,Canada,Middle East,North America,Via Persian Gulf,Via Indian Ocean southern route,11133,14017,2884,11717.0,3.7
2026-03-23,Emirates SkyCargo,EM202,Dubai,Madrid,UAE,Spain,Middle East,Europe,Direct Middle East overfly,Via Central Asian detour,8529,10102,1573,9347.44,1.4
2026-03-23,Pakistan International Airlines,PA573,Madrid,Bogotá,Spain,Colombia,Europe,Latin America,Via Strait of Hormuz,Via Red Sea–Suez route,9686,10807,1121,5635.75,3.4
2026-03-23,Asiana Airlines,AS6492,Madrid,Dubai,Spain,UAE,Europe,Middle East,Via Iran/Iraq corridor,Via Egypt–East Africa southern route,9664,12207,2543,13984.83,0.8
2026-03-23,Aeromexico,AE5822,Sydney,London,Australia,UK,Asia Pacific,Europe,Via Baghdad FIR,Via Ankara–Baku corridor,3554,4909,1355,5792.92,5.4
2026-03-23,Korean Air,KO4159,Riyadh,Islamabad,Saudi Arabia,Pakistan,Middle East,South Asia,Via Iran/Iraq corridor,Via Egypt–East Africa southern route,5663,7299,1636,7268.14,5.5
2026-03-23,Etihad Airways,ET983,Amman,Dubai,Jordan,UAE,Middle East,Middle East,Via Strait of Hormuz,Via Red Sea–Suez route,10587,11715,1128,6950.29,1.9
2026-03-23,Oman Air,OM7096,Muscat,London,Oman,UK,Middle East,Europe,Via Baghdad FIR,Via Ankara–Baku corridor,11330,12054,724,3465.29,4.6
2026-03-24,Air China,AI1702,Addis Ababa,Dubai,Ethiopia,UAE,Africa,Middle East,Via Persian Gulf,Via Indian Ocean southern route,5484,8834,3350,21721.03,4.3
2026-03-24,Garuda Indonesia,GA9174,London,Kuala Lumpur,UK,Malaysia,Europe,Asia Pacific,Direct Middle East overfly,Via Central Asian detour,4414,5747,1333,7725.61,2.6
2026-03-24,China Eastern,CH3145,Kuwait City,Mumbai,Kuwait,India,Middle East,South Asia,Via Iran/Iraq corridor,Via Egypt–East Africa southern route,5369,6382,1013,6402.92,3.1
2026-03-24,SAS,SA3575,Doha,Paris,Qatar,France,Middle East,Europe,Via Baghdad FIR,Via Ankara–Baku corridor,5837,6836,999,6628.17,4.6
2026-03-24,China Southern,CH2269,London,Abu Dhabi,UK,UAE,Europe,Middle East,Via Persian Gulf,Via Indian Ocean southern route,10021,12378,2357,8438.7,0.4
2026-03-24,Azul Brazilian Airlines,AZ7330,Singapore,London,Singapore,UK,Asia Pacific,Europe,Direct Middle East overfly,Via Central Asian detour,10634,12512,1878,12904.67,1.0
2026-03-24,TAP Air Portugal,TA6828,Dubai,Tokyo,UAE,Japan,Middle East,Asia Pacific,Direct Gulf route,Via Jordan–Egypt alternate,6163,6736,573,3407.88,3.6
2026-03-24,Air Algerie,AI8907,London,Mexico City,UK,Mexico,Europe,Latin America,Via Iran/Iraq corridor,Via Egypt–East Africa southern route,6456,7851,1395,7650.47,0.8
2026-03-24,EgyptAir,EG2837,Dubai,Hanoi,UAE,Vietnam,Middle East,Asia Pacific,Direct Tehran overfly,Via Ashgabat–Almaty route,5695,7473,1778,11477.17,1.5
2026-03-24,Malaysia Airlines,MA2723,Santiago,Dubai,Chile,UAE,Latin America,Middle East,Via Persian Gulf,Via Indian Ocean southern route,6207,8458,2251,13686.76,1.9
2026-03-24,Aeromexico,AE4641,Dubai,New York,UAE,USA,Middle East,North America,Via Persian Gulf,Via Indian Ocean southern route,2418,4741,2323,14833.35,2.9
2026-03-24,China Eastern,CH7223,Abu Dhabi,Sydney,UAE,Australia,Middle East,Asia Pacific,Direct Middle East overfly,Via Central Asian detour,9958,11166,1208,5716.65,1.3
2026-03-25,Lufthansa,LU4528,Sydney,Dubai,Australia,UAE,Asia Pacific,Middle East,Via Iran/Iraq corridor,Via Egypt–East Africa southern route,10150,11224,1074,7459.98,5.3
2026-03-25,Emirates SkyCargo,EM5159,New York,Doha,USA,Qatar,North America,Middle East,Direct Middle East overfly,Via Central Asian detour,6994,9284,2290,11209.53,1.1
2026-03-25,IndiGo,IN9795,Moscow,Dubai,Russia,UAE,Europe,Middle East,Via Persian Gulf,Via Indian Ocean southern route,3810,6510,2700,16596.05,0.7
2026-03-25,DHL Aviation,DH8628,Beijing,Dubai,China,UAE,Asia Pacific,Middle East,Direct Gulf route,Via Jordan–Egypt alternate,3299,3829,530,3394.25,0.8
2026-03-25,Air India,AI3330,Paris,Beirut,France,Lebanon,Europe,Middle East,Via Iran/Iraq corridor,Via Turkey–Kazakhstan northern route,8510,9756,1246,4700.31,4.7
2026-03-25,Pakistan International Airlines,PA4808,Helsinki,Dubai,Finland,UAE,Europe,Middle East,Direct Tehran overfly,Via Ashgabat–Almaty route,4804,5661,857,3653.88,1.3
2026-03-25,Air France,AI8926,Singapore,Auckland,Singapore,New Zealand,Asia Pacific,Asia Pacific,Direct Middle East overfly,Via Central Asian detour,7286,8877,1591,6175.67,4.3
2026-03-25,Gulf Air,GU3193,Helsinki,Dubai,Finland,UAE,Europe,Middle East,Via Persian Gulf,Via Indian Ocean southern route,9937,13112,3175,16203.19,3.6
2026-03-25,United Airlines,UN7420,Muscat,London,Oman,UK,Middle East,Europe,Direct Tehran overfly,Via Ashgabat–Almaty route,5699,7483,1784,10648.52,4.8
2026-03-25,FedEx Express,FE6736,Los Angeles,London,USA,UK,North America,Europe,Via Iran/Iraq corridor,Via Turkey–Kazakhstan northern route,3411,4813,1402,9040.71,0.7
2026-03-25,KLM,KL6277,Karachi,Istanbul,Pakistan,Turkey,South Asia,Middle East,Direct Gulf route,Via Jordan–Egypt alternate,4021,5199,1178,5508.5,5.5
2026-03-25,Cargolux,CA2297,Dubai,Sydney,UAE,Australia,Middle East,Asia Pacific,Via Baghdad FIR,Via Ankara–Baku corridor,10794,11647,853,5510.22,0.7
2026-03-25,easyJet,EA4832,Dubai,Delhi,UAE,India,Middle East,South Asia,Via Persian Gulf,Via Indian Ocean southern route,8408,10906,2498,11854.38,4.8
2026-03-25,WestJet,WE3922,Toronto,Doha,Canada,Qatar,North America,Middle East,Via Iran/Iraq corridor,Via Turkey–Kazakhstan northern route,11534,13091,1557,7873.96,2.2
2026-03-25,WestJet,WE4531,Doha,Paris,Qatar,France,Middle East,Europe,Direct Tehran overfly,Via Ashgabat–Almaty route,2724,4646,1922,10514.27,4.7
2026-03-25,Gulf Air,GU5483,Dubai,Moscow,UAE,Russia,Middle East,Europe,Via Iran/Iraq corridor,Via Egypt–East Africa southern route,7539,8930,1391,9078.33,1.3
2026-03-25,British Airways,BR9358,Dubai,Tokyo,UAE,Japan,Middle East,Asia Pacific,Via Persian Gulf,Via Indian Ocean southern route,9118,12119,3001,13114.54,1.1
2026-03-26,UPS Airlines,UP7311,Madrid,Mexico City,Spain,Mexico,Europe,Latin America,Direct Middle East overfly,Via Central Asian detour,11723,13452,1729,6510.73,2.6
2026-03-26,Swiss International Air Lines,SW2479,Beijing,Frankfurt,China,Germany,Asia Pacific,Europe,Via Baghdad FIR,Via Ankara–Baku corridor,9174,10314,1140,4534.83,1.3
2026-03-26,Turkish Airlines,TU4607,Sydney,Abu Dhabi,Australia,UAE,Asia Pacific,Middle East,Via Iran/Iraq corridor,Via Egypt–East Africa southern route,8893,10306,1413,5981.1,4.7
2026-03-26,Copa Airlines,CO3152,Chicago,Dubai,USA,UAE,North America,Middle East,Via Baghdad FIR,Via Ankara–Baku corridor,3415,4187,772,3476.49,5.1
2026-03-26,LOT Polish Airlines,LO933,Muscat,London,Oman,UK,Middle East,Europe,Direct Tehran overfly,Via Ashgabat–Almaty route,3375,5012,1637,8172.2,3.0
2026-03-26,LATAM Airlines,LA6324,Riyadh,Islamabad,Saudi Arabia,Pakistan,Middle East,South Asia,Via Strait of Hormuz,Via Red Sea–Suez route,2602,3949,1347,6803.24,1.2
2026-03-26,Saudi Arabian Airlines,SA7486,London,Dubai,UK,UAE,Europe,Middle East,Via Baghdad FIR,Via Ankara–Baku corridor,3279,4595,1316,7700.63,3.8
2026-03-26,EgyptAir,EG5772,London,Kuwait City,UK,Kuwait,Europe,Middle East,Via Baghdad FIR,Via Ankara–Baku corridor,4774,5683,909,5629.94,4.9
2026-03-26,DHL Aviation,DH8396,London,Addis Ababa,UK,Ethiopia,Europe,Africa,Direct Middle East overfly,Via Central Asian detour,9974,11858,1884,9299.23,4.3
2026-03-26,Thai Airways,TH2041,Dubai,London,UAE,UK,Middle East,Europe,Via Strait of Hormuz,Via Red Sea–Suez route,8844,9747,903,4096.64,4.9
2026-03-27,Gulf Air,GU1668,Bangkok,Dubai,Thailand,UAE,Asia Pacific,Middle East,Via Baghdad FIR,Via Ankara–Baku corridor,9323,10603,1280,8658.97,1.6
2026-03-27,Etihad Airways,ET1226,Paris,Doha,France,Qatar,Europe,Middle East,Direct Middle East overfly,Via Central Asian detour,11904,13279,1375,8838.25,0.7
2026-03-27,KLM,KL9198,Paris,Doha,France,Qatar,Europe,Middle East,Direct Gulf route,Via Jordan–Egypt alternate,2112,2688,576,3882.82,5.1
2026-03-27,Atlas Air,AT7461,Bogotá,Madrid,Colombia,Spain,Latin America,Europe,Direct Middle East overfly,Via Central Asian detour,10579,12360,1781,12205.7,0.6
2026-03-27,Asiana Airlines,AS9681,Tokyo,London,Japan,UK,Asia Pacific,Europe,Direct Tehran overfly,Via Ashgabat–Almaty route,10928,12753,1825,8608.78,3.6
2026-03-27,Vietnam Airlines,VI2638,Paris,Doha,France,Qatar,Europe,Middle East,Via Iran/Iraq corridor,Via Egypt–East Africa southern route,4205,6840,2635,16716.35,3.2
2026-03-27,Air France,AI4380,Riyadh,London,Saudi Arabia,UK,Middle East,Europe,Via Iran/Iraq corridor,Via Egypt–East Africa southern route,5651,7085,1434,8289.63,2.2
2026-03-27,China Eastern,CH3711,Bogotá,Madrid,Colombia,Spain,Latin America,Europe,Direct Middle East overfly,Via Central Asian detour,10053,11088,1035,3822.86,5.7
2026-03-27,Kuwait Airways,KU4243,Casablanca,Dubai,Morocco,UAE,Africa,Middle East,Direct Tehran overfly,Via Ashgabat–Almaty route,9133,10582,1449,7264.77,5.0
2026-03-27,Ethiopian Airlines,ET6284,Cairo,Riyadh,Egypt,Saudi Arabia,North Africa,Middle East,Direct Tehran overfly,Via Ashgabat–Almaty route,10563,12233,1670,10969.42,2.3
2026-03-27,Aeroflot,AE5752,Dubai,Mumbai,UAE,India,Middle East,South Asia,Direct Gulf route,Via Jordan–Egypt alternate,11705,12328,623,3537.88,1.1
2026-03-27,Ethiopian Airlines,ET2677,Auckland,Singapore,New Zealand,Singapore,Asia Pacific,Asia Pacific,Direct Gulf route,Via Jordan–Egypt alternate,2905,3994,1089,3931.79,5.8
2026-03-27,Cathay Pacific,CA9867,Mexico City,London,Mexico,UK,Latin America,Europe,Direct Middle East overfly,Via Central Asian detour,10352,11399,1047,4699.32,3.1
2026-03-27,Gulf Air,GU4632,Doha,Ho Chi Minh City,Qatar,Vietnam,Middle East,Asia Pacific,Direct Tehran overfly,Via Ashgabat–Almaty route,9440,10930,1490,9909.3,3.3
2026-03-28,Aeroflot,AE7124,Dubai,Kuala Lumpur,UAE,Malaysia,Middle East,Asia Pacific,Via Strait of Hormuz,Via Red Sea–Suez route,4644,5810,1166,4281.54,2.1
2026-03-28,KLM,KL3833,Dubai,Karachi,UAE,Pakistan,Middle East,South Asia,Via Persian Gulf,Via Indian Ocean southern route,10720,13684,2964,15700.14,3.5
2026-03-28,easyJet,EA4965,Cairo,Riyadh,Egypt,Saudi Arabia,North Africa,Middle East,Direct Tehran overfly,Via Ashgabat–Almaty route,10505,12473,1968,10631.51,5.9
2026-03-28,American Airlines,AM6204,Bogotá,Madrid,Colombia,Spain,Latin America,Europe,Via Baghdad FIR,Via Ankara–Baku corridor,2852,3545,693,2892.9,0.8
2026-03-28,EgyptAir,EG1681,London,Abu Dhabi,UK,UAE,Europe,Middle East,Via Persian Gulf,Via Indian Ocean southern route,4329,6170,1841,10820.72,2.9
2026-03-28,Jazeera Airways,JA7162,Auckland,Dubai,New Zealand,UAE,Asia Pacific,Middle East,Via Iran/Iraq corridor,Via Turkey–Kazakhstan northern route,7036,8287,1251,7062.69,1.2
2026-03-28,ANA,AN2842,Riyadh,London,Saudi Arabia,UK,Middle East,Europe,Direct Tehran overfly,Via Ashgabat–Almaty route,8264,9572,1308,8409.81,5.1
2026-03-28,Iberia,IB9581,Lahore,Doha,Pakistan,Qatar,South Asia,Middle East,Direct Gulf route,Via Jordan–Egypt alternate,6749,7440,691,3835.55,2.7
2026-03-28,Air France,AI8315,Lisbon,Doha,Portugal,Qatar,Europe,Middle East,Via Baghdad FIR,Via Ankara–Baku corridor,7563,8145,582,2772.55,1.5
2026-03-28,Aeromexico,AE1733,Moscow,Tehran,Russia,Iran,Europe,Middle East,Via Iran/Iraq corridor,Via Egypt–East Africa southern route,3904,5609,1705,9811.93,5.1
2026-03-28,LOT Polish Airlines,LO9840,London,Sydney,UK,Australia,Europe,Asia Pacific,Via Strait of Hormuz,Via Red Sea–Suez route,3340,4942,1602,6007.68,1.1
2026-03-28,Etihad Airways,ET4008,Doha,Lahore,Qatar,Pakistan,Middle East,South Asia,Via Iran/Iraq corridor,Via Egypt–East Africa southern route,6574,7976,1402,8275.8,3.1
2026-03-28,Qantas,QA5943,Los Angeles,Singapore,USA,Singapore,North America,Asia Pacific,Direct Tehran overfly,Via Ashgabat–Almaty route,10703,11544,841,4651.77,3.6
2026-03-28,Jazeera Airways,JA8140,Dubai,Cairo,UAE,Egypt,Middle East,North Africa,Direct Middle East overfly,Via Central Asian detour,2296,3656,1360,7905.92,2.5
2026-03-28,Garuda Indonesia,GA1499,Los Angeles,London,USA,UK,North America,Europe,Via Baghdad FIR,Via Ankara–Baku corridor,11304,12173,869,4014.92,4.3
2026-03-28,Qatar Airways,QA4729,London,Kuwait City,UK,Kuwait,Europe,Middle East,Direct Gulf route,Via Jordan–Egypt alternate,2632,3758,1126,6874.5,2.4
2026-03-28,Ethiopian Airlines,ET5662,Beirut,Paris,Lebanon,France,Middle East,Europe,Direct Middle East overfly,Via Central Asian detour,8331,9641,1310,8977.5,2.0
2026-03-29,Air Arabia,AI5578,Paris,Shanghai,France,China,Europe,Asia Pacific,Via Iran/Iraq corridor,Via Turkey–Kazakhstan northern route,8054,10185,2131,12258.56,5.4
2026-03-29,Royal Air Maroc,RO233,Frankfurt,Dubai,Germany,UAE,Europe,Middle East,Direct Gulf route,Via Jordan–Egypt alternate,2011,3078,1067,4049.68,2.7
2026-03-29,Vietnam Airlines,VI6675,Paris,Dubai,France,UAE,Europe,Middle East,Direct Gulf route,Via Jordan–Egypt alternate,8132,8652,520,3272.58,2.6
2026-03-29,China Eastern,CH566,Dubai,New York,UAE,USA,Middle East,North America,Via Strait of Hormuz,Via Red Sea–Suez route,10728,12441,1713,9325.13,2.2
2026-03-29,Singapore Airlines,SI8819,Riyadh,Cairo,Saudi Arabia,Egypt,Middle East,North Africa,Direct Gulf route,Via Jordan–Egypt alternate,8770,9303,533,2094.57,4.2
2026-03-29,DHL Aviation,DH3823,Singapore,Tokyo,Singapore,Japan,Asia Pacific,Asia Pacific,Via Baghdad FIR,Via Ankara–Baku corridor,6740,7247,507,3133.66,3.4
2026-03-29,FedEx Express,FE8668,Dubai,Vancouver,UAE,Canada,Middle East,North America,Via Strait of Hormuz,Via Red Sea–Suez route,4294,5831,1537,6233.12,6.0
2026-03-29,Asiana Airlines,AS3871,Bangkok,Dubai,Thailand,UAE,Asia Pacific,Middle East,Via Baghdad FIR,Via Ankara–Baku corridor,6459,7955,1496,7164.66,3.1
2026-03-29,Air Canada,AI9765,Tokyo,London,Japan,UK,Asia Pacific,Europe,Direct Tehran overfly,Via Ashgabat–Almaty route,10475,12116,1641,7331.54,3.8
2026-03-29,Avianca,AV9678,London,Bahrain,UK,Bahrain,Europe,Middle East,Via Strait of Hormuz,Via Red Sea–Suez route,8183,9246,1063,6297.17,3.5
2026-03-29,Southwest Airlines,SO5895,Vancouver,Dubai,Canada,UAE,North America,Middle East,Via Iran/Iraq corridor,Via Egypt–East Africa southern route,9438,10904,1466,7252.28,3.5
2026-03-29,Finnair,FI8366,Seoul,Dubai,South Korea,UAE,Asia Pacific,Middle East,Direct Gulf route,Via Jordan–Egypt alternate,5940,6542,602,2777.35,5.1
2026-03-29,British Airways,BR561,Dubai,Frankfurt,UAE,Germany,Middle East,Europe,Direct Gulf route,Via Jordan–Egypt alternate,9499,9917,418,2013.93,5.6
2026-03-29,Cargolux,CA8125,Singapore,Dubai,Singapore,UAE,Asia Pacific,Middle East,Direct Gulf route,Via Jordan–Egypt alternate,3204,3639,435,1833.07,5.8
2026-03-29,Copa Airlines,CO6319,Addis Ababa,Doha,Ethiopia,Qatar,Africa,Middle East,Via Iran/Iraq corridor,Via Turkey–Kazakhstan northern route,9061,10008,947,5619.54,1.2
2026-03-29,Malaysia Airlines,MA7241,London,Muscat,UK,Oman,Europe,Middle East,Via Iran/Iraq corridor,Via Egypt–East Africa southern route,3065,4623,1558,9869.53,2.0
2026-03-29,Aeromexico,AE9522,Doha,Mumbai,Qatar,India,Middle East,South Asia,Via Iran/Iraq corridor,Via Turkey–Kazakhstan northern route,3223,4240,1017,5814.01,0.8
2026-03-30,Etihad Airways,ET4544,Tokyo,London,Japan,UK,Asia Pacific,Europe,Direct Middle East overfly,Via Central Asian detour,9998,11344,1346,8446.38,4.7
2026-03-30,Etihad Airways,ET3888,Casablanca,Dubai,Morocco,UAE,Africa,Middle East,Via Persian Gulf,Via Indian Ocean southern route,3798,5627,1829,7305.56,0.6
2026-03-30,WestJet,WE4547,Dubai,Auckland,UAE,New Zealand,Middle East,Asia Pacific,Via Iran/Iraq corridor,Via Egypt–East Africa southern route,6913,9215,2302,14894.75,4.3
2026-03-30,Aeroflot,AE918,Abu Dhabi,London,UAE,UK,Middle East,Europe,Via Strait of Hormuz,Via Red Sea–Suez route,5324,5964,640,3866.88,0.7
2026-03-30,flydubai,FL7824,Frankfurt,Beijing,Germany,China,Europe,Asia Pacific,Via Strait of Hormuz,Via Red Sea–Suez route,10638,11335,697,3032.24,0.9
2026-03-30,WestJet,WE5921,Dubai,Mumbai,UAE,India,Middle East,South Asia,Via Iran/Iraq corridor,Via Turkey–Kazakhstan northern route,9164,10146,982,3643.55,1.5
2026-03-30,Emirates SkyCargo,EM5286,Dubai,Delhi,UAE,India,Middle East,South Asia,Direct Gulf route,Via Jordan–Egypt alternate,4860,5866,1006,3979.22,5.9
2026-03-30,Air Arabia,AI1624,Dubai,São Paulo,UAE,Brazil,Middle East,Latin America,Direct Tehran overfly,Via Ashgabat–Almaty route,11525,12307,782,4569.92,2.9
2026-03-30,Ethiopian Airlines,ET7031,Beijing,Dubai,China,UAE,Asia Pacific,Middle East,Via Baghdad FIR,Via Ankara–Baku corridor,5356,6353,997,5393.76,1.2
2026-03-30,Emirates,EM2300,London,Seoul,UK,South Korea,Europe,Asia Pacific,Direct Gulf route,Via Jordan–Egypt alternate,9668,10254,586,2226.55,2.3
2026-03-30,Emirates,EM8130,Mumbai,Dubai,India,UAE,South Asia,Middle East,Direct Middle East overfly,Via Central Asian detour,6916,8379,1463,10004.54,4.2
2026-03-30,Pakistan International Airlines,PA1536,Addis Ababa,Doha,Ethiopia,Qatar,Africa,Middle East,Via Baghdad FIR,Via Ankara–Baku corridor,2401,3198,797,4567.58,0.6
2026-03-30,FedEx Express,FE2687,Doha,London,Qatar,UK,Middle East,Europe,Via Strait of Hormuz,Via Red Sea–Suez route,5034,6775,1741,8880.73,1.6
2026-03-30,EgyptAir,EG903,Washington,Abu Dhabi,USA,UAE,North America,Middle East,Via Iran/Iraq corridor,Via Turkey–Kazakhstan northern route,11721,13667,1946,9893.51,0.6
2026-03-30,Cargolux,CA520,Karachi,Istanbul,Pakistan,Turkey,South Asia,Middle East,Via Baghdad FIR,Via Ankara–Baku corridor,11708,12230,522,2808.88,1.0
2026-03-30,Iran Air,IR9376,London,Dubai,UK,UAE,Europe,Middle East,Via Iran/Iraq corridor,Via Egypt–East Africa southern route,2432,3874,1442,6061.9,1.9
2026-03-31,easyJet,EA3476,Doha,Chicago,Qatar,USA,Middle East,North America,Via Persian Gulf,Via Indian Ocean southern route,4033,7456,3423,20668.11,4.2
2026-03-31,Atlas Air,AT3711,Chicago,Dubai,USA,UAE,North America,Middle East,Direct Middle East overfly,Via Central Asian detour,3742,4751,1009,5304.28,1.0
2026-03-31,China Southern,CH920,Madrid,Mexico City,Spain,Mexico,Europe,Latin America,Via Iran/Iraq corridor,Via Turkey–Kazakhstan northern route,2829,3986,1157,6397.0,1.0
2026-03-31,Atlas Air,AT7130,London,Beijing,UK,China,Europe,Asia Pacific,Via Strait of Hormuz,Via Red Sea–Suez route,4449,5765,1316,6101.47,4.3
2026-03-31,Qatar Airways,QA1440,Dubai,Mumbai,UAE,India,Middle East,South Asia,Via Baghdad FIR,Via Ankara–Baku corridor,6678,8124,1446,8347.31,4.5
2026-03-31,Wizz Air,WI873,Riyadh,Cairo,Saudi Arabia,Egypt,Middle East,North Africa,Via Strait of Hormuz,Via Red Sea–Suez route,3264,4669,1405,8479.83,5.6
2026-03-31,Aeromexico,AE7613,Dubai,Delhi,UAE,India,Middle East,South Asia,Via Strait of Hormuz,Via Red Sea–Suez route,11327,12162,835,3984.83,5.2
2026-03-31,TAP Air Portugal,TA996,Dubai,Zurich,UAE,Switzerland,Middle East,Europe,Direct Gulf route,Via Jordan–Egypt alternate,5184,6173,989,4142.11,1.8
2026-03-31,Air Canada,AI2963,Mumbai,Doha,India,Qatar,South Asia,Middle East,Via Iran/Iraq corridor,Via Turkey–Kazakhstan northern route,8231,10340,2109,9756.89,4.0
2026-03-31,Qantas,QA6306,Vancouver,Dubai,Canada,UAE,North America,Middle East,Via Persian Gulf,Via Indian Ocean southern route,11506,13566,2060,8518.15,1.3
2026-03-31,Delta Air Lines,DE2528,Dubai,Frankfurt,UAE,Germany,Middle East,Europe,Direct Tehran overfly,Via Ashgabat–Almaty route,11890,12992,1102,5931.46,0.7
2026-03-31,Delta Air Lines,DE9013,Doha,Paris,Qatar,France,Middle East,Europe,Direct Tehran overfly,Via Ashgabat–Almaty route,3204,4890,1686,11665.51,0.8
2026-03-31,Vietnam Airlines,VI6759,Beirut,Paris,Lebanon,France,Middle East,Europe,Via Persian Gulf,Via Indian Ocean southern route,2274,3580,1306,6399.89,4.1
2026-03-31,Aeroflot,AE2883,Dubai,Istanbul,UAE,Turkey,Middle East,Middle East,Direct Gulf route,Via Jordan–Egypt alternate,7401,8439,1038,4419.66,3.6
2026-03-31,Jazeera Airways,JA5784,London,Los Angeles,UK,USA,Europe,North America,Via Persian Gulf,Via Indian Ocean southern route,6835,8744,1909,9116.52,0.4
2026-03-31,WestJet,WE6545,Casablanca,Dubai,Morocco,UAE,Africa,Middle East,Via Persian Gulf,Via Indian Ocean southern route,2586,5236,2650,15330.97,1.8
2026-03-31,Air India,AI9600,Dubai,Kuala Lumpur,UAE,Malaysia,Middle East,Asia Pacific,Via Strait of Hormuz,Via Red Sea–Suez route,2619,3348,729,4849.2,4.3
2026-03-31,Kuwait Airways,KU8627,London,Abu Dhabi,UK,UAE,Europe,Middle East,Direct Gulf route,Via Jordan–Egypt alternate,4010,4994,984,6674.43,3.5
2026-04-01,Copa Airlines,CO3184,Mexico City,London,Mexico,UK,Latin America,Europe,Via Iran/Iraq corridor,Via Turkey–Kazakhstan northern route,6207,7899,1692,9593.24,5.1
2026-04-01,Korean Air,KO8951,São Paulo,Dubai,Brazil,UAE,Latin America,Middle East,Direct Middle East overfly,Via Central Asian detour,3936,6368,2432,10170.81,3.4
2026-04-01,Lufthansa,LU9266,Stockholm,Dubai,Sweden,UAE,Europe,Middle East,Via Iran/Iraq corridor,Via Egypt–East Africa southern route,9476,11907,2431,16199.6,2.6
2026-04-01,Royal Air Maroc,RO9892,Dubai,Frankfurt,UAE,Germany,Middle East,Europe,Via Baghdad FIR,Via Ankara–Baku corridor,10363,11442,1079,6867.94,4.1
2026-04-01,United Airlines,UN4720,London,Tokyo,UK,Japan,Europe,Asia Pacific,Via Strait of Hormuz,Via Red Sea–Suez route,7311,8573,1262,8092.84,3.0
2026-04-01,Gulf Air,GU6214,Beijing,Dubai,China,UAE,Asia Pacific,Middle East,Via Persian Gulf,Via Indian Ocean southern route,11625,13313,1688,8177.66,5.0
2026-04-01,China Eastern,CH9794,Islamabad,Riyadh,Pakistan,Saudi Arabia,South Asia,Middle East,Via Persian Gulf,Via Indian Ocean southern route,6630,8029,1399,6580.34,3.6
2026-04-01,KLM,KL5614,Riyadh,Islamabad,Saudi Arabia,Pakistan,Middle East,South Asia,Direct Middle East overfly,Via Central Asian detour,2207,3525,1318,8873.78,3.2
2026-04-01,Finnair,FI1133,London,Tokyo,UK,Japan,Europe,Asia Pacific,Via Iran/Iraq corridor,Via Turkey–Kazakhstan northern route,9477,10908,1431,9456.12,5.3
2026-04-01,Saudi Arabian Airlines,SA9960,New York,Doha,USA,Qatar,North America,Middle East,Via Strait of Hormuz,Via Red Sea–Suez route,7727,9499,1772,8267.1,5.5
2026-04-01,SAS,SA8437,Dubai,Bangkok,UAE,Thailand,Middle East,Asia Pacific,Direct Tehran overfly,Via Ashgabat–Almaty route,5949,7576,1627,8485.76,1.0
2026-04-01,SAS,SA392,Sydney,Singapore,Australia,Singapore,Asia Pacific,Asia Pacific,Via Iran/Iraq corridor,Via Egypt–East Africa southern route,4807,7394,2587,15049.57,5.1
2026-04-01,British Airways,BR4667,Nairobi,London,Kenya,UK,Africa,Europe,Direct Tehran overfly,Via Ashgabat–Almaty route,12000,13057,1057,6555.37,5.4
2026-04-01,Garuda Indonesia,GA7771,Santiago,London,Chile,UK,Latin America,Europe,Via Iran/Iraq corridor,Via Turkey–Kazakhstan northern route,5992,6877,885,5857.96,0.4
2026-04-01,Azul Brazilian Airlines,AZ2771,Paris,Doha,France,Qatar,Europe,Middle East,Via Persian Gulf,Via Indian Ocean southern route,5700,8142,2442,13397.77,1.1
2026-04-01,Ethiopian Airlines,ET5804,Paris,Dubai,France,UAE,Europe,Middle East,Direct Gulf route,Via Jordan–Egypt alternate,4939,5666,727,4541.74,4.7
2026-04-01,Qantas,QA8292,Toronto,Dubai,Canada,UAE,North America,Middle East,Direct Middle East overfly,Via Central Asian detour,5323,6491,1168,6660.05,3.9
2026-04-01,Air New Zealand,AI6029,New York,Doha,USA,Qatar,North America,Middle East,Via Baghdad FIR,Via Ankara–Baku corridor,6597,7899,1302,8880.51,0.9
2026-04-01,Air China,AI7697,London,Muscat,UK,Oman,Europe,Middle East,Via Iran/Iraq corridor,Via Egypt–East Africa southern route,10116,12238,2122,13012.0,2.8
2026-04-01,Air France,AI9082,Tokyo,Singapore,Japan,Singapore,Asia Pacific,Asia Pacific,Direct Middle East overfly,Via Central Asian detour,7043,9352,2309,15576.22,5.7
2026-04-02,Kuwait Airways,KU7976,Doha,Los Angeles,Qatar,USA,Middle East,North America,Via Baghdad FIR,Via Ankara–Baku corridor,6137,6680,543,2718.51,3.3
2026-04-02,Vietnam Airlines,VI5974,London,Beijing,UK,China,Europe,Asia Pacific,Direct Middle East overfly,Via Central Asian detour,11562,12672,1110,5194.9,1.9
2026-04-02,British Airways,BR2815,Auckland,Singapore,New Zealand,Singapore,Asia Pacific,Asia Pacific,Via Iran/Iraq corridor,Via Egypt–East Africa southern route,5386,6787,1401,7867.08,2.9
2026-04-02,Korean Air,KO6780,Santiago,London,Chile,UK,Latin America,Europe,Via Persian Gulf,Via Indian Ocean southern route,10054,12841,2787,14382.12,2.7
2026-04-02,United Airlines,UN1504,London,Sydney,UK,Australia,Europe,Asia Pacific,Direct Middle East overfly,Via Central Asian detour,6256,8436,2180,9911.35,3.5
2026-04-02,flynas,FL8729,Singapore,London,Singapore,UK,Asia Pacific,Europe,Via Iran/Iraq corridor,Via Turkey–Kazakhstan northern route,8327,10300,1973,12249.71,2.0
2026-04-02,Japan Airlines,JA1233,Dubai,Auckland,UAE,New Zealand,Middle East,Asia Pacific,Via Iran/Iraq corridor,Via Turkey–Kazakhstan northern route,10695,11783,1088,5343.44,4.6
2026-04-02,LOT Polish Airlines,LO8269,Casablanca,Dubai,Morocco,UAE,Africa,Middle East,Via Iran/Iraq corridor,Via Turkey–Kazakhstan northern route,10221,11550,1329,4948.63,4.7
2026-04-02,Qatar Airways,QA5525,Beijing,Frankfurt,China,Germany,Asia Pacific,Europe,Via Iran/Iraq corridor,Via Turkey–Kazakhstan northern route,5491,6957,1466,10242.34,1.9
2026-04-02,Saudi Arabian Airlines,SA5201,Los Angeles,Doha,USA,Qatar,North America,Middle East,Via Strait of Hormuz,Via Red Sea–Suez route,5489,6887,1398,5832.56,0.9
2026-04-02,flydubai,FL8329,Auckland,Dubai,New Zealand,UAE,Asia Pacific,Middle East,Via Persian Gulf,Via Indian Ocean southern route,9058,10765,1707,8704.86,3.2
2026-04-02,Cargolux,CA4784,Dubai,São Paulo,UAE,Brazil,Middle East,Latin America,Direct Gulf route,Via Jordan–Egypt alternate,3118,4091,973,4356.45,1.3
2026-04-02,Air Algerie,AI3881,Dubai,Casablanca,UAE,Morocco,Middle East,Africa,Direct Tehran overfly,Via Ashgabat–Almaty route,11405,12987,1582,8760.77,2.3
2026-04-02,Mahan Air,MA372,Dubai,Madrid,UAE,Spain,Middle East,Europe,Direct Gulf route,Via Jordan–Egypt alternate,6064,6480,416,2444.8,1.2
2026-04-02,Air Arabia,AI9542,Doha,New York,Qatar,USA,Middle East,North America,Direct Tehran overfly,Via Ashgabat–Almaty route,4751,6108,1357,5669.21,1.1
2026-04-02,Emirates SkyCargo,EM3244,Karachi,Dubai,Pakistan,UAE,South Asia,Middle East,Via Baghdad FIR,Via Ankara–Baku corridor,7093,8327,1234,8165.91,5.2
2026-04-03,flynas,FL2904,Santiago,Dubai,Chile,UAE,Latin America,Middle East,Via Persian Gulf,Via Indian Ocean southern route,10152,13147,2995,20420.14,4.5
2026-04-03,Korean Air,KO2697,Dubai,Guangzhou,UAE,China,Middle East,Asia Pacific,Via Strait of Hormuz,Via Red Sea–Suez route,3509,4596,1087,6604.66,1.9
2026-04-03,Asiana Airlines,AS6337,Delhi,Dubai,India,UAE,South Asia,Middle East,Via Iran/Iraq corridor,Via Turkey–Kazakhstan northern route,6359,7853,1494,5514.23,0.9
2026-04-03,EgyptAir,EG3725,Lisbon,Doha,Portugal,Qatar,Europe,Middle East,Via Iran/Iraq corridor,Via Egypt–East Africa southern route,3419,5554,2135,13266.15,1.2
2026-04-03,South African Airways,SO5362,Dubai,Guangzhou,UAE,China,Middle East,Asia Pacific,Via Iran/Iraq corridor,Via Egypt–East Africa southern route,6380,8284,1904,11992.0,1.3
2026-04-03,Air Canada,AI2610,Addis Ababa,Dubai,Ethiopia,UAE,Africa,Middle East,Direct Tehran overfly,Via Ashgabat–Almaty route,4509,5423,914,5901.46,0.9
2026-04-03,Southwest Airlines,SO9423,Beirut,Paris,Lebanon,France,Middle East,Europe,Direct Tehran overfly,Via Ashgabat–Almaty route,2334,4308,1974,10765.53,5.4
2026-04-03,Air India,AI5329,Doha,Los Angeles,Qatar,USA,Middle East,North America,Direct Middle East overfly,Via Central Asian detour,6568,8494,1926,10853.78,5.9
2026-04-03,EgyptAir,EG1473,Shanghai,Paris,China,France,Asia Pacific,Europe,Via Baghdad FIR,Via Ankara–Baku corridor,2490,3782,1292,7542.92,3.4
2026-04-03,LOT Polish Airlines,LO8991,Istanbul,Dubai,Turkey,UAE,Middle East,Middle East,Via Iran/Iraq corridor,Via Turkey–Kazakhstan northern route,4131,6316,2185,11429.84,5.8
2026-04-03,Qatar Airways,QA9554,London,Kuwait City,UK,Kuwait,Europe,Middle East,Direct Tehran overfly,Via Ashgabat–Almaty route,3314,4358,1044,4902.35,3.6
2026-04-03,China Eastern,CH3512,Mumbai,Dubai,India,UAE,South Asia,Middle East,Via Strait of Hormuz,Via Red Sea–Suez route,7197,7803,606,3057.05,2.6
2026-04-03,Royal Air Maroc,RO7922,Istanbul,Delhi,Turkey,India,Middle East,South Asia,Via Strait of Hormuz,Via Red Sea–Suez route,7758,9005,1247,4924.16,6.0
2026-04-03,Etihad Airways,ET8011,Dubai,Bahrain,UAE,Bahrain,Middle East,Middle East,Via Iran/Iraq corridor,Via Egypt–East Africa southern route,3657,5064,1407,7894.99,3.4
2026-04-03,American Airlines,AM6269,London,Muscat,UK,Oman,Europe,Middle East,Via Baghdad FIR,Via Ankara–Baku corridor,2932,4017,1085,7424.46,5.6
2026-04-03,Aeromexico,AE1668,Dubai,Karachi,UAE,Pakistan,Middle East,South Asia,Direct Gulf route,Via Jordan–Egypt alternate,8797,9673,876,5784.47,4.0
2026-04-04,DHL Aviation,DH9863,Chicago,Dubai,USA,UAE,North America,Middle East,Via Baghdad FIR,Via Ankara–Baku corridor,5025,6250,1225,6238.61,2.2
2026-04-04,Swiss International Air Lines,SW7503,Abu Dhabi,Washington,UAE,USA,Middle East,North America,Via Strait of Hormuz,Via Red Sea–Suez route,2292,3564,1272,4480.1,3.7
2026-04-04,Etihad Airways,ET2972,Washington,Abu Dhabi,USA,UAE,North America,Middle East,Via Iran/Iraq corridor,Via Egypt–East Africa southern route,6560,7578,1018,5898.47,3.8
2026-04-04,Swiss International Air Lines,SW8323,Casablanca,Paris,Morocco,France,Africa,Europe,Direct Gulf route,Via Jordan–Egypt alternate,2357,2882,525,2141.96,0.7
2026-04-04,ANA,AN9544,Toronto,Doha,Canada,Qatar,North America,Middle East,Via Persian Gulf,Via Indian Ocean southern route,5838,7093,1255,6375.64,4.6
2026-04-04,South African Airways,SO1974,Karachi,Dubai,Pakistan,UAE,South Asia,Middle East,Via Iran/Iraq corridor,Via Turkey–Kazakhstan northern route,10780,11887,1107,7327.26,2.4
2026-04-04,LATAM Airlines,LA2236,Dubai,Moscow,UAE,Russia,Middle East,Europe,Via Iran/Iraq corridor,Via Egypt–East Africa southern route,6249,7716,1467,6720.18,2.2
2026-04-04,IndiGo,IN1019,London,Dubai,UK,UAE,Europe,Middle East,Direct Tehran overfly,Via Ashgabat–Almaty route,5809,6683,874,3873.52,5.7
2026-04-04,Saudi Arabian Airlines,SA4409,Delhi,Istanbul,India,Turkey,South Asia,Middle East,Direct Tehran overfly,Via Ashgabat–Almaty route,5893,6728,835,4024.41,5.7
2026-04-04,flynas,FL9722,Dubai,Paris,UAE,France,Middle East,Europe,Via Persian Gulf,Via Indian Ocean southern route,9074,11571,2497,13749.84,1.8
2026-04-05,Oman Air,OM396,Doha,Shanghai,Qatar,China,Middle East,Asia Pacific,Via Iran/Iraq corridor,Via Turkey–Kazakhstan northern route,4150,5332,1182,6488.06,4.9
2026-04-05,Iran Air,IR6245,Dubai,London,UAE,UK,Middle East,Europe,Direct Tehran overfly,Via Ashgabat–Almaty route,11569,12898,1329,9026.62,4.9
2026-04-05,Lufthansa,LU2221,Dubai,Santiago,UAE,Chile,Middle East,Latin America,Via Strait of Hormuz,Via Red Sea–Suez route,8080,9048,968,5000.8,3.5
2026-04-05,China Southern,CH1365,Dubai,Delhi,UAE,India,Middle East,South Asia,Direct Tehran overfly,Via Ashgabat–Almaty route,8216,9335,1119,6407.62,3.7
2026-04-05,Iberia,IB1317,Dubai,Seoul,UAE,South Korea,Middle East,Asia Pacific,Via Iran/Iraq corridor,Via Egypt–East Africa southern route,10470,12134,1664,8035.21,0.9
2026-04-05,Jazeera Airways,JA9014,Sydney,London,Australia,UK,Asia Pacific,Europe,Via Strait of Hormuz,Via Red Sea–Suez route,3701,5363,1662,7409.21,6.0
2026-04-05,Air China,AI3728,Dubai,Tokyo,UAE,Japan,Middle East,Asia Pacific,Via Baghdad FIR,Via Ankara–Baku corridor,8674,9267,593,3006.41,2.8
2026-04-05,Finnair,FI9281,Singapore,Tokyo,Singapore,Japan,Asia Pacific,Asia Pacific,Via Iran/Iraq corridor,Via Egypt–East Africa southern route,6580,8467,1887,12071.11,2.7
2026-04-05,Lufthansa,LU8945,Dubai,Frankfurt,UAE,Germany,Middle East,Europe,Via Baghdad FIR,Via Ankara–Baku corridor,3557,4378,821,4899.37,4.4
2026-04-05,Ryanair,RY1326,London,Singapore,UK,Singapore,Europe,Asia Pacific,Via Iran/Iraq corridor,Via Egypt–East Africa southern route,11466,13789,2323,11345.51,2.4
2026-04-05,Korean Air,KO8173,Madrid,Dubai,Spain,UAE,Europe,Middle East,Via Iran/Iraq corridor,Via Turkey–Kazakhstan northern route,10396,12419,2023,9924.65,1.8
2026-04-05,IndiGo,IN6602,London,Addis Ababa,UK,Ethiopia,Europe,Africa,Direct Tehran overfly,Via Ashgabat–Almaty route,2299,3561,1262,6556.48,4.0
2026-04-05,Etihad Airways,ET2357,London,Toronto,UK,Canada,Europe,North America,Direct Middle East overfly,Via Central Asian detour,8473,10371,1898,10896.4,3.9
2026-04-06,Royal Air Maroc,RO8758,Mexico City,London,Mexico,UK,Latin America,Europe,Via Persian Gulf,Via Indian Ocean southern route,3726,5951,2225,11465.6,5.1
2026-04-06,Ryanair,RY4834,London,Toronto,UK,Canada,Europe,North America,Direct Tehran overfly,Via Ashgabat–Almaty route,8071,9146,1075,4905.96,5.6
2026-04-06,WestJet,WE8392,Vancouver,Dubai,Canada,UAE,North America,Middle East,Via Baghdad FIR,Via Ankara–Baku corridor,9060,10317,1257,7307.46,4.2
2026-04-06,Aeromexico,AE526,Johannesburg,London,South Africa,UK,Africa,Europe,Via Iran/Iraq corridor,Via Egypt–East Africa southern route,2299,3695,1396,5904.49,2.4
2026-04-06,Gulf Air,GU5246,Stockholm,Dubai,Sweden,UAE,Europe,Middle East,Via Iran/Iraq corridor,Via Turkey–Kazakhstan northern route,9585,11543,1958,7509.35,3.9
2026-04-06,TAP Air Portugal,TA9219,London,Nairobi,UK,Kenya,Europe,Africa,Via Iran/Iraq corridor,Via Egypt–East Africa southern route,6770,9505,2735,16120.35,1.8
2026-04-06,Thai Airways,TH5707,London,Seoul,UK,South Korea,Europe,Asia Pacific,Via Baghdad FIR,Via Ankara–Baku corridor,10901,11785,884,3122.5,3.6
2026-04-06,Cathay Pacific,CA4422,Mumbai,Dubai,India,UAE,South Asia,Middle East,Via Iran/Iraq corridor,Via Egypt–East Africa southern route,5369,7910,2541,9185.42,2.1
2026-04-06,Azul Brazilian Airlines,AZ8908,Chicago,Doha,USA,Qatar,North America,Middle East,Via Iran/Iraq corridor,Via Turkey–Kazakhstan northern route,10867,12640,1773,8309.52,5.4
2026-04-06,LATAM Airlines,LA3036,Paris,Doha,France,Qatar,Europe,Middle East,Via Strait of Hormuz,Via Red Sea–Suez route,4635,6153,1518,5856.93,2.7
2026-04-06,SpiceJet,SP3387,Hanoi,Dubai,Vietnam,UAE,Asia Pacific,Middle East,Via Persian Gulf,Via Indian Ocean southern route,9520,12736,3216,13302.52,5.2
2026-04-06,Swiss International Air Lines,SW933,Bogotá,Madrid,Colombia,Spain,Latin America,Europe,Via Persian Gulf,Via Indian Ocean southern route,5610,8158,2548,17447.98,1.2
2026-04-06,Air Canada,AI8754,Dubai,Cairo,UAE,Egypt,Middle East,North Africa,Direct Middle East overfly,Via Central Asian detour,5450,6657,1207,7487.26,1.6
2026-04-06,Turkish Airlines,TU8034,Washington,Abu Dhabi,USA,UAE,North America,Middle East,Direct Gulf route,Via Jordan–Egypt alternate,10041,11179,1138,7173.95,5.9
2026-04-06,Air India,AI5349,Johannesburg,London,South Africa,UK,Africa,Europe,Via Persian Gulf,Via Indian Ocean southern route,10988,14093,3105,13212.61,4.0
2026-04-06,UPS Airlines,UP2227,Dubai,Guangzhou,UAE,China,Middle East,Asia Pacific,Direct Tehran overfly,Via Ashgabat–Almaty route,4039,5493,1454,8615.99,1.3
2026-04-06,Gulf Air,GU8429,Singapore,Auckland,Singapore,New Zealand,Asia Pacific,Asia Pacific,Via Persian Gulf,Via Indian Ocean southern route,7173,8555,1382,6031.65,2.4
2026-04-06,IndiGo,IN5597,Nairobi,Dubai,Kenya,UAE,Africa,Middle East,Direct Tehran overfly,Via Ashgabat–Almaty route,3315,4445,1130,7105.38,2.4
2026-04-06,KLM,KL7050,Shanghai,Dubai,China,UAE,Asia Pacific,Middle East,Via Persian Gulf,Via Indian Ocean southern route,10030,11739,1709,10626.05,1.8
2026-04-06,Garuda Indonesia,GA7767,Dubai,Paris,UAE,France,Middle East,Europe,Via Persian Gulf,Via Indian Ocean southern route,2479,4794,2315,11094.17,0.5
2026-04-06,Kuwait Airways,KU7859,Doha,Paris,Qatar,France,Middle East,Europe,Direct Tehran overfly,Via Ashgabat–Almaty route,8726,9519,793,3945.69,4.6
2026-04-07,Qantas,QA4999,London,Muscat,UK,Oman,Europe,Middle East,Via Iran/Iraq corridor,Via Turkey–Kazakhstan northern route,4901,6648,1747,9213.29,3.1
2026-04-07,Japan Airlines,JA661,Karachi,Dubai,Pakistan,UAE,South Asia,Middle East,Via Baghdad FIR,Via Ankara–Baku corridor,4350,5518,1168,7880.46,3.1
2026-04-07,Oman Air,OM7985,Doha,Shanghai,Qatar,China,Middle East,Asia Pacific,Via Persian Gulf,Via Indian Ocean southern route,4207,6971,2764,18632.03,3.0
2026-04-07,Vietnam Airlines,VI3309,Mumbai,Dubai,India,UAE,South Asia,Middle East,Direct Middle East overfly,Via Central Asian detour,6564,8645,2081,10938.8,6.0
2026-04-07,Wizz Air,WI5215,Tehran,Beijing,Iran,China,Middle East,Asia Pacific,Via Strait of Hormuz,Via Red Sea–Suez route,5092,5693,601,3593.29,0.9
2026-04-07,Emirates SkyCargo,EM506,Mumbai,Doha,India,Qatar,South Asia,Middle East,Direct Middle East overfly,Via Central Asian detour,8038,10498,2460,10949.8,4.7
2026-04-07,SpiceJet,SP3048,Paris,Doha,France,Qatar,Europe,Middle East,Via Strait of Hormuz,Via Red Sea–Suez route,10487,12217,1730,6629.35,5.2
2026-04-07,British Airways,BR6592,Doha,Lisbon,Qatar,Portugal,Middle East,Europe,Via Persian Gulf,Via Indian Ocean southern route,5509,8803,3294,17249.36,2.0
2026-04-07,FedEx Express,FE7796,Paris,Doha,France,Qatar,Europe,Middle East,Direct Gulf route,Via Jordan–Egypt alternate,4629,5178,549,3824.2,2.0
2026-04-07,Finnair,FI7266,Bahrain,London,Bahrain,UK,Middle East,Europe,Via Baghdad FIR,Via Ankara–Baku corridor,2336,3280,944,6478.7,0.4
2026-04-07,Air New Zealand,AI4348,New York,Riyadh,USA,Saudi Arabia,North America,Middle East,Via Iran/Iraq corridor,Via Turkey–Kazakhstan northern route,3350,5047,1697,11588.6,5.7
2026-04-07,Saudi Arabian Airlines,SA5562,Dubai,Cairo,UAE,Egypt,Middle East,North Africa,Via Persian Gulf,Via Indian Ocean southern route,10964,13083,2119,10715.38,1.5
2026-04-07,Asiana Airlines,AS7353,Mumbai,Kuwait City,India,Kuwait,South Asia,Middle East,Via Iran/Iraq corridor,Via Turkey–Kazakhstan northern route,8360,10058,1698,11641.3,5.2
2026-04-07,Etihad Airways,ET4490,Beijing,Dubai,China,UAE,Asia Pacific,Middle East,Direct Tehran overfly,Via Ashgabat–Almaty route,6037,7465,1428,7256.44,3.1
2026-04-08,Swiss International Air Lines,SW5680,Kuwait City,Mumbai,Kuwait,India,Middle East,South Asia,Via Baghdad FIR,Via Ankara–Baku corridor,7359,8090,731,3448.61,3.9
2026-04-08,Air China,AI7087,São Paulo,London,Brazil,UK,Latin America,Europe,Direct Tehran overfly,Via Ashgabat–Almaty route,3114,4215,1101,4564.23,1.3
2026-04-08,Air France,AI1371,Guangzhou,Dubai,China,UAE,Asia Pacific,Middle East,Direct Middle East overfly,Via Central Asian detour,11238,12507,1269,7025.34,2.6
2026-04-08,Qantas,QA1080,Warsaw,Dubai,Poland,UAE,Europe,Middle East,Via Persian Gulf,Via Indian Ocean southern route,2770,4501,1731,10674.75,1.7
2026-04-08,South African Airways,SO727,Kuala Lumpur,London,Malaysia,UK,Asia Pacific,Europe,Via Persian Gulf,Via Indian Ocean southern route,9569,11395,1826,7039.67,2.9
2026-04-08,Ryanair,RY4007,Karachi,Dubai,Pakistan,UAE,South Asia,Middle East,Direct Gulf route,Via Jordan–Egypt alternate,8701,9773,1072,6860.62,5.0
2026-04-08,LOT Polish Airlines,LO7351,Dubai,Nairobi,UAE,Kenya,Middle East,Africa,Direct Middle East overfly,Via Central Asian detour,3850,6156,2306,14528.95,4.6
2026-04-08,DHL Aviation,DH7177,Beirut,Paris,Lebanon,France,Middle East,Europe,Via Iran/Iraq corridor,Via Egypt–East Africa southern route,4692,7090,2398,10737.75,5.2
2026-04-08,Cathay Pacific,CA8058,Amman,Dubai,Jordan,UAE,Middle East,Middle East,Via Persian Gulf,Via Indian Ocean southern route,9600,11854,2254,8871.64,4.8
2026-04-08,Royal Air Maroc,RO3466,Moscow,Tehran,Russia,Iran,Europe,Middle East,Direct Tehran overfly,Via Ashgabat–Almaty route,7264,8034,770,4255.08,1.7
2026-04-08,SpiceJet,SP4561,Amman,Dubai,Jordan,UAE,Middle East,Middle East,Via Iran/Iraq corridor,Via Egypt–East Africa southern route,10674,13085,2411,15602.6,1.0
2026-04-08,Lufthansa,LU1974,Ho Chi Minh City,Doha,Vietnam,Qatar,Asia Pacific,Middle East,Via Strait of Hormuz,Via Red Sea–Suez route,9420,10682,1262,6742.87,3.1
2026-04-08,LATAM Airlines,LA8421,Dubai,Nairobi,UAE,Kenya,Middle East,Africa,Via Iran/Iraq corridor,Via Turkey–Kazakhstan northern route,8798,10425,1627,6571.59,1.7
2026-04-09,Saudi Arabian Airlines,SA6493,Karachi,Dubai,Pakistan,UAE,South Asia,Middle East,Direct Middle East overfly,Via Central Asian detour,11825,13876,2051,10868.98,0.4
2026-04-09,Kenya Airways,KE4632,Cairo,Kuwait City,Egypt,Kuwait,North Africa,Middle East,Direct Gulf route,Via Jordan–Egypt alternate,6375,6806,431,2072.27,1.6
2026-04-09,China Southern,CH6606,Toronto,London,Canada,UK,North America,Europe,Via Iran/Iraq corridor,Via Turkey–Kazakhstan northern route,6537,7702,1165,4744.05,1.0
2026-04-09,TAP Air Portugal,TA6927,Casablanca,Dubai,Morocco,UAE,Africa,Middle East,Via Iran/Iraq corridor,Via Turkey–Kazakhstan northern route,5773,6610,837,5604.05,5.8
2026-04-09,Qatar Airways,QA8111,Mumbai,Dubai,India,UAE,South Asia,Middle East,Direct Middle East overfly,Via Central Asian detour,3721,5976,2255,12425.22,1.0
2026-04-09,Kuwait Airways,KU7909,Auckland,Singapore,New Zealand,Singapore,Asia Pacific,Asia Pacific,Via Strait of Hormuz,Via Red Sea–Suez route,3054,4418,1364,8189.22,1.9
2026-04-09,Air Algerie,AI9965,Dubai,Amman,UAE,Jordan,Middle East,Middle East,Via Baghdad FIR,Via Ankara–Baku corridor,4245,5023,778,5181.45,3.8
2026-04-09,flydubai,FL2307,Addis Ababa,Doha,Ethiopia,Qatar,Africa,Middle East,Via Iran/Iraq corridor,Via Egypt–East Africa southern route,7223,10005,2782,15028.74,2.4
2026-04-09,Delta Air Lines,DE6026,Singapore,London,Singapore,UK,Asia Pacific,Europe,Direct Gulf route,Via Jordan–Egypt alternate,2837,3394,557,3469.98,0.8
2026-04-09,flynas,FL1956,London,Tokyo,UK,Japan,Europe,Asia Pacific,Direct Gulf route,Via Jordan–Egypt alternate,7516,8577,1061,6625.57,5.6
2026-04-09,Air New Zealand,AI4125,London,Doha,UK,Qatar,Europe,Middle East,Via Baghdad FIR,Via Ankara–Baku corridor,3384,3938,554,2524.66,2.9
2026-04-10,Air New Zealand,AI8408,Auckland,Dubai,New Zealand,UAE,Asia Pacific,Middle East,Via Baghdad FIR,Via Ankara–Baku corridor,9285,10098,813,5263.3,1.5
2026-04-10,ANA,AN8109,Delhi,Dubai,India,UAE,South Asia,Middle East,Direct Gulf route,Via Jordan–Egypt alternate,8449,9399,950,6339.46,3.3
2026-04-10,Ethiopian Airlines,ET8175,Cairo,Kuwait City,Egypt,Kuwait,North Africa,Middle East,Via Iran/Iraq corridor,Via Turkey–Kazakhstan northern route,4877,6065,1188,4603.3,5.2
2026-04-10,China Eastern,CH3630,Doha,Chicago,Qatar,USA,Middle East,North America,Via Iran/Iraq corridor,Via Egypt–East Africa southern route,10386,12233,1847,10753.91,3.0
2026-04-10,SpiceJet,SP7756,Santiago,London,Chile,UK,Latin America,Europe,Via Iran/Iraq corridor,Via Turkey–Kazakhstan northern route,9652,11648,1996,13965.89,0.5
2026-04-10,China Eastern,CH4622,Helsinki,Dubai,Finland,UAE,Europe,Middle East,Direct Middle East overfly,Via Central Asian detour,8284,10520,2236,10342.13,3.8
2026-04-10,Lufthansa,LU7193,Dubai,Frankfurt,UAE,Germany,Middle East,Europe,Via Iran/Iraq corridor,Via Egypt–East Africa southern route,7603,9942,2339,8374.51,2.9
2026-04-10,Iberia,IB2891,Addis Ababa,Doha,Ethiopia,Qatar,Africa,Middle East,Via Iran/Iraq corridor,Via Egypt–East Africa southern route,5438,6939,1501,8637.44,5.5
2026-04-10,Emirates,EM5903,London,Doha,UK,Qatar,Europe,Middle East,Direct Tehran overfly,Via Ashgabat–Almaty route,4725,5624,899,4239.11,1.8
2026-04-10,SpiceJet,SP5848,Paris,Dubai,France,UAE,Europe,Middle East,Via Iran/Iraq corridor,Via Turkey–Kazakhstan northern route,2537,4521,1984,8584.09,0.5
2026-04-10,LATAM Airlines,LA7768,Hanoi,Dubai,Vietnam,UAE,Asia Pacific,Middle East,Direct Gulf route,Via Jordan–Egypt alternate,8569,9250,681,4023.42,1.5
2026-04-11,South African Airways,SO7431,Dubai,Seoul,UAE,South Korea,Middle East,Asia Pacific,Direct Gulf route,Via Jordan–Egypt alternate,2621,3276,655,2936.22,0.5
2026-04-11,Korean Air,KO6781,Istanbul,Karachi,Turkey,Pakistan,Middle East,South Asia,Direct Middle East overfly,Via Central Asian detour,10859,12413,1554,7277.01,4.1
2026-04-11,EgyptAir,EG7689,London,Kuwait City,UK,Kuwait,Europe,Middle East,Via Iran/Iraq corridor,Via Egypt–East Africa southern route,8421,9880,1459,8877.29,2.1
2026-04-11,China Southern,CH868,Doha,Moscow,Qatar,Russia,Middle East,Europe,Direct Middle East overfly,Via Central Asian detour,2637,4481,1844,9436.96,4.0
2026-04-11,Iran Air,IR6006,Dubai,Addis Ababa,UAE,Ethiopia,Middle East,Africa,Direct Tehran overfly,Via Ashgabat–Almaty route,8762,9702,940,6448.31,0.7
2026-04-11,Mahan Air,MA1963,Tokyo,London,Japan,UK,Asia Pacific,Europe,Direct Middle East overfly,Via Central Asian detour,11783,12840,1057,4517.46,4.1
2026-04-11,Royal Air Maroc,RO9460,Doha,Ho Chi Minh City,Qatar,Vietnam,Middle East,Asia Pacific,Via Persian Gulf,Via Indian Ocean southern route,10355,12017,1662,6944.82,5.1
2026-04-11,flydubai,FL1989,Doha,Los Angeles,Qatar,USA,Middle East,North America,Via Iran/Iraq corridor,Via Turkey–Kazakhstan northern route,8299,9198,899,4086.08,2.1
2026-04-11,Emirates,EM8601,Chicago,Dubai,USA,UAE,North America,Middle East,Via Baghdad FIR,Via Ankara–Baku corridor,8038,9384,1346,6194.55,1.1
2026-04-11,Asiana Airlines,AS3450,Dubai,Istanbul,UAE,Turkey,Middle East,Middle East,Via Iran/Iraq corridor,Via Turkey–Kazakhstan northern route,4974,6333,1359,7954.13,6.0
2026-04-11,Finnair,FI4117,Istanbul,Dubai,Turkey,UAE,Middle East,Middle East,Direct Tehran overfly,Via Ashgabat–Almaty route,11169,12318,1149,5285.63,1.1
2026-04-11,Qatar Airways,QA8598,Dubai,Johannesburg,UAE,South Africa,Middle East,Africa,Via Strait of Hormuz,Via Red Sea–Suez route,9060,10173,1113,7135.25,1.3
2026-04-11,Iberia,IB2316,Toronto,Doha,Canada,Qatar,North America,Middle East,Via Iran/Iraq corridor,Via Turkey–Kazakhstan northern route,4257,5538,1281,8201.84,4.6
2026-04-11,SpiceJet,SP2931,Karachi,Dubai,Pakistan,UAE,South Asia,Middle East,Via Strait of Hormuz,Via Red Sea–Suez route,10559,11862,1303,8649.83,2.9
2026-04-11,Air India,AI7236,Doha,New York,Qatar,USA,Middle East,North America,Via Iran/Iraq corridor,Via Egypt–East Africa southern route,2810,5421,2611,18183.35,5.7
2026-04-11,DHL Aviation,DH8186,Moscow,Dubai,Russia,UAE,Europe,Middle East,Direct Tehran overfly,Via Ashgabat–Almaty route,11302,12220,918,5129.33,0.7
2026-04-11,Etihad Airways,ET7001,Dubai,Johannesburg,UAE,South Africa,Middle East,Africa,Via Persian Gulf,Via Indian Ocean southern route,4475,5728,1253,7382.09,5.0
2026-04-11,Air Canada,AI8421,London,Johannesburg,UK,South Africa,Europe,Africa,Direct Middle East overfly,Via Central Asian detour,2261,3297,1036,4803.73,2.1
2026-04-11,Vietnam Airlines,VI1423,Karachi,Dubai,Pakistan,UAE,South Asia,Middle East,Via Baghdad FIR,Via Ankara–Baku corridor,9881,10610,729,5023.41,2.8
2026-04-12,LOT Polish Airlines,LO8421,Doha,Los Angeles,Qatar,USA,Middle East,North America,Via Persian Gulf,Via Indian Ocean southern route,6042,8712,2670,10444.74,1.2
2026-04-12,Japan Airlines,JA1941,London,Doha,UK,Qatar,Europe,Middle East,Via Persian Gulf,Via Indian Ocean southern route,9596,11743,2147,11521.81,2.8
2026-04-12,Aeromexico,AE6474,Kuala Lumpur,Dubai,Malaysia,UAE,Asia Pacific,Middle East,Via Baghdad FIR,Via Ankara–Baku corridor,5497,6575,1078,5050.71,5.8
2026-04-12,Saudi Arabian Airlines,SA8180,Doha,Shanghai,Qatar,China,Middle East,Asia Pacific,Via Iran/Iraq corridor,Via Turkey–Kazakhstan northern route,8432,10493,2061,9968.37,5.0
2026-04-12,Iberia,IB4560,Frankfurt,Beijing,Germany,China,Europe,Asia Pacific,Via Iran/Iraq corridor,Via Egypt–East Africa southern route,10122,12367,2245,8561.37,3.5
2026-04-12,IndiGo,IN3781,Doha,New York,Qatar,USA,Middle East,North America,Direct Gulf route,Via Jordan–Egypt alternate,5400,6126,726,3932.74,1.2
2026-04-12,KLM,KL2770,Dubai,Helsinki,UAE,Finland,Middle East,Europe,Via Baghdad FIR,Via Ankara–Baku corridor,2699,3328,629,2400.17,2.0
2026-04-12,Mahan Air,MA901,Paris,Beirut,France,Lebanon,Europe,Middle East,Direct Middle East overfly,Via Central Asian detour,11412,13115,1703,11364.83,1.3
2026-04-12,Air Algerie,AI722,Dubai,Bangkok,UAE,Thailand,Middle East,Asia Pacific,Direct Middle East overfly,Via Central Asian detour,10845,12623,1778,6651.69,0.6
2026-04-12,Malaysia Airlines,MA7974,Frankfurt,Dubai,Germany,UAE,Europe,Middle East,Via Persian Gulf,Via Indian Ocean southern route,7246,9461,2215,9813.55,5.1
2026-04-12,Wizz Air,WI1611,Beirut,Paris,Lebanon,France,Middle East,Europe,Direct Tehran overfly,Via Ashgabat–Almaty route,9666,10619,953,6573.06,4.3
2026-04-12,SpiceJet,SP4517,Dubai,Madrid,UAE,Spain,Middle East,Europe,Via Persian Gulf,Via Indian Ocean southern route,4581,7188,2607,14677.45,3.5
2026-04-12,Turkish Airlines,TU1866,London,Santiago,UK,Chile,Europe,Latin America,Via Strait of Hormuz,Via Red Sea–Suez route,2109,3679,1570,10073.02,5.7
2026-04-12,South African Airways,SO8457,Dubai,Addis Ababa,UAE,Ethiopia,Middle East,Africa,Via Persian Gulf,Via Indian Ocean southern route,10440,12922,2482,12425.52,3.8
2026-04-12,Malaysia Airlines,MA1538,Dubai,Shanghai,UAE,China,Middle East,Asia Pacific,Via Iran/Iraq corridor,Via Turkey–Kazakhstan northern route,10479,11949,1470,9573.59,3.0
2026-04-12,Oman Air,OM253,Tehran,Istanbul,Iran,Turkey,Middle East,Middle East,Direct Tehran overfly,Via Ashgabat–Almaty route,11503,13006,1503,7471.9,4.8
2026-04-12,Garuda Indonesia,GA9546,Dubai,Karachi,UAE,Pakistan,Middle East,South Asia,Direct Tehran overfly,Via Ashgabat–Almaty route,5125,7026,1901,11753.98,3.3
2026-04-12,Singapore Airlines,SI2348,Dubai,Cairo,UAE,Egypt,Middle East,North Africa,Direct Tehran overfly,Via Ashgabat–Almaty route,4539,5377,838,4470.36,5.0
2026-04-12,DHL Aviation,DH9932,Doha,Mumbai,Qatar,India,Middle East,South Asia,Via Strait of Hormuz,Via Red Sea–Suez route,5117,6808,1691,10132.74,1.2
2026-04-12,SpiceJet,SP5921,London,Mexico City,UK,Mexico,Europe,Latin America,Via Persian Gulf,Via Indian Ocean southern route,2956,4347,1391,5949.74,2.7
2026-04-12,Saudi Arabian Airlines,SA6320,Mumbai,Dubai,India,UAE,South Asia,Middle East,Direct Tehran overfly,Via Ashgabat–Almaty route,2177,3507,1330,8822.98,1.7
2026-04-12,China Eastern,CH1472,Casablanca,Dubai,Morocco,UAE,Africa,Middle East,Via Iran/Iraq corridor,Via Egypt–East Africa southern route,6815,8454,1639,9091.57,4.8
2026-04-12,Delta Air Lines,DE4979,Tehran,Moscow,Iran,Russia,Middle East,Europe,Via Persian Gulf,Via Indian Ocean southern route,9665,12120,2455,9551.59,3.8
2026-04-12,EgyptAir,EG8303,Dubai,Warsaw,UAE,Poland,Middle East,Europe,Direct Gulf route,Via Jordan–Egypt alternate,5717,6186,469,2150.56,4.6
2026-04-12,Royal Air Maroc,RO3244,Muscat,London,Oman,UK,Middle East,Europe,Direct Middle East overfly,Via Central Asian detour,8305,10506,2201,13375.63,1.8
2026-04-12,LOT Polish Airlines,LO3046,Dubai,Seoul,UAE,South Korea,Middle East,Asia Pacific,Via Persian Gulf,Via Indian Ocean southern route,2025,3492,1467,9713.31,4.1
2026-04-12,Qantas,QA8454,Vancouver,Dubai,Canada,UAE,North America,Middle East,Direct Gulf route,Via Jordan–Egypt alternate,8265,9197,932,4498.07,4.6
2026-04-13,Singapore Airlines,SI1591,Doha,São Paulo,Qatar,Brazil,Middle East,Latin America,Via Baghdad FIR,Via Ankara–Baku corridor,9087,10583,1496,6102.0,3.3
2026-04-13,Finnair,FI4618,Chicago,Doha,USA,Qatar,North America,Middle East,Direct Middle East overfly,Via Central Asian detour,11552,12971,1419,9189.33,1.6
2026-04-13,flynas,FL1886,Dubai,Toronto,UAE,Canada,Middle East,North America,Via Iran/Iraq corridor,Via Egypt–East Africa southern route,2495,4257,1762,6698.11,4.2
2026-04-13,EgyptAir,EG8116,Istanbul,Tehran,Turkey,Iran,Middle East,Middle East,Via Persian Gulf,Via Indian Ocean southern route,11415,13416,2001,11410.9,5.9
2026-04-13,British Airways,BR4720,Mexico City,London,Mexico,UK,Latin America,Europe,Via Iran/Iraq corridor,Via Egypt–East Africa southern route,7023,9728,2705,13012.37,0.7
2026-04-13,Iran Air,IR1059,Shanghai,Dubai,China,UAE,Asia Pacific,Middle East,Direct Middle East overfly,Via Central Asian detour,3098,4997,1899,12211.22,2.4
2026-04-13,Swiss International Air Lines,SW2511,Dubai,Madrid,UAE,Spain,Middle East,Europe,Direct Middle East overfly,Via Central Asian detour,11002,13422,2420,14181.9,3.9
2026-04-13,Air Arabia,AI5732,Zurich,Dubai,Switzerland,UAE,Europe,Middle East,Direct Middle East overfly,Via Central Asian detour,10575,12150,1575,7020.91,1.1
2026-04-13,Iberia,IB6859,London,Riyadh,UK,Saudi Arabia,Europe,Middle East,Via Iran/Iraq corridor,Via Egypt–East Africa southern route,7309,8963,1654,7255.87,1.5
2026-04-13,Kuwait Airways,KU1416,Los Angeles,Singapore,USA,Singapore,North America,Asia Pacific,Direct Middle East overfly,Via Central Asian detour,4158,5786,1628,11140.8,5.7
2026-04-13,Air New Zealand,AI4772,Kuwait City,Mumbai,Kuwait,India,Middle East,South Asia,Direct Gulf route,Via Jordan–Egypt alternate,5193,6043,850,3585.31,2.1
2026-04-13,KLM,KL9325,Paris,Doha,France,Qatar,Europe,Middle East,Via Baghdad FIR,Via Ankara–Baku corridor,10320,10937,617,3478.62,4.5
2026-04-13,Aeromexico,AE6819,Muscat,London,Oman,UK,Middle East,Europe,Via Persian Gulf,Via Indian Ocean southern route,8851,11922,3071,19084.6,4.2
2026-04-13,British Airways,BR8308,Doha,Toronto,Qatar,Canada,Middle East,North America,Direct Tehran overfly,Via Ashgabat–Almaty route,10056,11443,1387,5505.24,4.8
2026-04-13,Gulf Air,GU3285,Mexico City,Madrid,Mexico,Spain,Latin America,Europe,Via Iran/Iraq corridor,Via Egypt–East Africa southern route,9046,11238,2192,14185.66,5.1
2026-04-14,DHL Aviation,DH4147,Casablanca,Paris,Morocco,France,Africa,Europe,Via Baghdad FIR,Via Ankara–Baku corridor,5206,5764,558,3504.52,3.8
2026-04-14,Qatar Airways,QA5104,Paris,Doha,France,Qatar,Europe,Middle East,Via Iran/Iraq corridor,Via Turkey–Kazakhstan northern route,4781,6588,1807,11916.48,2.8
2026-04-14,Emirates,EM8528,Beijing,Dubai,China,UAE,Asia Pacific,Middle East,Direct Gulf route,Via Jordan–Egypt alternate,5716,6538,822,4074.16,0.8
2026-04-14,Gulf Air,GU5484,Doha,Mumbai,Qatar,India,Middle East,South Asia,Via Iran/Iraq corridor,Via Egypt–East Africa southern route,7085,8458,1373,4937.81,4.5
2026-04-14,Finnair,FI6574,Dubai,Sydney,UAE,Australia,Middle East,Asia Pacific,Via Strait of Hormuz,Via Red Sea–Suez route,2677,3850,1173,7282.31,0.4
2026-04-14,EgyptAir,EG4415,Mumbai,Dubai,India,UAE,South Asia,Middle East,Direct Gulf route,Via Jordan–Egypt alternate,10982,11457,475,2182.09,1.7
2026-04-14,Asiana Airlines,AS6732,Dubai,Sydney,UAE,Australia,Middle East,Asia Pacific,Via Strait of Hormuz,Via Red Sea–Suez route,3647,4729,1082,6529.55,4.7
2026-04-14,Cargolux,CA9108,Dubai,Casablanca,UAE,Morocco,Middle East,Africa,Direct Middle East overfly,Via Central Asian detour,2666,4834,2168,13668.49,0.5
2026-04-14,TAP Air Portugal,TA2514,Dubai,Cairo,UAE,Egypt,Middle East,North Africa,Via Persian Gulf,Via Indian Ocean southern route,7604,10292,2688,12335.57,0.7
2026-04-14,Royal Air Maroc,RO3312,Warsaw,Dubai,Poland,UAE,Europe,Middle East,Via Iran/Iraq corridor,Via Turkey–Kazakhstan northern route,3732,5136,1404,9744.51,6.0
2026-04-15,Swiss International Air Lines,SW8481,Doha,Addis Ababa,Qatar,Ethiopia,Middle East,Africa,Via Strait of Hormuz,Via Red Sea–Suez route,11178,11938,760,3713.08,4.2
2026-04-15,FedEx Express,FE5350,São Paulo,Doha,Brazil,Qatar,Latin America,Middle East,Via Iran/Iraq corridor,Via Egypt–East Africa southern route,5877,7978,2101,12668.9,5.4
2026-04-15,Avianca,AV8542,London,São Paulo,UK,Brazil,Europe,Latin America,Via Baghdad FIR,Via Ankara–Baku corridor,8935,10002,1067,7099.93,2.9
2026-04-15,Etihad Airways,ET6123,London,Doha,UK,Qatar,Europe,Middle East,Direct Tehran overfly,Via Ashgabat–Almaty route,10281,11657,1376,9012.18,4.8
2026-04-15,Delta Air Lines,DE496,Abu Dhabi,London,UAE,UK,Middle East,Europe,Via Iran/Iraq corridor,Via Egypt–East Africa southern route,11259,14004,2745,15230.47,3.2
2026-04-15,WestJet,WE6486,Doha,Paris,Qatar,France,Middle East,Europe,Direct Tehran overfly,Via Ashgabat–Almaty route,10595,11888,1293,5783.78,2.1
2026-04-15,Cargolux,CA4758,Dubai,São Paulo,UAE,Brazil,Middle East,Latin America,Via Baghdad FIR,Via Ankara–Baku corridor,10700,11327,627,4366.63,5.5
2026-04-15,Aeroflot,AE4999,Dubai,Istanbul,UAE,Turkey,Middle East,Middle East,Via Iran/Iraq corridor,Via Turkey–Kazakhstan northern route,3971,6060,2089,9196.18,4.9
2026-04-15,Gulf Air,GU8778,Delhi,Dubai,India,UAE,South Asia,Middle East,Via Iran/Iraq corridor,Via Egypt–East Africa southern route,4883,7335,2452,13994.43,1.1
2026-04-15,American Airlines,AM9077,Paris,Casablanca,France,Morocco,Europe,Africa,Via Iran/Iraq corridor,Via Turkey–Kazakhstan northern route,11974,13194,1220,5226.05,3.2
2026-04-15,Ryanair,RY7296,Dubai,Tokyo,UAE,Japan,Middle East,Asia Pacific,Via Iran/Iraq corridor,Via Egypt–East Africa southern route,6989,9232,2243,11589.41,3.9
2026-04-15,Finnair,FI1650,Madrid,Bogotá,Spain,Colombia,Europe,Latin America,Direct Middle East overfly,Via Central Asian detour,9880,10888,1008,5195.9,2.2
2026-04-15,United Airlines,UN5311,London,Muscat,UK,Oman,Europe,Middle East,Via Baghdad FIR,Via Ankara–Baku corridor,3039,4497,1458,8402.51,3.7
2026-04-15,Qantas,QA4088,New York,Doha,USA,Qatar,North America,Middle East,Via Iran/Iraq corridor,Via Turkey–Kazakhstan northern route,5635,6584,949,4341.89,3.0
2026-04-15,Royal Air Maroc,RO1493,Abu Dhabi,Sydney,UAE,Australia,Middle East,Asia Pacific,Via Baghdad FIR,Via Ankara–Baku corridor,8737,9462,725,4300.83,3.7
2026-04-16,easyJet,EA8871,Doha,Paris,Qatar,France,Middle East,Europe,Via Strait of Hormuz,Via Red Sea–Suez route,11973,13058,1085,4812.58,5.6
2026-04-16,flynas,FL3150,Tehran,Moscow,Iran,Russia,Middle East,Europe,Via Baghdad FIR,Via Ankara–Baku corridor,11386,12114,728,4647.39,2.8
2026-04-16,British Airways,BR1249,London,Beijing,UK,China,Europe,Asia Pacific,Via Baghdad FIR,Via Ankara–Baku corridor,10712,11441,729,2917.35,1.5
2026-04-16,LATAM Airlines,LA3065,Toronto,Doha,Canada,Qatar,North America,Middle East,Direct Gulf route,Via Jordan–Egypt alternate,2075,2820,745,4702.45,2.0
2026-04-16,Asiana Airlines,AS2903,Doha,Addis Ababa,Qatar,Ethiopia,Middle East,Africa,Via Persian Gulf,Via Indian Ocean southern route,5306,7791,2485,12578.29,5.3
2026-04-16,flydubai,FL9166,Jakarta,Dubai,Indonesia,UAE,Asia Pacific,Middle East,Via Baghdad FIR,Via Ankara–Baku corridor,11747,12564,817,5255.2,2.2
2026-04-16,Saudi Arabian Airlines,SA5595,Dubai,Bangkok,UAE,Thailand,Middle East,Asia Pacific,Via Iran/Iraq corridor,Via Egypt–East Africa southern route,8981,11394,2413,15243.72,6.0
2026-04-16,Swiss International Air Lines,SW680,Dubai,Delhi,UAE,India,Middle East,South Asia,Direct Middle East overfly,Via Central Asian detour,11726,12683,957,5044.41,2.2
2026-04-16,Wizz Air,WI3056,Dubai,Kuala Lumpur,UAE,Malaysia,Middle East,Asia Pacific,Direct Middle East overfly,Via Central Asian detour,8579,9926,1347,5695.09,1.7
2026-04-16,EgyptAir,EG8371,Addis Ababa,Dubai,Ethiopia,UAE,Africa,Middle East,Direct Tehran overfly,Via Ashgabat–Almaty route,9796,11112,1316,7843.15,1.1
2026-04-16,Malaysia Airlines,MA6778,Doha,Toronto,Qatar,Canada,Middle East,North America,Via Strait of Hormuz,Via Red Sea–Suez route,8922,10694,1772,11355.68,5.6
2026-04-16,Swiss International Air Lines,SW1231,Madrid,Dubai,Spain,UAE,Europe,Middle East,Via Baghdad FIR,Via Ankara–Baku corridor,7613,8639,1026,5260.98,4.3
2026-04-16,Saudi Arabian Airlines,SA8842,Madrid,Bogotá,Spain,Colombia,Europe,Latin America,Direct Tehran overfly,Via Ashgabat–Almaty route,7401,8795,1394,6336.13,2.6
2026-04-16,Vietnam Airlines,VI9431,Dubai,Jakarta,UAE,Indonesia,Middle East,Asia Pacific,Via Strait of Hormuz,Via Red Sea–Suez route,2716,3352,636,3454.28,5.7
2026-04-16,Avianca,AV6615,Dubai,Vancouver,UAE,Canada,Middle East,North America,Direct Gulf route,Via Jordan–Egypt alternate,8159,9207,1048,3830.12,4.9
2026-04-17,Finnair,FI1214,London,Mexico City,UK,Mexico,Europe,Latin America,Direct Middle East overfly,Via Central Asian detour,2577,4548,1971,7639.39,2.1
2026-04-17,DHL Aviation,DH9891,São Paulo,Doha,Brazil,Qatar,Latin America,Middle East,Direct Gulf route,Via Jordan–Egypt alternate,8538,9091,553,3613.0,1.5
2026-04-17,IndiGo,IN6101,Frankfurt,Dubai,Germany,UAE,Europe,Middle East,Via Iran/Iraq corridor,Via Turkey–Kazakhstan northern route,5968,8167,2199,8597.41,5.9
2026-04-17,Cathay Pacific,CA8005,Beijing,London,China,UK,Asia Pacific,Europe,Via Baghdad FIR,Via Ankara–Baku corridor,11339,12047,708,4803.45,4.6
2026-04-17,SAS,SA8182,London,Abu Dhabi,UK,UAE,Europe,Middle East,Via Iran/Iraq corridor,Via Turkey–Kazakhstan northern route,3575,5058,1483,7840.29,2.7
2026-04-17,Qantas,QA6566,Tokyo,Singapore,Japan,Singapore,Asia Pacific,Asia Pacific,Via Iran/Iraq corridor,Via Egypt–East Africa southern route,9177,11168,1991,8439.95,1.0
2026-04-17,Iberia,IB5674,Cairo,Riyadh,Egypt,Saudi Arabia,North Africa,Middle East,Via Iran/Iraq corridor,Via Turkey–Kazakhstan northern route,8227,10094,1867,12283.93,0.6
2026-04-17,TAP Air Portugal,TA8484,Doha,Mumbai,Qatar,India,Middle East,South Asia,Via Iran/Iraq corridor,Via Egypt–East Africa southern route,6460,8449,1989,13449.6,3.0
2026-04-17,Emirates,EM1728,Casablanca,Dubai,Morocco,UAE,Africa,Middle East,Via Strait of Hormuz,Via Red Sea–Suez route,2435,3428,993,4470.57,0.7
2026-04-17,easyJet,EA9940,Doha,Paris,Qatar,France,Middle East,Europe,Via Iran/Iraq corridor,Via Egypt–East Africa southern route,6245,8962,2717,16788.52,5.3
2026-04-17,Turkish Airlines,TU1707,Frankfurt,Beijing,Germany,China,Europe,Asia Pacific,Via Baghdad FIR,Via Ankara–Baku corridor,8157,9307,1150,7630.15,4.3
2026-04-17,Atlas Air,AT1411,Dubai,Karachi,UAE,Pakistan,Middle East,South Asia,Direct Tehran overfly,Via Ashgabat–Almaty route,11692,13122,1430,7949.91,5.6
2026-04-17,Avianca,AV9577,Guangzhou,Dubai,China,UAE,Asia Pacific,Middle East,Direct Middle East overfly,Via Central Asian detour,9554,10854,1300,5042.85,2.4
2026-04-17,Swiss International Air Lines,SW5670,Istanbul,Dubai,Turkey,UAE,Middle East,Middle East,Via Iran/Iraq corridor,Via Egypt–East Africa southern route,8651,10708,2057,10007.58,3.9
2026-04-17,Delta Air Lines,DE9822,Guangzhou,Dubai,China,UAE,Asia Pacific,Middle East,Via Persian Gulf,Via Indian Ocean southern route,11117,12336,1219,5222.46,2.1
2026-04-17,British Airways,BR9614,Sydney,Dubai,Australia,UAE,Asia Pacific,Middle East,Via Iran/Iraq corridor,Via Egypt–East Africa southern route,4848,7431,2583,11748.55,5.7
2026-04-17,Delta Air Lines,DE4169,Beijing,London,China,UK,Asia Pacific,Europe,Direct Middle East overfly,Via Central Asian detour,4848,7080,2232,12339.66,1.2
2026-04-18,Qatar Airways,QA5999,Doha,Los Angeles,Qatar,USA,Middle East,North America,Via Iran/Iraq corridor,Via Egypt–East Africa southern route,2425,4332,1907,12399.41,4.9
2026-04-18,South African Airways,SO7405,Seoul,London,South Korea,UK,Asia Pacific,Europe,Via Baghdad FIR,Via Ankara–Baku corridor,8733,9796,1063,6276.65,1.6
2026-04-18,SAS,SA7942,Doha,São Paulo,Qatar,Brazil,Middle East,Latin America,Via Strait of Hormuz,Via Red Sea–Suez route,3971,4786,815,4710.75,1.9
2026-04-18,Vietnam Airlines,VI6640,Doha,London,Qatar,UK,Middle East,Europe,Via Persian Gulf,Via Indian Ocean southern route,9272,11097,1825,8829.04,2.8
2026-04-18,Cargolux,CA8368,Sydney,Abu Dhabi,Australia,UAE,Asia Pacific,Middle East,Via Baghdad FIR,Via Ankara–Baku corridor,5209,5894,685,4294.49,5.4
2026-04-18,Emirates SkyCargo,EM4935,Doha,Shanghai,Qatar,China,Middle East,Asia Pacific,Via Persian Gulf,Via Indian Ocean southern route,6405,9375,2970,14994.39,0.5
2026-04-18,China Eastern,CH5108,Beijing,Tehran,China,Iran,Asia Pacific,Middle East,Via Persian Gulf,Via Indian Ocean southern route,10061,12889,2828,14817.39,1.7
2026-04-18,Singapore Airlines,SI7742,Dubai,Karachi,UAE,Pakistan,Middle East,South Asia,Via Iran/Iraq corridor,Via Egypt–East Africa southern route,4207,5861,1654,11293.73,4.9
2026-04-18,UPS Airlines,UP3883,Auckland,Singapore,New Zealand,Singapore,Asia Pacific,Asia Pacific,Direct Tehran overfly,Via Ashgabat–Almaty route,9221,10359,1138,7875.57,5.0
2026-04-18,Air France,AI7234,Mumbai,Kuwait City,India,Kuwait,South Asia,Middle East,Via Iran/Iraq corridor,Via Egypt–East Africa southern route,10109,12048,1939,8457.45,3.7
2026-04-18,South African Airways,SO965,Stockholm,Dubai,Sweden,UAE,Europe,Middle East,Direct Middle East overfly,Via Central Asian detour,3411,4918,1507,9043.15,0.5
2026-04-18,Lufthansa,LU6877,Dubai,Moscow,UAE,Russia,Middle East,Europe,Via Persian Gulf,Via Indian Ocean southern route,2991,5182,2191,14826.73,1.6
2026-04-18,Mahan Air,MA7170,Delhi,Istanbul,India,Turkey,South Asia,Middle East,Direct Gulf route,Via Jordan–Egypt alternate,9625,10257,632,2619.86,3.4
2026-04-18,South African Airways,SO8257,Mexico City,London,Mexico,UK,Latin America,Europe,Via Iran/Iraq corridor,Via Turkey–Kazakhstan northern route,7294,8690,1396,6756.06,4.9
2026-04-18,Air China,AI7349,London,Abu Dhabi,UK,UAE,Europe,Middle East,Via Iran/Iraq corridor,Via Egypt–East Africa southern route,7813,8878,1065,4631.47,1.7
2026-04-18,UPS Airlines,UP811,Cairo,Dubai,Egypt,UAE,North Africa,Middle East,Direct Tehran overfly,Via Ashgabat–Almaty route,4781,5758,977,4429.13,4.8
2026-04-19,Garuda Indonesia,GA487,Dubai,Helsinki,UAE,Finland,Middle East,Europe,Direct Middle East overfly,Via Central Asian detour,9906,11169,1263,7493.8,3.3
2026-04-19,Air New Zealand,AI7020,Bahrain,Dubai,Bahrain,UAE,Middle East,Middle East,Via Strait of Hormuz,Via Red Sea–Suez route,11189,12681,1492,5963.18,3.1
2026-04-19,Air New Zealand,AI3701,Los Angeles,London,USA,UK,North America,Europe,Via Strait of Hormuz,Via Red Sea–Suez route,7834,8479,645,3063.82,4.4
2026-04-19,Malaysia Airlines,MA6594,Guangzhou,Dubai,China,UAE,Asia Pacific,Middle East,Via Strait of Hormuz,Via Red Sea–Suez route,2046,2753,707,3117.95,3.1
2026-04-19,TAP Air Portugal,TA9594,Toronto,Doha,Canada,Qatar,North America,Middle East,Direct Gulf route,Via Jordan–Egypt alternate,11288,11886,598,3607.22,4.7
2026-04-19,Oman Air,OM9810,Dubai,Bahrain,UAE,Bahrain,Middle East,Middle East,Via Iran/Iraq corridor,Via Turkey–Kazakhstan northern route,11384,13021,1637,7156.17,3.4
2026-04-19,Iran Air,IR3677,Tehran,Beijing,Iran,China,Middle East,Asia Pacific,Via Strait of Hormuz,Via Red Sea–Suez route,5693,6705,1012,4960.08,1.9
2026-04-19,TAP Air Portugal,TA9059,Los Angeles,Doha,USA,Qatar,North America,Middle East,Via Persian Gulf,Via Indian Ocean southern route,11377,13628,2251,15267.08,5.4
2026-04-19,Thai Airways,TH9811,New York,Dubai,USA,UAE,North America,Middle East,Direct Gulf route,Via Jordan–Egypt alternate,8925,9825,900,5513.89,2.3
2026-04-19,Jazeera Airways,JA8506,Toronto,Doha,Canada,Qatar,North America,Middle East,Via Iran/Iraq corridor,Via Egypt–East Africa southern route,8554,10342,1788,12508.1,2.8
2026-04-19,KLM,KL3524,London,Santiago,UK,Chile,Europe,Latin America,Via Iran/Iraq corridor,Via Turkey–Kazakhstan northern route,9641,11524,1883,7922.34,0.5
2026-04-19,Emirates SkyCargo,EM4230,Paris,Shanghai,France,China,Europe,Asia Pacific,Direct Gulf route,Via Jordan–Egypt alternate,5148,5782,634,4151.62,3.2
2026-04-19,flynas,FL7788,Paris,Dubai,France,UAE,Europe,Middle East,Direct Tehran overfly,Via Ashgabat–Almaty route,6048,7289,1241,5835.64,2.8
2026-04-19,Korean Air,KO1270,Dubai,Santiago,UAE,Chile,Middle East,Latin America,Via Iran/Iraq corridor,Via Egypt–East Africa southern route,8295,10005,1710,10433.11,3.6
2026-04-19,Mahan Air,MA7289,Tokyo,Singapore,Japan,Singapore,Asia Pacific,Asia Pacific,Direct Tehran overfly,Via Ashgabat–Almaty route,9820,11736,1916,12555.06,5.0
2026-04-20,China Eastern,CH6423,Casablanca,Paris,Morocco,France,Africa,Europe,Direct Tehran overfly,Via Ashgabat–Almaty route,6854,8319,1465,9344.96,4.9
2026-04-20,Azul Brazilian Airlines,AZ9492,Dubai,Zurich,UAE,Switzerland,Middle East,Europe,Via Iran/Iraq corridor,Via Turkey–Kazakhstan northern route,4598,6567,1969,11961.37,2.0
2026-04-20,Air Canada,AI1710,Helsinki,Dubai,Finland,UAE,Europe,Middle East,Via Persian Gulf,Via Indian Ocean southern route,3723,6320,2597,11535.3,3.3
2026-04-20,Swiss International Air Lines,SW3078,Doha,Addis Ababa,Qatar,Ethiopia,Middle East,Africa,Direct Gulf route,Via Jordan–Egypt alternate,11377,12245,868,4723.24,2.8
2026-04-20,Gulf Air,GU8666,Doha,Lisbon,Qatar,Portugal,Middle East,Europe,Via Iran/Iraq corridor,Via Egypt–East Africa southern route,2178,4066,1888,12678.07,2.0
2026-04-20,DHL Aviation,DH2860,Bahrain,London,Bahrain,UK,Middle East,Europe,Direct Gulf route,Via Jordan–Egypt alternate,8502,9694,1192,8247.97,3.6
2026-04-20,easyJet,EA3689,São Paulo,Dubai,Brazil,UAE,Latin America,Middle East,Direct Middle East overfly,Via Central Asian detour,9352,11207,1855,6688.73,1.8
2026-04-20,DHL Aviation,DH1365,Singapore,Auckland,Singapore,New Zealand,Asia Pacific,Asia Pacific,Via Iran/Iraq corridor,Via Turkey–Kazakhstan northern route,3806,4627,821,3530.97,4.8
2026-04-20,Kuwait Airways,KU8771,London,Kuala Lumpur,UK,Malaysia,Europe,Asia Pacific,Via Strait of Hormuz,Via Red Sea–Suez route,8746,10224,1478,10172.73,0.7
2026-04-20,Air Algerie,AI7033,Seoul,Doha,South Korea,Qatar,Asia Pacific,Middle East,Direct Tehran overfly,Via Ashgabat–Almaty route,3615,4609,994,5541.31,3.5
2026-04-21,China Eastern,CH8382,Dubai,Sydney,UAE,Australia,Middle East,Asia Pacific,Via Baghdad FIR,Via Ankara–Baku corridor,9772,10391,619,2341.16,5.9
2026-04-21,Korean Air,KO1598,Mumbai,Dubai,India,UAE,South Asia,Middle East,Via Iran/Iraq corridor,Via Egypt–East Africa southern route,2538,4813,2275,15061.74,0.7
2026-04-21,Korean Air,KO5832,Dubai,Stockholm,UAE,Sweden,Middle East,Europe,Via Iran/Iraq corridor,Via Egypt–East Africa southern route,7561,8673,1112,6966.66,4.7
2026-04-21,TAP Air Portugal,TA8481,Dubai,Karachi,UAE,Pakistan,Middle East,South Asia,Via Iran/Iraq corridor,Via Egypt–East Africa southern route,2491,4827,2336,14978.1,2.1
2026-04-21,flydubai,FL3796,Paris,Beirut,France,Lebanon,Europe,Middle East,Via Persian Gulf,Via Indian Ocean southern route,2673,4679,2006,8217.35,4.7
2026-04-21,Air India,AI7709,Nairobi,Dubai,Kenya,UAE,Africa,Middle East,Via Baghdad FIR,Via Ankara–Baku corridor,9527,10730,1203,5687.42,4.2
2026-04-21,Asiana Airlines,AS1376,London,Addis Ababa,UK,Ethiopia,Europe,Africa,Via Iran/Iraq corridor,Via Egypt–East Africa southern route,5964,7159,1195,7405.44,5.6
2026-04-21,flydubai,FL6213,London,Toronto,UK,Canada,Europe,North America,Via Persian Gulf,Via Indian Ocean southern route,11782,15064,3282,21524.47,1.4
2026-04-21,Korean Air,KO9040,Dubai,Hanoi,UAE,Vietnam,Middle East,Asia Pacific,Direct Tehran overfly,Via Ashgabat–Almaty route,3867,5285,1418,6602.57,5.3
2026-04-21,Jazeera Airways,JA5155,Auckland,Dubai,New Zealand,UAE,Asia Pacific,Middle East,Via Iran/Iraq corridor,Via Turkey–Kazakhstan northern route,10991,12254,1263,6281.89,0.9
2026-04-21,LATAM Airlines,LA662,Dubai,Santiago,UAE,Chile,Middle East,Latin America,Via Strait of Hormuz,Via Red Sea–Suez route,8406,9441,1035,6901.78,2.5
2026-04-21,Gulf Air,GU9371,Delhi,Dubai,India,UAE,South Asia,Middle East,Via Iran/Iraq corridor,Via Egypt–East Africa southern route,9164,11124,1960,12614.93,3.5
2026-04-22,UPS Airlines,UP5134,New York,Doha,USA,Qatar,North America,Middle East,Via Strait of Hormuz,Via Red Sea–Suez route,11586,12187,601,3282.03,3.3
2026-04-22,Garuda Indonesia,GA934,London,Muscat,UK,Oman,Europe,Middle East,Via Strait of Hormuz,Via Red Sea–Suez route,9293,10273,980,4701.23,4.4
2026-04-22,Wizz Air,WI2780,Paris,Dubai,France,UAE,Europe,Middle East,Via Strait of Hormuz,Via Red Sea–Suez route,11168,12726,1558,9464.13,3.5
2026-04-22,Delta Air Lines,DE1615,Cairo,Riyadh,Egypt,Saudi Arabia,North Africa,Middle East,Direct Middle East overfly,Via Central Asian detour,8212,10288,2076,8081.89,5.7
2026-04-22,Ryanair,RY6750,Istanbul,Karachi,Turkey,Pakistan,Middle East,South Asia,Via Baghdad FIR,Via Ankara–Baku corridor,10172,10852,680,3923.74,2.2
2026-04-22,Aeromexico,AE750,Mumbai,Dubai,India,UAE,South Asia,Middle East,Via Iran/Iraq corridor,Via Turkey–Kazakhstan northern route,5763,7293,1530,6322.7,0.8
2026-04-22,Iberia,IB4157,Dubai,Warsaw,UAE,Poland,Middle East,Europe,Via Iran/Iraq corridor,Via Turkey–Kazakhstan northern route,9595,11472,1877,11807.93,4.5
2026-04-22,DHL Aviation,DH2915,London,Santiago,UK,Chile,Europe,Latin America,Via Persian Gulf,Via Indian Ocean southern route,4385,6064,1679,10170.2,2.9
2026-04-22,British Airways,BR6918,Moscow,Tehran,Russia,Iran,Europe,Middle East,Direct Gulf route,Via Jordan–Egypt alternate,5840,6480,640,3748.16,0.4
2026-04-22,TAP Air Portugal,TA3022,London,Johannesburg,UK,South Africa,Europe,Africa,Via Baghdad FIR,Via Ankara–Baku corridor,10257,10810,553,2633.41,3.5
2026-04-22,Air Algerie,AI5284,Dubai,Warsaw,UAE,Poland,Middle East,Europe,Via Iran/Iraq corridor,Via Turkey–Kazakhstan northern route,10263,11257,994,5739.81,5.5
2026-04-22,SAS,SA7050,Dubai,Toronto,UAE,Canada,Middle East,North America,Via Baghdad FIR,Via Ankara–Baku corridor,11928,13376,1448,5371.1,4.3
2026-04-22,Kuwait Airways,KU1979,Dubai,Paris,UAE,France,Middle East,Europe,Direct Gulf route,Via Jordan–Egypt alternate,4664,5154,490,1923.9,2.1
2026-04-22,Ethiopian Airlines,ET9162,Los Angeles,Singapore,USA,Singapore,North America,Asia Pacific,Via Iran/Iraq corridor,Via Turkey–Kazakhstan northern route,3629,5698,2069,8489.64,2.2
2026-04-22,Vietnam Airlines,VI8281,Frankfurt,Dubai,Germany,UAE,Europe,Middle East,Direct Tehran overfly,Via Ashgabat–Almaty route,2248,3629,1381,5598.83,0.8
2026-04-22,Cargolux,CA5701,London,Addis Ababa,UK,Ethiopia,Europe,Africa,Via Baghdad FIR,Via Ankara–Baku corridor,8381,9130,749,2948.39,4.8
2026-04-23,China Southern,CH8173,Paris,Doha,France,Qatar,Europe,Middle East,Via Iran/Iraq corridor,Via Turkey–Kazakhstan northern route,2139,2956,817,4368.62,2.5
2026-04-23,TAP Air Portugal,TA9080,Dubai,Paris,UAE,France,Middle East,Europe,Via Iran/Iraq corridor,Via Egypt–East Africa southern route,6897,8498,1601,5905.76,0.8
2026-04-23,Korean Air,KO9053,Bahrain,London,Bahrain,UK,Middle East,Europe,Via Baghdad FIR,Via Ankara–Baku corridor,4769,6182,1413,9846.86,3.2
2026-04-23,Delta Air Lines,DE6931,Cairo,Dubai,Egypt,UAE,North Africa,Middle East,Direct Middle East overfly,Via Central Asian detour,6956,8132,1176,6341.68,2.2
2026-04-23,Royal Air Maroc,RO4929,Los Angeles,London,USA,UK,North America,Europe,Direct Middle East overfly,Via Central Asian detour,3261,4208,947,5103.53,2.2
2026-04-23,ANA,AN5890,Dubai,Seoul,UAE,South Korea,Middle East,Asia Pacific,Via Baghdad FIR,Via Ankara–Baku corridor,2833,3756,923,4776.76,2.6
2026-04-23,Air New Zealand,AI4263,Doha,Mumbai,Qatar,India,Middle East,South Asia,Direct Gulf route,Via Jordan–Egypt alternate,2947,3611,664,2658.27,2.1
2026-04-23,China Eastern,CH5584,Bangkok,Dubai,Thailand,UAE,Asia Pacific,Middle East,Direct Gulf route,Via Jordan–Egypt alternate,5423,6110,687,2476.99,0.6
2026-04-23,SAS,SA1693,Tokyo,Dubai,Japan,UAE,Asia Pacific,Middle East,Direct Middle East overfly,Via Central Asian detour,8482,10443,1961,8722.74,4.8
2026-04-23,LATAM Airlines,LA1025,Paris,Beirut,France,Lebanon,Europe,Middle East,Direct Middle East overfly,Via Central Asian detour,9626,10737,1111,4307.51,0.6
2026-04-23,Royal Air Maroc,RO7435,Sydney,London,Australia,UK,Asia Pacific,Europe,Via Iran/Iraq corridor,Via Turkey–Kazakhstan northern route,11740,13424,1684,6186.07,0.7
2026-04-23,Kenya Airways,KE7881,London,Los Angeles,UK,USA,Europe,North America,Via Iran/Iraq corridor,Via Egypt–East Africa southern route,9138,10761,1623,9786.16,4.3
2026-04-23,Ryanair,RY5333,Doha,Ho Chi Minh City,Qatar,Vietnam,Middle East,Asia Pacific,Via Strait of Hormuz,Via Red Sea–Suez route,7843,8760,917,4866.39,2.5
2026-04-23,Air France,AI3770,Dubai,Hanoi,UAE,Vietnam,Middle East,Asia Pacific,Via Baghdad FIR,Via Ankara–Baku corridor,9548,10189,641,3951.47,2.1
2026-04-23,Avianca,AV3130,Doha,New York,Qatar,USA,Middle East,North America,Direct Gulf route,Via Jordan–Egypt alternate,2481,3355,874,5803.95,1.5
2026-04-24,Korean Air,KO276,Paris,Casablanca,France,Morocco,Europe,Africa,Via Baghdad FIR,Via Ankara–Baku corridor,8898,10316,1418,7744.89,3.7
2026-04-24,American Airlines,AM5996,Sydney,Dubai,Australia,UAE,Asia Pacific,Middle East,Via Baghdad FIR,Via Ankara–Baku corridor,8445,9292,847,5574.33,4.2
2026-04-24,TAP Air Portugal,TA756,Dubai,Shanghai,UAE,China,Middle East,Asia Pacific,Direct Tehran overfly,Via Ashgabat–Almaty route,9009,10094,1085,6681.5,2.3
2026-04-24,Air France,AI4131,Dubai,Warsaw,UAE,Poland,Middle East,Europe,Via Iran/Iraq corridor,Via Turkey–Kazakhstan northern route,9611,10673,1062,4886.01,3.4
2026-04-24,Oman Air,OM2712,London,Seoul,UK,South Korea,Europe,Asia Pacific,Via Baghdad FIR,Via Ankara–Baku corridor,4738,5339,601,2275.5,2.5
2026-04-24,Aeromexico,AE4576,Doha,Moscow,Qatar,Russia,Middle East,Europe,Via Baghdad FIR,Via Ankara–Baku corridor,3020,3581,561,2764.13,2.0
2026-04-24,Oman Air,OM2448,Dubai,Jakarta,UAE,Indonesia,Middle East,Asia Pacific,Via Baghdad FIR,Via Ankara–Baku corridor,4541,5589,1048,6843.15,2.7
2026-04-24,Japan Airlines,JA5930,Dubai,Warsaw,UAE,Poland,Middle East,Europe,Direct Middle East overfly,Via Central Asian detour,2694,5120,2426,11129.52,4.5
2026-04-24,Mahan Air,MA1373,Dubai,Nairobi,UAE,Kenya,Middle East,Africa,Direct Middle East overfly,Via Central Asian detour,3966,5188,1222,5597.68,1.1
2026-04-24,Saudi Arabian Airlines,SA4241,London,Beijing,UK,China,Europe,Asia Pacific,Via Iran/Iraq corridor,Via Egypt–East Africa southern route,7864,9677,1813,8514.93,2.8
2026-04-25,Iran Air,IR2656,Dubai,Delhi,UAE,India,Middle East,South Asia,Via Baghdad FIR,Via Ankara–Baku corridor,11173,12497,1324,6817.6,1.7
2026-04-25,Gulf Air,GU8531,London,Nairobi,UK,Kenya,Europe,Africa,Direct Gulf route,Via Jordan–Egypt alternate,6234,7429,1195,8239.5,0.7
2026-04-25,DHL Aviation,DH4354,Los Angeles,London,USA,UK,North America,Europe,Direct Middle East overfly,Via Central Asian detour,9472,11226,1754,11018.85,0.9
2026-04-25,Air Arabia,AI9749,Riyadh,Cairo,Saudi Arabia,Egypt,Middle East,North Africa,Direct Middle East overfly,Via Central Asian detour,10368,12523,2155,7774.26,3.5
2026-04-25,UPS Airlines,UP1809,Istanbul,Delhi,Turkey,India,Middle East,South Asia,Direct Middle East overfly,Via Central Asian detour,9956,11137,1181,7721.39,0.5
2026-04-25,Air Arabia,AI9878,Helsinki,Dubai,Finland,UAE,Europe,Middle East,Via Baghdad FIR,Via Ankara–Baku corridor,3884,4697,813,3635.04,3.5
2026-04-25,Saudi Arabian Airlines,SA1104,Dubai,Seoul,UAE,South Korea,Middle East,Asia Pacific,Direct Middle East overfly,Via Central Asian detour,7390,9648,2258,8656.33,4.7
2026-04-25,Royal Air Maroc,RO8388,Vancouver,Dubai,Canada,UAE,North America,Middle East,Via Iran/Iraq corridor,Via Egypt–East Africa southern route,7835,9487,1652,9088.88,3.4
2026-04-25,Finnair,FI8301,Helsinki,Dubai,Finland,UAE,Europe,Middle East,Direct Tehran overfly,Via Ashgabat–Almaty route,9616,10657,1041,5432.23,2.7
2026-04-25,Asiana Airlines,AS8278,Dubai,Istanbul,UAE,Turkey,Middle East,Middle East,Via Persian Gulf,Via Indian Ocean southern route,2433,4387,1954,13106.36,0.9
2026-04-25,Qatar Airways,QA1118,Frankfurt,Dubai,Germany,UAE,Europe,Middle East,Direct Gulf route,Via Jordan–Egypt alternate,11745,12572,827,4862.97,2.5
2026-04-25,Mahan Air,MA6463,Abu Dhabi,Sydney,UAE,Australia,Middle East,Asia Pacific,Via Iran/Iraq corridor,Via Turkey–Kazakhstan northern route,10169,12060,1891,13223.07,4.1
2026-04-26,UPS Airlines,UP541,Doha,Madrid,Qatar,Spain,Middle East,Europe,Direct Gulf route,Via Jordan–Egypt alternate,6035,6888,853,3289.92,0.8
2026-04-26,Air China,AI1876,Doha,Los Angeles,Qatar,USA,Middle East,North America,Direct Middle East overfly,Via Central Asian detour,3211,5506,2295,10549.43,4.1
2026-04-26,EgyptAir,EG1460,Doha,Los Angeles,Qatar,USA,Middle East,North America,Via Persian Gulf,Via Indian Ocean southern route,3195,6146,2951,17539.55,3.0
2026-04-26,Ryanair,RY1492,Dubai,Cairo,UAE,Egypt,Middle East,North Africa,Via Iran/Iraq corridor,Via Turkey–Kazakhstan northern route,11179,12719,1540,6763.02,1.8
2026-04-26,Emirates,EM1495,Singapore,Dubai,Singapore,UAE,Asia Pacific,Middle East,Via Iran/Iraq corridor,Via Egypt–East Africa southern route,9259,10727,1468,5169.03,5.7
2026-04-26,Air France,AI3619,Dubai,Shanghai,UAE,China,Middle East,Asia Pacific,Via Persian Gulf,Via Indian Ocean southern route,11244,13510,2266,12180.87,3.7
2026-04-26,SAS,SA5364,Dubai,Delhi,UAE,India,Middle East,South Asia,Direct Gulf route,Via Jordan–Egypt alternate,11951,12403,452,1877.8,3.9
2026-04-27,Emirates,EM8281,Beirut,Paris,Lebanon,France,Middle East,Europe,Direct Tehran overfly,Via Ashgabat–Almaty route,4505,5761,1256,8679.65,5.9
2026-04-27,Lufthansa,LU1706,Auckland,Dubai,New Zealand,UAE,Asia Pacific,Middle East,Direct Tehran overfly,Via Ashgabat–Almaty route,7306,8478,1172,5529.65,4.0
2026-04-27,UPS Airlines,UP3484,Moscow,Dubai,Russia,UAE,Europe,Middle East,Via Persian Gulf,Via Indian Ocean southern route,8812,10950,2138,7857.68,0.7
2026-04-27,Japan Airlines,JA5608,Dubai,Shanghai,UAE,China,Middle East,Asia Pacific,Via Iran/Iraq corridor,Via Turkey–Kazakhstan northern route,10526,12028,1502,8418.37,2.2
2026-04-27,Garuda Indonesia,GA7759,Mexico City,London,Mexico,UK,Latin America,Europe,Direct Middle East overfly,Via Central Asian detour,5019,7240,2221,13003.01,3.8
2026-04-27,Cargolux,CA8010,Dubai,Chicago,UAE,USA,Middle East,North America,Direct Gulf route,Via Jordan–Egypt alternate,7395,7923,528,2849.21,4.4
2026-04-27,UPS Airlines,UP2783,Karachi,Istanbul,Pakistan,Turkey,South Asia,Middle East,Via Iran/Iraq corridor,Via Egypt–East Africa southern route,8704,11448,2744,11827.77,3.5
2026-04-27,Air India,AI5877,London,Sydney,UK,Australia,Europe,Asia Pacific,Via Iran/Iraq corridor,Via Egypt–East Africa southern route,6913,9644,2731,17682.26,3.5
2026-04-27,SAS,SA4660,Kuala Lumpur,London,Malaysia,UK,Asia Pacific,Europe,Via Baghdad FIR,Via Ankara–Baku corridor,10292,11106,814,5251.8,5.9
2026-04-27,South African Airways,SO9295,Cairo,Riyadh,Egypt,Saudi Arabia,North Africa,Middle East,Direct Tehran overfly,Via Ashgabat–Almaty route,5708,6411,703,4514.19,5.2
2026-04-27,British Airways,BR6731,Los Angeles,Doha,USA,Qatar,North America,Middle East,Via Iran/Iraq corridor,Via Egypt–East Africa southern route,8314,10834,2520,11462.18,5.2
2026-04-27,easyJet,EA2657,Dubai,Istanbul,UAE,Turkey,Middle East,Middle East,Direct Gulf route,Via Jordan–Egypt alternate,6970,7605,635,2961.2,4.7
2026-04-27,Finnair,FI350,Beirut,Paris,Lebanon,France,Middle East,Europe,Via Iran/Iraq corridor,Via Turkey–Kazakhstan northern route,2012,3353,1341,6375.16,5.5
2026-04-27,SpiceJet,SP3284,Singapore,Auckland,Singapore,New Zealand,Asia Pacific,Asia Pacific,Direct Tehran overfly,Via Ashgabat–Almaty route,8610,9981,1371,7224.52,5.0
2026-04-27,Finnair,FI9115,Kuala Lumpur,Dubai,Malaysia,UAE,Asia Pacific,Middle East,Via Strait of Hormuz,Via Red Sea–Suez route,6557,8340,1783,7851.3,3.8
2026-04-27,Ryanair,RY9520,Dubai,Bahrain,UAE,Bahrain,Middle East,Middle East,Direct Middle East overfly,Via Central Asian detour,6034,8329,2295,14606.17,3.5
2026-04-27,Saudi Arabian Airlines,SA1789,Istanbul,Dubai,Turkey,UAE,Middle East,Middle East,Direct Tehran overfly,Via Ashgabat–Almaty route,10608,12422,1814,12330.86,5.1
2026-04-27,Garuda Indonesia,GA4129,London,Doha,UK,Qatar,Europe,Middle East,Via Iran/Iraq corridor,Via Egypt–East Africa southern route,8155,9244,1089,5289.72,2.2
2026-04-28,LATAM Airlines,LA9309,Dubai,Casablanca,UAE,Morocco,Middle East,Africa,Via Strait of Hormuz,Via Red Sea–Suez route,10049,11557,1508,8273.23,2.9
2026-04-28,Emirates,EM1737,Lisbon,Doha,Portugal,Qatar,Europe,Middle East,Direct Tehran overfly,Via Ashgabat–Almaty route,8973,10399,1426,9592.3,2.6
2026-04-28,South African Airways,SO715,Frankfurt,Dubai,Germany,UAE,Europe,Middle East,Direct Gulf route,Via Jordan–Egypt alternate,7791,8384,593,3052.94,1.0
2026-04-28,WestJet,WE5698,Sydney,Singapore,Australia,Singapore,Asia Pacific,Asia Pacific,Direct Middle East overfly,Via Central Asian detour,2021,3495,1474,10228.34,4.2
2026-04-28,Cathay Pacific,CA2128,Dubai,Johannesburg,UAE,South Africa,Middle East,Africa,Direct Tehran overfly,Via Ashgabat–Almaty route,9798,10966,1168,4835.02,2.5
2026-04-28,Thai Airways,TH4618,Dubai,Sydney,UAE,Australia,Middle East,Asia Pacific,Direct Tehran overfly,Via Ashgabat–Almaty route,11957,13874,1917,11158.03,0.5
2026-04-28,China Southern,CH7027,Paris,Doha,France,Qatar,Europe,Middle East,Via Baghdad FIR,Via Ankara–Baku corridor,5703,6677,974,3738.0,2.8
2026-04-29,flydubai,FL1442,New York,Dubai,USA,UAE,North America,Middle East,Via Iran/Iraq corridor,Via Turkey–Kazakhstan northern route,6405,7384,979,3916.27,3.2
2026-04-29,LATAM Airlines,LA9940,Addis Ababa,Doha,Ethiopia,Qatar,Africa,Middle East,Direct Middle East overfly,Via Central Asian detour,10886,12660,1774,8714.97,3.5
2026-04-29,Atlas Air,AT5209,Bahrain,London,Bahrain,UK,Middle East,Europe,Via Iran/Iraq corridor,Via Turkey–Kazakhstan northern route,9237,11075,1838,8874.86,2.6
2026-04-29,easyJet,EA3467,Ho Chi Minh City,Doha,Vietnam,Qatar,Asia Pacific,Middle East,Via Persian Gulf,Via Indian Ocean southern route,7704,10482,2778,9770.72,1.8
2026-04-29,DHL Aviation,DH9519,Kuwait City,Mumbai,Kuwait,India,Middle East,South Asia,Direct Tehran overfly,Via Ashgabat–Almaty route,10164,11926,1762,7067.5,5.8
2026-04-29,Air Canada,AI6078,Dubai,Sydney,UAE,Australia,Middle East,Asia Pacific,Via Strait of Hormuz,Via Red Sea–Suez route,11947,12645,698,3671.77,5.1
2026-04-29,Singapore Airlines,SI7259,Casablanca,Paris,Morocco,France,Africa,Europe,Via Baghdad FIR,Via Ankara–Baku corridor,6866,7768,902,4269.83,4.5
2026-04-29,Kenya Airways,KE372,Cairo,Kuwait City,Egypt,Kuwait,North Africa,Middle East,Via Baghdad FIR,Via Ankara–Baku corridor,9197,10431,1234,7600.81,2.5
2026-04-29,KLM,KL6474,Jakarta,Dubai,Indonesia,UAE,Asia Pacific,Middle East,Via Baghdad FIR,Via Ankara–Baku corridor,8425,9690,1265,7480.95,5.9
2026-04-29,Emirates,EM8353,London,Riyadh,UK,Saudi Arabia,Europe,Middle East,Via Strait of Hormuz,Via Red Sea–Suez route,3587,4757,1170,4733.12,2.9
2026-04-29,Cargolux,CA7949,Dubai,Casablanca,UAE,Morocco,Middle East,Africa,Direct Middle East overfly,Via Central Asian detour,10980,12118,1138,5147.74,5.4
2026-04-29,Aeroflot,AE4422,Dubai,Frankfurt,UAE,Germany,Middle East,Europe,Direct Gulf route,Via Jordan–Egypt alternate,5614,6365,751,3105.98,5.4
2026-04-29,Japan Airlines,JA9696,Johannesburg,London,South Africa,UK,Africa,Europe,Direct Gulf route,Via Jordan–Egypt alternate,7933,8857,924,5497.57,5.2
2026-04-29,Swiss International Air Lines,SW1825,Cairo,Riyadh,Egypt,Saudi Arabia,North Africa,Middle East,Via Baghdad FIR,Via Ankara–Baku corridor,3654,4935,1281,4854.79,1.6
2026-04-29,WestJet,WE9922,Tokyo,London,Japan,UK,Asia Pacific,Europe,Direct Tehran overfly,Via Ashgabat–Almaty route,5375,6841,1466,6503.17,5.6
2026-04-30,Cargolux,CA8787,Mexico City,London,Mexico,UK,Latin America,Europe,Via Baghdad FIR,Via Ankara–Baku corridor,9104,9794,690,3022.2,0.6
2026-04-30,Emirates,EM2960,Stockholm,Dubai,Sweden,UAE,Europe,Middle East,Via Strait of Hormuz,Via Red Sea–Suez route,4938,5634,696,4035.2,1.2
2026-04-30,SAS,SA7475,Beijing,Dubai,China,UAE,Asia Pacific,Middle East,Via Strait of Hormuz,Via Red Sea–Suez route,5361,6807,1446,9183.82,3.0
2026-04-30,Lufthansa,LU7083,Dubai,Hanoi,UAE,Vietnam,Middle East,Asia Pacific,Direct Gulf route,Via Jordan–Egypt alternate,5860,6998,1138,5265.67,4.8
2026-04-30,Emirates SkyCargo,EM7933,Dubai,Hanoi,UAE,Vietnam,Middle East,Asia Pacific,Via Baghdad FIR,Via Ankara–Baku corridor,4839,5468,629,3890.3,2.2
2026-04-30,Swiss International Air Lines,SW4601,Dubai,Delhi,UAE,India,Middle East,South Asia,Via Iran/Iraq corridor,Via Turkey–Kazakhstan northern route,9977,11771,1794,11577.49,3.7
2026-04-30,Saudi Arabian Airlines,SA9286,Dubai,Zurich,UAE,Switzerland,Middle East,Europe,Direct Tehran overfly,Via Ashgabat–Almaty route,2434,4078,1644,9034.61,4.8
2026-04-30,Air New Zealand,AI3901,Addis Ababa,Dubai,Ethiopia,UAE,Africa,Middle East,Direct Tehran overfly,Via Ashgabat–Almaty route,11046,13037,1991,8906.77,1.4
2026-04-30,Vietnam Airlines,VI2859,Auckland,Dubai,New Zealand,UAE,Asia Pacific,Middle East,Direct Middle East overfly,Via Central Asian detour,2513,4317,1804,6658.19,4.8
2026-04-30,Etihad Airways,ET356,Dubai,Beijing,UAE,China,Middle East,Asia Pacific,Direct Gulf route,Via Jordan–Egypt alternate,3728,4315,587,3082.19,4.4
2026-04-30,Turkish Airlines,TU7152,Riyadh,Islamabad,Saudi Arabia,Pakistan,Middle East,South Asia,Via Persian Gulf,Via Indian Ocean southern route,4104,5650,1546,7053.95,0.5
2026-04-30,Turkish Airlines,TU7216,Dubai,Helsinki,UAE,Finland,Middle East,Europe,Via Iran/Iraq corridor,Via Egypt–East Africa southern route,2365,3627,1262,6376.32,1.5
2026-04-30,Air China,AI8537,Mumbai,Doha,India,Qatar,South Asia,Middle East,Direct Tehran overfly,Via Ashgabat–Almaty route,4819,6373,1554,5935.54,5.9
2026-04-30,Iran Air,IR8632,London,Sydney,UK,Australia,Europe,Asia Pacific,Via Baghdad FIR,Via Ankara–Baku corridor,8937,10319,1382,7424.9,5.4
2026-05-01,China Southern,CH8504,Riyadh,New York,Saudi Arabia,USA,Middle East,North America,Direct Tehran overfly,Via Ashgabat–Almaty route,6975,8692,1717,11446.44,3.9
2026-05-01,Jazeera Airways,JA2689,Frankfurt,Dubai,Germany,UAE,Europe,Middle East,Direct Tehran overfly,Via Ashgabat–Almaty route,8674,10634,1960,11574.57,3.3
2026-05-01,Qatar Airways,QA840,Moscow,Dubai,Russia,UAE,Europe,Middle East,Via Strait of Hormuz,Via Red Sea–Suez route,10214,11565,1351,5988.32,5.0
2026-05-01,Finnair,FI9374,Dubai,Singapore,UAE,Singapore,Middle East,Asia Pacific,Via Baghdad FIR,Via Ankara–Baku corridor,9379,9915,536,2236.49,2.1
2026-05-02,Iran Air,IR8329,Dubai,Casablanca,UAE,Morocco,Middle East,Africa,Via Strait of Hormuz,Via Red Sea–Suez route,2564,3634,1070,6662.67,5.0
2026-05-02,LOT Polish Airlines,LO2385,Dubai,Johannesburg,UAE,South Africa,Middle East,Africa,Direct Gulf route,Via Jordan–Egypt alternate,2812,3988,1176,5967.4,2.8
2026-05-02,Emirates SkyCargo,EM4726,Doha,Ho Chi Minh City,Qatar,Vietnam,Middle East,Asia Pacific,Via Baghdad FIR,Via Ankara–Baku corridor,11248,11857,609,2795.51,5.0
2026-05-02,China Eastern,CH6822,Dubai,Jakarta,UAE,Indonesia,Middle East,Asia Pacific,Via Persian Gulf,Via Indian Ocean southern route,3400,4673,1273,5979.4,2.3
2026-05-02,Korean Air,KO2051,Dubai,Auckland,UAE,New Zealand,Middle East,Asia Pacific,Via Strait of Hormuz,Via Red Sea–Suez route,10892,12504,1612,7785.64,2.0
2026-05-02,Korean Air,KO3925,Dubai,New York,UAE,USA,Middle East,North America,Via Iran/Iraq corridor,Via Turkey–Kazakhstan northern route,7747,9587,1840,6957.17,5.5
2026-05-02,Air India,AI2119,Dubai,Chicago,UAE,USA,Middle East,North America,Direct Gulf route,Via Jordan–Egypt alternate,3118,3977,859,4221.32,1.4
2026-05-02,South African Airways,SO4929,Dubai,Paris,UAE,France,Middle East,Europe,Via Iran/Iraq corridor,Via Turkey–Kazakhstan northern route,8429,9350,921,3283.14,5.8
2026-05-02,Delta Air Lines,DE1596,Hanoi,Dubai,Vietnam,UAE,Asia Pacific,Middle East,Via Persian Gulf,Via Indian Ocean southern route,2246,4522,2276,8191.37,0.7
2026-05-02,Air Arabia,AI9786,London,Los Angeles,UK,USA,Europe,North America,Via Strait of Hormuz,Via Red Sea–Suez route,4870,5940,1070,6459.63,3.7
2026-05-02,Ethiopian Airlines,ET159,Dubai,Guangzhou,UAE,China,Middle East,Asia Pacific,Via Baghdad FIR,Via Ankara–Baku corridor,6833,7995,1162,5126.98,5.9
2026-05-02,Copa Airlines,CO2150,New York,Doha,USA,Qatar,North America,Middle East,Via Baghdad FIR,Via Ankara–Baku corridor,3546,4727,1181,7753.08,2.6
2026-05-02,UPS Airlines,UP2296,Beijing,London,China,UK,Asia Pacific,Europe,Direct Middle East overfly,Via Central Asian detour,11450,13762,2312,13934.75,3.4
2026-05-02,Air China,AI3170,Delhi,Istanbul,India,Turkey,South Asia,Middle East,Direct Tehran overfly,Via Ashgabat–Almaty route,3636,4932,1296,6538.5,2.1
2026-05-02,Air Algerie,AI9708,Helsinki,Dubai,Finland,UAE,Europe,Middle East,Via Strait of Hormuz,Via Red Sea–Suez route,9851,11256,1405,5704.74,4.0
2026-05-02,Atlas Air,AT6817,Istanbul,Dubai,Turkey,UAE,Middle East,Middle East,Via Persian Gulf,Via Indian Ocean southern route,4113,6343,2230,10274.57,5.8
2026-05-02,Gulf Air,GU7632,Abu Dhabi,Washington,UAE,USA,Middle East,North America,Via Strait of Hormuz,Via Red Sea–Suez route,9661,11445,1784,9358.53,4.6
2026-05-02,SpiceJet,SP1254,London,Sydney,UK,Australia,Europe,Asia Pacific,Via Persian Gulf,Via Indian Ocean southern route,6942,8241,1299,5266.06,1.6
2026-05-02,Royal Air Maroc,RO6985,Kuwait City,Cairo,Kuwait,Egypt,Middle East,North Africa,Direct Gulf route,Via Jordan–Egypt alternate,10919,11561,642,4303.6,4.7
2026-05-02,Gulf Air,GU5695,Doha,Madrid,Qatar,Spain,Middle East,Europe,Via Iran/Iraq corridor,Via Turkey–Kazakhstan northern route,3107,3961,854,3426.63,4.5
2026-05-03,Air Arabia,AI4668,Doha,Paris,Qatar,France,Middle East,Europe,Via Persian Gulf,Via Indian Ocean southern route,2607,3828,1221,4552.03,3.4
2026-05-03,Finnair,FI7189,Dubai,Beijing,UAE,China,Middle East,Asia Pacific,Direct Gulf route,Via Jordan–Egypt alternate,3992,4850,858,3490.39,6.0
2026-05-03,Emirates,EM9857,London,Abu Dhabi,UK,UAE,Europe,Middle East,Direct Tehran overfly,Via Ashgabat–Almaty route,8913,10678,1765,7064.41,3.0
2026-05-03,Air France,AI2410,Doha,New York,Qatar,USA,Middle East,North America,Via Iran/Iraq corridor,Via Egypt–East Africa southern route,2206,4327,2121,9702.03,5.1
2026-05-03,Air Algerie,AI4969,Dubai,Hanoi,UAE,Vietnam,Middle East,Asia Pacific,Via Persian Gulf,Via Indian Ocean southern route,5345,8116,2771,16727.96,2.0
2026-05-03,Korean Air,KO6891,Riyadh,Islamabad,Saudi Arabia,Pakistan,Middle East,South Asia,Via Iran/Iraq corridor,Via Turkey–Kazakhstan northern route,7371,9028,1657,9588.17,2.7
2026-05-03,Gulf Air,GU3363,Beijing,Tehran,China,Iran,Asia Pacific,Middle East,Direct Middle East overfly,Via Central Asian detour,3980,5126,1146,7845.9,5.6
2026-05-03,Avianca,AV7546,Mumbai,Kuwait City,India,Kuwait,South Asia,Middle East,Via Persian Gulf,Via Indian Ocean southern route,5138,6950,1812,12571.19,5.6
2026-05-03,FedEx Express,FE3902,Dubai,Warsaw,UAE,Poland,Middle East,Europe,Via Baghdad FIR,Via Ankara–Baku corridor,6395,7151,756,2778.2,2.6
2026-05-03,DHL Aviation,DH8621,Dubai,Vancouver,UAE,Canada,Middle East,North America,Via Iran/Iraq corridor,Via Egypt–East Africa southern route,3451,5343,1892,6952.77,3.7
2026-05-03,Gulf Air,GU8161,Doha,Lahore,Qatar,Pakistan,Middle East,South Asia,Via Persian Gulf,Via Indian Ocean southern route,8346,10800,2454,12208.37,1.9
2026-05-03,EgyptAir,EG7202,Cairo,Dubai,Egypt,UAE,North Africa,Middle East,Via Strait of Hormuz,Via Red Sea–Suez route,7799,9545,1746,8610.59,5.0
2026-05-03,Qantas,QA7959,London,Kuwait City,UK,Kuwait,Europe,Middle East,Via Persian Gulf,Via Indian Ocean southern route,2797,4275,1478,8624.14,2.7
2026-05-04,Air France,AI6989,Moscow,Doha,Russia,Qatar,Europe,Middle East,Direct Gulf route,Via Jordan–Egypt alternate,6785,7685,900,5185.42,3.2
2026-05-04,China Eastern,CH724,Seoul,Doha,South Korea,Qatar,Asia Pacific,Middle East,Direct Gulf route,Via Jordan–Egypt alternate,10136,10985,849,4625.15,5.3
2026-05-04,Pakistan International Airlines,PA2281,Sydney,Abu Dhabi,Australia,UAE,Asia Pacific,Middle East,Via Persian Gulf,Via Indian Ocean southern route,9811,11981,2170,13743.04,1.2
2026-05-04,Garuda Indonesia,GA2709,Dubai,Casablanca,UAE,Morocco,Middle East,Africa,Via Iran/Iraq corridor,Via Egypt–East Africa southern route,3358,5834,2476,16454.31,2.2
2026-05-04,Malaysia Airlines,MA1783,Helsinki,Dubai,Finland,UAE,Europe,Middle East,Via Iran/Iraq corridor,Via Turkey–Kazakhstan northern route,8296,9240,944,5907.05,1.0
2026-05-04,Qantas,QA9805,Delhi,Dubai,India,UAE,South Asia,Middle East,Via Iran/Iraq corridor,Via Egypt–East Africa southern route,3751,4864,1113,4207.34,2.0
2026-05-04,Royal Air Maroc,RO952,Amman,Dubai,Jordan,UAE,Middle East,Middle East,Direct Tehran overfly,Via Ashgabat–Almaty route,9462,10842,1380,9549.38,0.8
2026-05-04,Avianca,AV2732,Frankfurt,Beijing,Germany,China,Europe,Asia Pacific,Via Strait of Hormuz,Via Red Sea–Suez route,5729,7334,1605,10057.21,1.0
2026-05-04,LOT Polish Airlines,LO7300,Beijing,Dubai,China,UAE,Asia Pacific,Middle East,Via Iran/Iraq corridor,Via Turkey–Kazakhstan northern route,4831,6320,1489,8984.99,3.5
2026-05-04,Swiss International Air Lines,SW6052,Hanoi,Dubai,Vietnam,UAE,Asia Pacific,Middle East,Direct Gulf route,Via Jordan–Egypt alternate,9154,9974,820,4814.54,1.4
2026-05-04,Japan Airlines,JA7420,Santiago,Dubai,Chile,UAE,Latin America,Middle East,Via Baghdad FIR,Via Ankara–Baku corridor,11110,12186,1076,5241.23,0.6
2026-05-04,LOT Polish Airlines,LO4010,Jakarta,Dubai,Indonesia,UAE,Asia Pacific,Middle East,Via Iran/Iraq corridor,Via Egypt–East Africa southern route,4993,6609,1616,6360.12,5.2
2026-05-04,Garuda Indonesia,GA9399,London,Dubai,UK,UAE,Europe,Middle East,Via Baghdad FIR,Via Ankara–Baku corridor,4531,5761,1230,8260.08,3.3
2026-05-04,Delta Air Lines,DE3854,Paris,Doha,France,Qatar,Europe,Middle East,Via Iran/Iraq corridor,Via Egypt–East Africa southern route,6286,8927,2641,15751.36,4.7
2026-05-04,UPS Airlines,UP9236,Dubai,Moscow,UAE,Russia,Middle East,Europe,Via Strait of Hormuz,Via Red Sea–Suez route,9963,11517,1554,8089.9,5.2
2026-05-04,Air France,AI2329,Abu Dhabi,Sydney,UAE,Australia,Middle East,Asia Pacific,Via Strait of Hormuz,Via Red Sea–Suez route,2081,3133,1052,4974.11,6.0
2026-05-05,Japan Airlines,JA2825,Dubai,Madrid,UAE,Spain,Middle East,Europe,Via Persian Gulf,Via Indian Ocean southern route,2668,5170,2502,15053.11,2.6
2026-05-05,Garuda Indonesia,GA1522,Toronto,Doha,Canada,Qatar,North America,Middle East,Direct Gulf route,Via Jordan–Egypt alternate,9247,9712,465,2247.55,4.7
2026-05-05,IndiGo,IN7319,Dubai,Johannesburg,UAE,South Africa,Middle East,Africa,Via Strait of Hormuz,Via Red Sea–Suez route,9811,10857,1046,4435.2,2.9
2026-05-05,China Southern,CH6515,Doha,New York,Qatar,USA,Middle East,North America,Direct Middle East overfly,Via Central Asian detour,11540,12895,1355,7537.63,2.3
2026-05-05,Cathay Pacific,CA2191,Auckland,Singapore,New Zealand,Singapore,Asia Pacific,Asia Pacific,Via Persian Gulf,Via Indian Ocean southern route,5433,6801,1368,7063.45,2.1
2026-05-05,Lufthansa,LU9009,Shanghai,Doha,China,Qatar,Asia Pacific,Middle East,Via Persian Gulf,Via Indian Ocean southern route,11223,14123,2900,17405.36,1.1
2026-05-05,Iran Air,IR6702,Doha,São Paulo,Qatar,Brazil,Middle East,Latin America,Direct Middle East overfly,Via Central Asian detour,4767,5865,1098,5246.65,2.2
2026-05-05,Air Canada,AI5775,Dubai,London,UAE,UK,Middle East,Europe,Direct Gulf route,Via Jordan–Egypt alternate,6940,7743,803,5428.74,1.1
2026-05-05,China Southern,CH3706,Doha,Paris,Qatar,France,Middle East,Europe,Direct Middle East overfly,Via Central Asian detour,9043,10788,1745,10188.46,5.0
2026-05-05,Qantas,QA2865,Addis Ababa,Dubai,Ethiopia,UAE,Africa,Middle East,Direct Middle East overfly,Via Central Asian detour,3832,6146,2314,15528.11,0.6
2026-05-05,Saudi Arabian Airlines,SA1002,São Paulo,Doha,Brazil,Qatar,Latin America,Middle East,Via Persian Gulf,Via Indian Ocean southern route,7649,8994,1345,8518.01,0.5
2026-05-05,Qatar Airways,QA9008,Doha,Shanghai,Qatar,China,Middle East,Asia Pacific,Via Iran/Iraq corridor,Via Turkey–Kazakhstan northern route,3467,5309,1842,9644.44,5.4
2026-05-05,Turkish Airlines,TU9724,New York,Doha,USA,Qatar,North America,Middle East,Direct Gulf route,Via Jordan–Egypt alternate,8388,9043,655,2749.08,5.5
2026-05-05,ANA,AN1594,Johannesburg,Dubai,South Africa,UAE,Africa,Middle East,Via Baghdad FIR,Via Ankara–Baku corridor,3998,4561,563,3565.45,2.4
2026-05-05,Finnair,FI8812,Karachi,Istanbul,Pakistan,Turkey,South Asia,Middle East,Via Iran/Iraq corridor,Via Turkey–Kazakhstan northern route,8855,10682,1827,9281.07,3.6
2026-05-05,Delta Air Lines,DE8024,Dubai,Hanoi,UAE,Vietnam,Middle East,Asia Pacific,Direct Tehran overfly,Via Ashgabat–Almaty route,3056,4927,1871,9441.31,3.8
2026-05-05,WestJet,WE6105,Cairo,Dubai,Egypt,UAE,North Africa,Middle East,Via Iran/Iraq corridor,Via Egypt–East Africa southern route,3936,6405,2469,16112.91,4.1
2026-05-05,Air India,AI3943,Mexico City,Madrid,Mexico,Spain,Latin America,Europe,Via Iran/Iraq corridor,Via Turkey–Kazakhstan northern route,3240,4995,1755,7672.34,5.9
2026-05-05,WestJet,WE6733,Beijing,Frankfurt,China,Germany,Asia Pacific,Europe,Direct Tehran overfly,Via Ashgabat–Almaty route,6957,8274,1317,6275.86,0.5
2026-05-05,LOT Polish Airlines,LO2147,Paris,Casablanca,France,Morocco,Europe,Africa,Direct Middle East overfly,Via Central Asian detour,3446,4578,1132,6400.75,5.3
2026-05-06,Southwest Airlines,SO3764,Dubai,Nairobi,UAE,Kenya,Middle East,Africa,Via Iran/Iraq corridor,Via Egypt–East Africa southern route,9515,10851,1336,4751.68,0.8
2026-05-06,American Airlines,AM8219,Nairobi,Dubai,Kenya,UAE,Africa,Middle East,Via Iran/Iraq corridor,Via Egypt–East Africa southern route,9856,12275,2419,15988.5,2.0
2026-05-06,Malaysia Airlines,MA9949,Dubai,Chicago,UAE,USA,Middle East,North America,Direct Gulf route,Via Jordan–Egypt alternate,4484,5228,744,3626.01,4.9
2026-05-06,Swiss International Air Lines,SW935,Bogotá,Madrid,Colombia,Spain,Latin America,Europe,Direct Middle East overfly,Via Central Asian detour,5165,6500,1335,5374.5,5.4
2026-05-06,Swiss International Air Lines,SW1539,Dubai,Tokyo,UAE,Japan,Middle East,Asia Pacific,Via Strait of Hormuz,Via Red Sea–Suez route,8917,9693,776,3022.9,0.6
2026-05-06,Ethiopian Airlines,ET7027,Singapore,Sydney,Singapore,Australia,Asia Pacific,Asia Pacific,Via Iran/Iraq corridor,Via Egypt–East Africa southern route,4395,6116,1721,9469.66,5.8
2026-05-06,Iran Air,IR451,Dubai,Guangzhou,UAE,China,Middle East,Asia Pacific,Via Persian Gulf,Via Indian Ocean southern route,10371,12917,2546,9364.26,4.4
2026-05-06,Iran Air,IR4891,Toronto,Doha,Canada,Qatar,North America,Middle East,Via Strait of Hormuz,Via Red Sea–Suez route,3348,4611,1263,8028.37,4.8
2026-05-06,FedEx Express,FE5437,Washington,Abu Dhabi,USA,UAE,North America,Middle East,Direct Tehran overfly,Via Ashgabat–Almaty route,2917,4769,1852,11523.76,3.6
2026-05-06,WestJet,WE6511,Beijing,Tehran,China,Iran,Asia Pacific,Middle East,Via Strait of Hormuz,Via Red Sea–Suez route,6089,7680,1591,8604.52,0.7
2026-05-06,Azul Brazilian Airlines,AZ1038,Dubai,Kuala Lumpur,UAE,Malaysia,Middle East,Asia Pacific,Via Iran/Iraq corridor,Via Egypt–East Africa southern route,4293,6816,2523,14886.85,1.6
2026-05-06,Mahan Air,MA375,Mumbai,Doha,India,Qatar,South Asia,Middle East,Via Baghdad FIR,Via Ankara–Baku corridor,2439,3052,613,3358.36,2.9
2026-05-06,Asiana Airlines,AS7785,Dubai,New York,UAE,USA,Middle East,North America,Direct Gulf route,Via Jordan–Egypt alternate,10876,11982,1106,6656.22,5.4
2026-05-06,Turkish Airlines,TU853,Tehran,Istanbul,Iran,Turkey,Middle East,Middle East,Via Strait of Hormuz,Via Red Sea–Suez route,8109,9293,1184,7419.16,4.4
2026-05-07,Air France,AI4015,Paris,Shanghai,France,China,Europe,Asia Pacific,Direct Gulf route,Via Jordan–Egypt alternate,2189,3143,954,5036.2,0.5
2026-05-07,Cathay Pacific,CA4696,Bogotá,Madrid,Colombia,Spain,Latin America,Europe,Via Persian Gulf,Via Indian Ocean southern route,8284,9987,1703,10869.91,1.4
2026-05-07,Swiss International Air Lines,SW9524,Frankfurt,Dubai,Germany,UAE,Europe,Middle East,Via Iran/Iraq corridor,Via Egypt–East Africa southern route,10502,12714,2212,9126.04,3.9
2026-05-07,Swiss International Air Lines,SW8877,London,Johannesburg,UK,South Africa,Europe,Africa,Direct Gulf route,Via Jordan–Egypt alternate,9764,10801,1037,6490.3,3.5
2026-05-07,Thai Airways,TH2087,Dubai,New York,UAE,USA,Middle East,North America,Via Iran/Iraq corridor,Via Egypt–East Africa southern route,7907,9437,1530,6778.52,2.5
2026-05-07,Ryanair,RY1475,Dubai,Bangkok,UAE,Thailand,Middle East,Asia Pacific,Direct Tehran overfly,Via Ashgabat–Almaty route,7499,8729,1230,6135.63,3.4
2026-05-07,Wizz Air,WI839,Chicago,Doha,USA,Qatar,North America,Middle East,Via Baghdad FIR,Via Ankara–Baku corridor,6103,6962,859,5504.41,1.3
2026-05-07,WestJet,WE6637,Mexico City,Madrid,Mexico,Spain,Latin America,Europe,Via Iran/Iraq corridor,Via Turkey–Kazakhstan northern route,4105,5829,1724,11999.22,5.4
2026-05-07,Asiana Airlines,AS3206,Doha,Addis Ababa,Qatar,Ethiopia,Middle East,Africa,Via Iran/Iraq corridor,Via Egypt–East Africa southern route,10043,11457,1414,7243.67,3.7
2026-05-07,Avianca,AV913,Washington,Abu Dhabi,USA,UAE,North America,Middle East,Via Strait of Hormuz,Via Red Sea–Suez route,9776,10436,660,3126.21,4.2
2026-05-07,Mahan Air,MA8857,Doha,Shanghai,Qatar,China,Middle East,Asia Pacific,Direct Middle East overfly,Via Central Asian detour,10908,12315,1407,9694.52,1.3
2026-05-07,South African Airways,SO2668,São Paulo,London,Brazil,UK,Latin America,Europe,Via Strait of Hormuz,Via Red Sea–Suez route,6773,7657,884,4956.69,5.7
2026-05-07,WestJet,WE2430,Ho Chi Minh City,Doha,Vietnam,Qatar,Asia Pacific,Middle East,Direct Gulf route,Via Jordan–Egypt alternate,7642,8205,563,1971.13,0.8
2026-05-07,Aeroflot,AE2615,Dubai,Frankfurt,UAE,Germany,Middle East,Europe,Via Persian Gulf,Via Indian Ocean southern route,3501,5613,2112,10979.08,5.8
2026-05-07,Emirates SkyCargo,EM7147,Shanghai,Dubai,China,UAE,Asia Pacific,Middle East,Via Persian Gulf,Via Indian Ocean southern route,10906,14338,3432,15428.45,5.5
2026-05-07,Air India,AI2879,Dubai,Karachi,UAE,Pakistan,Middle East,South Asia,Direct Gulf route,Via Jordan–Egypt alternate,6930,7603,673,4339.93,3.6
2026-05-07,Jazeera Airways,JA4924,Dubai,São Paulo,UAE,Brazil,Middle East,Latin America,Direct Gulf route,Via Jordan–Egypt alternate,3587,4758,1171,5518.07,5.7
2026-05-08,Iran Air,IR3783,London,Seoul,UK,South Korea,Europe,Asia Pacific,Via Persian Gulf,Via Indian Ocean southern route,6191,8741,2550,12764.35,2.5
2026-05-08,Azul Brazilian Airlines,AZ8612,Dubai,Toronto,UAE,Canada,Middle East,North America,Direct Middle East overfly,Via Central Asian detour,6256,7279,1023,6778.61,2.4
2026-05-08,SpiceJet,SP7879,Dubai,Shanghai,UAE,China,Middle East,Asia Pacific,Direct Middle East overfly,Via Central Asian detour,3542,6006,2464,13824.68,0.8
2026-05-08,Mahan Air,MA3802,Doha,Chicago,Qatar,USA,Middle East,North America,Direct Middle East overfly,Via Central Asian detour,11258,13428,2170,10251.26,1.2
2026-05-08,Singapore Airlines,SI1958,Doha,London,Qatar,UK,Middle East,Europe,Direct Gulf route,Via Jordan–Egypt alternate,5466,6269,803,3293.61,2.4
2026-05-08,Southwest Airlines,SO2120,Seoul,Dubai,South Korea,UAE,Asia Pacific,Middle East,Via Baghdad FIR,Via Ankara–Baku corridor,11052,12084,1032,4115.51,2.2
2026-05-08,Air Arabia,AI478,Moscow,Tehran,Russia,Iran,Europe,Middle East,Via Strait of Hormuz,Via Red Sea–Suez route,3596,4544,948,4234.61,2.6
2026-05-08,Saudi Arabian Airlines,SA7107,Doha,Seoul,Qatar,South Korea,Middle East,Asia Pacific,Direct Gulf route,Via Jordan–Egypt alternate,9086,9549,463,2990.92,1.1
2026-05-08,KLM,KL2450,Kuala Lumpur,Dubai,Malaysia,UAE,Asia Pacific,Middle East,Direct Middle East overfly,Via Central Asian detour,4501,6527,2026,10502.07,4.9
2026-05-08,Swiss International Air Lines,SW2016,Riyadh,New York,Saudi Arabia,USA,Middle East,North America,Direct Tehran overfly,Via Ashgabat–Almaty route,2284,4241,1957,9560.8,4.5
2026-05-08,Thai Airways,TH1525,Abu Dhabi,Sydney,UAE,Australia,Middle East,Asia Pacific,Via Iran/Iraq corridor,Via Egypt–East Africa southern route,8723,11379,2656,10552.27,4.6
2026-05-08,Thai Airways,TH5920,Los Angeles,Doha,USA,Qatar,North America,Middle East,Via Strait of Hormuz,Via Red Sea–Suez route,7252,8478,1226,6550.79,4.3
2026-05-08,Qatar Airways,QA7887,Zurich,Dubai,Switzerland,UAE,Europe,Middle East,Via Strait of Hormuz,Via Red Sea–Suez route,6796,8070,1274,6630.05,0.7
2026-05-08,Atlas Air,AT360,Doha,New York,Qatar,USA,Middle East,North America,Via Iran/Iraq corridor,Via Egypt–East Africa southern route,7187,8305,1118,4153.38,3.3
2026-05-08,Iberia,IB6026,London,Abu Dhabi,UK,UAE,Europe,Middle East,Direct Middle East overfly,Via Central Asian detour,5318,7359,2041,9328.07,1.4
2026-05-08,Air China,AI1291,Paris,Beirut,France,Lebanon,Europe,Middle East,Via Iran/Iraq corridor,Via Egypt–East Africa southern route,11350,12835,1485,10039.6,0.7
2026-05-08,Cathay Pacific,CA2096,New York,Dubai,USA,UAE,North America,Middle East,Via Iran/Iraq corridor,Via Egypt–East Africa southern route,2394,3964,1570,6994.63,0.4
2026-05-08,Air India,AI4121,Stockholm,Dubai,Sweden,UAE,Europe,Middle East,Direct Middle East overfly,Via Central Asian detour,2422,4699,2277,12076.2,3.2
2026-05-08,easyJet,EA4795,Dubai,Sydney,UAE,Australia,Middle East,Asia Pacific,Direct Tehran overfly,Via Ashgabat–Almaty route,6227,7906,1679,6978.81,1.1
2026-05-08,Atlas Air,AT1847,Mumbai,Doha,India,Qatar,South Asia,Middle East,Via Iran/Iraq corridor,Via Turkey–Kazakhstan northern route,6326,7328,1002,6078.34,4.9
2026-05-09,TAP Air Portugal,TA6467,Tehran,Istanbul,Iran,Turkey,Middle East,Middle East,Direct Middle East overfly,Via Central Asian detour,5263,6522,1259,5332.65,4.4
2026-05-09,Swiss International Air Lines,SW6576,Johannesburg,London,South Africa,UK,Africa,Europe,Direct Middle East overfly,Via Central Asian detour,8167,10058,1891,12703.17,2.0
2026-05-09,Ryanair,RY3142,Paris,Doha,France,Qatar,Europe,Middle East,Via Strait of Hormuz,Via Red Sea–Suez route,7834,9203,1369,6567.01,3.6
2026-05-09,Delta Air Lines,DE9037,Jakarta,Dubai,Indonesia,UAE,Asia Pacific,Middle East,Via Strait of Hormuz,Via Red Sea–Suez route,3579,4260,681,2841.74,2.4
2026-05-09,Garuda Indonesia,GA5144,Mumbai,Dubai,India,UAE,South Asia,Middle East,Via Baghdad FIR,Via Ankara–Baku corridor,4070,5196,1126,5953.67,1.6
2026-05-09,Qantas,QA907,Casablanca,Paris,Morocco,France,Africa,Europe,Via Baghdad FIR,Via Ankara–Baku corridor,4605,5186,581,3513.78,5.9
2026-05-09,Emirates SkyCargo,EM9091,Abu Dhabi,Sydney,UAE,Australia,Middle East,Asia Pacific,Via Baghdad FIR,Via Ankara–Baku corridor,4852,5800,948,4360.1,5.4
2026-05-09,Gulf Air,GU3361,Madrid,Mexico City,Spain,Mexico,Europe,Latin America,Via Strait of Hormuz,Via Red Sea–Suez route,6582,7339,757,3238.49,3.5
2026-05-09,Air France,AI5483,Addis Ababa,London,Ethiopia,UK,Africa,Europe,Direct Tehran overfly,Via Ashgabat–Almaty route,7967,9511,1544,8285.67,5.7
2026-05-09,Gulf Air,GU313,London,Singapore,UK,Singapore,Europe,Asia Pacific,Direct Tehran overfly,Via Ashgabat–Almaty route,7144,8131,987,4461.67,5.5
2026-05-09,Azul Brazilian Airlines,AZ2070,Doha,Moscow,Qatar,Russia,Middle East,Europe,Via Baghdad FIR,Via Ankara–Baku corridor,2113,2724,611,2950.08,5.5
2026-05-09,Cathay Pacific,CA2382,Dubai,Auckland,UAE,New Zealand,Middle East,Asia Pacific,Via Iran/Iraq corridor,Via Egypt–East Africa southern route,8565,9623,1058,4731.32,0.9
2026-05-09,Pakistan International Airlines,PA8208,Auckland,Singapore,New Zealand,Singapore,Asia Pacific,Asia Pacific,Via Persian Gulf,Via Indian Ocean southern route,5595,7635,2040,9047.47,1.4
2026-05-09,WestJet,WE4763,Vancouver,Dubai,Canada,UAE,North America,Middle East,Direct Gulf route,Via Jordan–Egypt alternate,11631,12127,496,2229.53,4.4
2026-05-09,DHL Aviation,DH1293,Singapore,Tokyo,Singapore,Japan,Asia Pacific,Asia Pacific,Via Iran/Iraq corridor,Via Egypt–East Africa southern route,10076,11403,1327,7909.35,1.8
2026-05-10,Mahan Air,MA2867,Bangkok,Dubai,Thailand,UAE,Asia Pacific,Middle East,Direct Middle East overfly,Via Central Asian detour,11928,14053,2125,10799.99,2.3
2026-05-10,Kuwait Airways,KU9796,Seoul,Doha,South Korea,Qatar,Asia Pacific,Middle East,Via Iran/Iraq corridor,Via Turkey–Kazakhstan northern route,8349,9911,1562,6279.76,4.6
2026-05-10,Oman Air,OM8547,Doha,Paris,Qatar,France,Middle East,Europe,Via Iran/Iraq corridor,Via Egypt–East Africa southern route,8399,9945,1546,8284.89,2.2
2026-05-10,Emirates,EM8145,London,Nairobi,UK,Kenya,Europe,Africa,Via Strait of Hormuz,Via Red Sea–Suez route,6954,8540,1586,5597.17,1.2
2026-05-10,Atlas Air,AT7494,Doha,São Paulo,Qatar,Brazil,Middle East,Latin America,Via Strait of Hormuz,Via Red Sea–Suez route,3772,4610,838,4161.75,3.5
2026-05-10,LOT Polish Airlines,LO2295,Sydney,Singapore,Australia,Singapore,Asia Pacific,Asia Pacific,Via Baghdad FIR,Via Ankara–Baku corridor,4181,4810,629,3851.89,4.8
2026-05-10,Swiss International Air Lines,SW1962,Kuwait City,London,Kuwait,UK,Middle East,Europe,Via Iran/Iraq corridor,Via Turkey–Kazakhstan northern route,5222,6606,1384,5920.43,2.6
2026-05-10,Southwest Airlines,SO3461,Doha,Chicago,Qatar,USA,Middle East,North America,Direct Middle East overfly,Via Central Asian detour,2941,4501,1560,7426.65,2.6
2026-05-10,Pakistan International Airlines,PA6872,Beijing,Frankfurt,China,Germany,Asia Pacific,Europe,Via Strait of Hormuz,Via Red Sea–Suez route,11299,12284,985,4080.7,5.5
2026-05-10,UPS Airlines,UP4313,Madrid,Mexico City,Spain,Mexico,Europe,Latin America,Via Persian Gulf,Via Indian Ocean southern route,5923,8641,2718,15579.01,4.0
2026-05-10,Air Canada,AI357,Los Angeles,Singapore,USA,Singapore,North America,Asia Pacific,Via Baghdad FIR,Via Ankara–Baku corridor,9851,11312,1461,5183.8,5.5
2026-05-10,DHL Aviation,DH2853,London,Beijing,UK,China,Europe,Asia Pacific,Direct Middle East overfly,Via Central Asian detour,10432,11686,1254,7635.39,3.6
2026-05-10,China Eastern,CH5716,Dubai,Helsinki,UAE,Finland,Middle East,Europe,Via Strait of Hormuz,Via Red Sea–Suez route,3211,4010,799,4953.85,0.6
2026-05-10,EgyptAir,EG1039,Dubai,Santiago,UAE,Chile,Middle East,Latin America,Direct Tehran overfly,Via Ashgabat–Almaty route,10497,11198,701,2659.18,1.4
2026-05-10,Aeromexico,AE5096,Dubai,Delhi,UAE,India,Middle East,South Asia,Via Iran/Iraq corridor,Via Egypt–East Africa southern route,5390,7738,2348,9110.89,1.5
2026-05-10,easyJet,EA9325,Frankfurt,Dubai,Germany,UAE,Europe,Middle East,Via Baghdad FIR,Via Ankara–Baku corridor,3073,4169,1096,6561.07,1.0
2026-05-10,Air China,AI4931,London,Kuwait City,UK,Kuwait,Europe,Middle East,Via Iran/Iraq corridor,Via Turkey–Kazakhstan northern route,2222,4242,2020,12571.42,4.1
2026-05-10,Iran Air,IR7032,Johannesburg,Dubai,South Africa,UAE,Africa,Middle East,Via Baghdad FIR,Via Ankara–Baku corridor,6719,7859,1140,6886.0,1.4
2026-05-10,Turkish Airlines,TU5878,Vancouver,Dubai,Canada,UAE,North America,Middle East,Direct Tehran overfly,Via Ashgabat–Almaty route,5620,7215,1595,5741.04,2.7
2026-05-10,Aeroflot,AE4277,Toronto,Doha,Canada,Qatar,North America,Middle East,Via Iran/Iraq corridor,Via Egypt–East Africa southern route,3950,5864,1914,11062.77,1.9
2026-05-11,Vietnam Airlines,VI2376,Dubai,Vancouver,UAE,Canada,Middle East,North America,Via Iran/Iraq corridor,Via Egypt–East Africa southern route,2129,4211,2082,14178.98,1.2
2026-05-11,Royal Air Maroc,RO3822,Doha,New York,Qatar,USA,Middle East,North America,Direct Gulf route,Via Jordan–Egypt alternate,2235,3389,1154,5094.25,4.9
2026-05-11,Air Algerie,AI1082,Vancouver,Dubai,Canada,UAE,North America,Middle East,Via Iran/Iraq corridor,Via Egypt–East Africa southern route,3451,5883,2432,10946.99,0.6
2026-05-11,Royal Air Maroc,RO4173,Addis Ababa,Doha,Ethiopia,Qatar,Africa,Middle East,Via Persian Gulf,Via Indian Ocean southern route,8324,9956,1632,7690.05,1.1
2026-05-11,Air Canada,AI8784,Paris,Beirut,France,Lebanon,Europe,Middle East,Direct Gulf route,Via Jordan–Egypt alternate,10635,11614,979,3681.85,1.0
2026-05-11,Saudi Arabian Airlines,SA2694,Delhi,Istanbul,India,Turkey,South Asia,Middle East,Via Persian Gulf,Via Indian Ocean southern route,3396,5698,2302,9629.13,3.3
2026-05-11,TAP Air Portugal,TA8188,Muscat,London,Oman,UK,Middle East,Europe,Via Baghdad FIR,Via Ankara–Baku corridor,8737,9527,790,4632.36,3.4
2026-05-11,Asiana Airlines,AS8402,Lisbon,Doha,Portugal,Qatar,Europe,Middle East,Direct Gulf route,Via Jordan–Egypt alternate,3599,4185,586,2063.93,2.6
2026-05-11,Aeromexico,AE4357,Dubai,Istanbul,UAE,Turkey,Middle East,Middle East,Via Strait of Hormuz,Via Red Sea–Suez route,10275,11226,951,5275.22,0.4
2026-05-11,Jazeera Airways,JA623,London,Abu Dhabi,UK,UAE,Europe,Middle East,Via Persian Gulf,Via Indian Ocean southern route,5180,8426,3246,16911.34,3.5
2026-05-11,Kenya Airways,KE8714,Dubai,Santiago,UAE,Chile,Middle East,Latin America,Direct Tehran overfly,Via Ashgabat–Almaty route,7213,8636,1423,6539.47,4.9
2026-05-11,Japan Airlines,JA6636,London,Tokyo,UK,Japan,Europe,Asia Pacific,Via Iran/Iraq corridor,Via Egypt–East Africa southern route,11426,12513,1087,4868.25,3.1
2026-05-11,Air Arabia,AI3729,Dubai,Beijing,UAE,China,Middle East,Asia Pacific,Direct Tehran overfly,Via Ashgabat–Almaty route,11480,13321,1841,7253.91,2.3
2026-05-11,SpiceJet,SP3135,Mumbai,Doha,India,Qatar,South Asia,Middle East,Direct Tehran overfly,Via Ashgabat–Almaty route,2514,3260,746,4936.4,1.6
2026-05-11,Saudi Arabian Airlines,SA652,Lisbon,Doha,Portugal,Qatar,Europe,Middle East,Via Iran/Iraq corridor,Via Turkey–Kazakhstan northern route,3521,4530,1009,4757.22,2.2
2026-05-11,Delta Air Lines,DE758,Dubai,Madrid,UAE,Spain,Middle East,Europe,Direct Tehran overfly,Via Ashgabat–Almaty route,8016,8859,843,3759.87,2.9
2026-05-11,Etihad Airways,ET6399,Dubai,Delhi,UAE,India,Middle East,South Asia,Direct Gulf route,Via Jordan–Egypt alternate,11820,12741,921,5741.98,4.6
2026-05-11,Emirates,EM3116,Santiago,Dubai,Chile,UAE,Latin America,Middle East,Via Iran/Iraq corridor,Via Turkey–Kazakhstan northern route,11255,12433,1178,6536.8,6.0
2026-05-11,Air Algerie,AI6429,Doha,Madrid,Qatar,Spain,Middle East,Europe,Via Strait of Hormuz,Via Red Sea–Suez route,6665,8449,1784,8303.27,2.1
2026-05-11,British Airways,BR5284,Paris,Beirut,France,Lebanon,Europe,Middle East,Direct Middle East overfly,Via Central Asian detour,6785,8716,1931,10836.38,1.8
2026-05-11,Pakistan International Airlines,PA7867,Frankfurt,Beijing,Germany,China,Europe,Asia Pacific,Via Baghdad FIR,Via Ankara–Baku corridor,4791,5574,783,2881.8,0.7
2026-05-11,Air France,AI2263,Islamabad,Dubai,Pakistan,UAE,South Asia,Middle East,Via Iran/Iraq corridor,Via Egypt–East Africa southern route,11676,14319,2643,10078.16,1.0
2026-05-11,United Airlines,UN8408,Bogotá,Madrid,Colombia,Spain,Latin America,Europe,Via Baghdad FIR,Via Ankara–Baku corridor,7649,9057,1408,4939.88,5.4
2026-05-12,Air Canada,AI5472,Mexico City,Madrid,Mexico,Spain,Latin America,Europe,Via Iran/Iraq corridor,Via Turkey–Kazakhstan northern route,6618,8390,1772,8519.96,5.7
2026-05-12,Royal Air Maroc,RO3374,Dubai,Paris,UAE,France,Middle East,Europe,Via Persian Gulf,Via Indian Ocean southern route,8077,9572,1495,8555.73,0.5
2026-05-12,Cathay Pacific,CA5462,Dubai,Moscow,UAE,Russia,Middle East,Europe,Direct Middle East overfly,Via Central Asian detour,8481,10176,1695,7903.22,2.9
2026-05-12,Aeromexico,AE1820,Cairo,Riyadh,Egypt,Saudi Arabia,North Africa,Middle East,Via Baghdad FIR,Via Ankara–Baku corridor,10513,11038,525,3008.27,1.0
2026-05-12,Iberia,IB9797,Bangkok,Dubai,Thailand,UAE,Asia Pacific,Middle East,Direct Tehran overfly,Via Ashgabat–Almaty route,9804,11766,1962,11812.61,1.6
2026-05-12,Malaysia Airlines,MA8015,London,Nairobi,UK,Kenya,Europe,Africa,Via Iran/Iraq corridor,Via Turkey–Kazakhstan northern route,11307,12699,1392,5356.34,1.3
2026-05-12,Iberia,IB4614,Dubai,Kuala Lumpur,UAE,Malaysia,Middle East,Asia Pacific,Direct Middle East overfly,Via Central Asian detour,8599,10219,1620,7224.42,2.9
2026-05-12,Singapore Airlines,SI4763,London,Kuwait City,UK,Kuwait,Europe,Middle East,Via Strait of Hormuz,Via Red Sea–Suez route,10031,11198,1167,4279.99,3.7
2026-05-12,UPS Airlines,UP7621,Ho Chi Minh City,Doha,Vietnam,Qatar,Asia Pacific,Middle East,Via Baghdad FIR,Via Ankara–Baku corridor,4192,4952,760,3738.62,1.5
2026-05-12,Mahan Air,MA9270,Cairo,Riyadh,Egypt,Saudi Arabia,North Africa,Middle East,Via Iran/Iraq corridor,Via Turkey–Kazakhstan northern route,3007,5205,2198,12119.77,5.2
2026-05-12,ANA,AN2930,Shanghai,Doha,China,Qatar,Asia Pacific,Middle East,Direct Tehran overfly,Via Ashgabat–Almaty route,11290,13008,1718,8961.73,5.1
2026-05-12,Garuda Indonesia,GA8630,Dubai,Cairo,UAE,Egypt,Middle East,North Africa,Via Iran/Iraq corridor,Via Turkey–Kazakhstan northern route,7978,9342,1364,8191.16,5.1
2026-05-12,LOT Polish Airlines,LO8817,Cairo,Kuwait City,Egypt,Kuwait,North Africa,Middle East,Via Iran/Iraq corridor,Via Turkey–Kazakhstan northern route,8882,10213,1331,8621.31,5.5
2026-05-12,Garuda Indonesia,GA4147,Tehran,Moscow,Iran,Russia,Middle East,Europe,Via Strait of Hormuz,Via Red Sea–Suez route,3618,4977,1359,9301.33,4.1
2026-05-12,Iberia,IB9105,Dubai,Zurich,UAE,Switzerland,Middle East,Europe,Direct Tehran overfly,Via Ashgabat–Almaty route,9905,11316,1411,8950.28,5.7
2026-05-12,IndiGo,IN9617,Moscow,Dubai,Russia,UAE,Europe,Middle East,Via Strait of Hormuz,Via Red Sea–Suez route,10811,12512,1701,9880.95,3.6
2026-05-12,TAP Air Portugal,TA6823,Karachi,Dubai,Pakistan,UAE,South Asia,Middle East,Via Strait of Hormuz,Via Red Sea–Suez route,4607,5620,1013,5789.68,2.1
2026-05-12,UPS Airlines,UP1817,São Paulo,Dubai,Brazil,UAE,Latin America,Middle East,Via Iran/Iraq corridor,Via Turkey–Kazakhstan northern route,2707,3862,1155,5893.27,0.8
2026-05-12,Mahan Air,MA5813,Auckland,Singapore,New Zealand,Singapore,Asia Pacific,Asia Pacific,Via Iran/Iraq corridor,Via Egypt–East Africa southern route,5987,8102,2115,10027.25,3.0
2026-05-12,Iran Air,IR7188,London,Dubai,UK,UAE,Europe,Middle East,Direct Middle East overfly,Via Central Asian detour,3344,4436,1092,6115.78,5.3
2026-05-12,EgyptAir,EG7759,Casablanca,Dubai,Morocco,UAE,Africa,Middle East,Direct Tehran overfly,Via Ashgabat–Almaty route,8919,10117,1198,7306.67,4.5
2026-05-12,IndiGo,IN7732,Cairo,Riyadh,Egypt,Saudi Arabia,North Africa,Middle East,Direct Tehran overfly,Via Ashgabat–Almaty route,6634,7416,782,3409.44,4.4
2026-05-12,Azul Brazilian Airlines,AZ8467,Mexico City,Madrid,Mexico,Spain,Latin America,Europe,Direct Middle East overfly,Via Central Asian detour,3880,4803,923,3277.91,1.8
2026-05-13,Etihad Airways,ET7072,Mexico City,Madrid,Mexico,Spain,Latin America,Europe,Direct Middle East overfly,Via Central Asian detour,7652,9129,1477,7364.66,1.6
2026-05-13,flydubai,FL8332,London,Santiago,UK,Chile,Europe,Latin America,Direct Middle East overfly,Via Central Asian detour,10520,11433,913,3296.49,1.3
2026-05-13,flynas,FL7578,Addis Ababa,Dubai,Ethiopia,UAE,Africa,Middle East,Via Persian Gulf,Via Indian Ocean southern route,9991,12085,2094,7643.65,0.8
2026-05-13,Air Arabia,AI2461,Kuwait City,London,Kuwait,UK,Middle East,Europe,Direct Middle East overfly,Via Central Asian detour,5321,7773,2452,15613.27,1.4
2026-05-13,Iberia,IB1165,Auckland,Singapore,New Zealand,Singapore,Asia Pacific,Asia Pacific,Via Baghdad FIR,Via Ankara–Baku corridor,4260,5475,1215,8150.4,3.0
2026-05-13,Turkish Airlines,TU7254,Moscow,Doha,Russia,Qatar,Europe,Middle East,Direct Middle East overfly,Via Central Asian detour,2038,4030,1992,11696.07,3.9
2026-05-13,KLM,KL9043,Paris,Dubai,France,UAE,Europe,Middle East,Direct Tehran overfly,Via Ashgabat–Almaty route,3195,4501,1306,5150.2,5.7
2026-05-13,American Airlines,AM3117,Helsinki,Dubai,Finland,UAE,Europe,Middle East,Direct Middle East overfly,Via Central Asian detour,6624,8419,1795,11909.34,1.6
2026-05-13,Wizz Air,WI9447,Dubai,Hanoi,UAE,Vietnam,Middle East,Asia Pacific,Direct Middle East overfly,Via Central Asian detour,11008,12224,1216,4750.63,4.9
2026-05-13,Southwest Airlines,SO8221,London,Kuala Lumpur,UK,Malaysia,Europe,Asia Pacific,Direct Gulf route,Via Jordan–Egypt alternate,9879,10789,910,4241.89,5.7
2026-05-13,Saudi Arabian Airlines,SA2968,Karachi,Dubai,Pakistan,UAE,South Asia,Middle East,Direct Gulf route,Via Jordan–Egypt alternate,11686,12622,936,3971.12,2.2
2026-05-13,Air Arabia,AI6299,Dubai,Tokyo,UAE,Japan,Middle East,Asia Pacific,Direct Middle East overfly,Via Central Asian detour,9032,10843,1811,8862.08,2.0
2026-05-13,Jazeera Airways,JA6978,Doha,Toronto,Qatar,Canada,Middle East,North America,Direct Tehran overfly,Via Ashgabat–Almaty route,7489,9376,1887,11358.19,2.9
2026-05-13,Air France,AI7349,Madrid,Bogotá,Spain,Colombia,Europe,Latin America,Direct Middle East overfly,Via Central Asian detour,10477,11510,1033,4409.16,3.2
2026-05-14,Air Algerie,AI6709,Madrid,Doha,Spain,Qatar,Europe,Middle East,Via Baghdad FIR,Via Ankara–Baku corridor,3458,4171,713,4950.83,1.3
2026-05-14,Iran Air,IR4517,Helsinki,Dubai,Finland,UAE,Europe,Middle East,Direct Tehran overfly,Via Ashgabat–Almaty route,8889,9871,982,4694.44,5.1
2026-05-14,EgyptAir,EG7226,Guangzhou,Dubai,China,UAE,Asia Pacific,Middle East,Direct Tehran overfly,Via Ashgabat–Almaty route,8100,9508,1408,6578.24,3.8
2026-05-14,Asiana Airlines,AS6356,Frankfurt,Dubai,Germany,UAE,Europe,Middle East,Via Iran/Iraq corridor,Via Egypt–East Africa southern route,11906,13338,1432,6794.1,1.5
2026-05-14,Air China,AI7717,London,Kuwait City,UK,Kuwait,Europe,Middle East,Direct Gulf route,Via Jordan–Egypt alternate,8263,8905,642,4011.74,2.3
2026-05-14,Korean Air,KO5302,Santiago,Dubai,Chile,UAE,Latin America,Middle East,Via Persian Gulf,Via Indian Ocean southern route,8436,10813,2377,16531.66,5.7
2026-05-14,FedEx Express,FE348,Vancouver,Dubai,Canada,UAE,North America,Middle East,Direct Tehran overfly,Via Ashgabat–Almaty route,9550,11345,1795,8183.0,1.5
2026-05-14,China Southern,CH6663,Dubai,Singapore,UAE,Singapore,Middle East,Asia Pacific,Via Iran/Iraq corridor,Via Turkey–Kazakhstan northern route,7952,10086,2134,8009.4,2.4
2026-05-14,Copa Airlines,CO5568,Dubai,Hanoi,UAE,Vietnam,Middle East,Asia Pacific,Direct Tehran overfly,Via Ashgabat–Almaty route,9704,10625,921,4829.25,0.8
2026-05-14,Emirates,EM2708,Riyadh,Cairo,Saudi Arabia,Egypt,Middle East,North Africa,Via Persian Gulf,Via Indian Ocean southern route,11265,14651,3386,17463.76,5.4
2026-05-15,Jazeera Airways,JA3038,London,Riyadh,UK,Saudi Arabia,Europe,Middle East,Via Baghdad FIR,Via Ankara–Baku corridor,3684,5100,1416,7358.16,4.0
2026-05-15,UPS Airlines,UP7186,Bogotá,Madrid,Colombia,Spain,Latin America,Europe,Via Strait of Hormuz,Via Red Sea–Suez route,11112,12209,1097,6844.49,3.8
2026-05-15,Ryanair,RY1235,Doha,Ho Chi Minh City,Qatar,Vietnam,Middle East,Asia Pacific,Via Persian Gulf,Via Indian Ocean southern route,7062,8421,1359,7421.95,5.3
2026-05-15,Copa Airlines,CO8163,Sydney,Singapore,Australia,Singapore,Asia Pacific,Asia Pacific,Direct Gulf route,Via Jordan–Egypt alternate,8504,9179,675,3920.47,2.7
2026-05-15,Jazeera Airways,JA7278,Kuwait City,London,Kuwait,UK,Middle East,Europe,Direct Tehran overfly,Via Ashgabat–Almaty route,9774,10704,930,4789.37,5.2
2026-05-15,Avianca,AV6634,New York,Riyadh,USA,Saudi Arabia,North America,Middle East,Via Iran/Iraq corridor,Via Turkey–Kazakhstan northern route,2316,4218,1902,9005.27,1.0
2026-05-15,TAP Air Portugal,TA6729,Singapore,Los Angeles,Singapore,USA,Asia Pacific,North America,Via Iran/Iraq corridor,Via Turkey–Kazakhstan northern route,3178,4736,1558,9361.82,3.6
2026-05-15,Malaysia Airlines,MA2140,Karachi,Dubai,Pakistan,UAE,South Asia,Middle East,Via Iran/Iraq corridor,Via Turkey–Kazakhstan northern route,8640,10334,1694,8801.77,4.9
2026-05-15,Kuwait Airways,KU9829,Paris,Doha,France,Qatar,Europe,Middle East,Direct Gulf route,Via Jordan–Egypt alternate,6114,6894,780,3493.23,5.0
2026-05-15,Aeromexico,AE440,Riyadh,London,Saudi Arabia,UK,Middle East,Europe,Direct Middle East overfly,Via Central Asian detour,5523,6571,1048,6611.47,0.8
2026-05-15,China Southern,CH6790,Singapore,Dubai,Singapore,UAE,Asia Pacific,Middle East,Via Strait of Hormuz,Via Red Sea–Suez route,2886,4342,1456,9331.85,4.9
2026-05-15,Oman Air,OM2771,Tokyo,Dubai,Japan,UAE,Asia Pacific,Middle East,Via Strait of Hormuz,Via Red Sea–Suez route,9687,10924,1237,8331.59,4.0
2026-05-16,Aeromexico,AE6262,Doha,Paris,Qatar,France,Middle East,Europe,Via Persian Gulf,Via Indian Ocean southern route,5016,7145,2129,13577.59,2.2
2026-05-16,Lufthansa,LU6905,Warsaw,Dubai,Poland,UAE,Europe,Middle East,Via Strait of Hormuz,Via Red Sea–Suez route,8676,9370,694,2839.61,3.8
2026-05-16,SAS,SA2957,Casablanca,Dubai,Morocco,UAE,Africa,Middle East,Direct Gulf route,Via Jordan–Egypt alternate,10661,11151,490,2707.35,2.9
2026-05-16,UPS Airlines,UP8217,Dubai,Santiago,UAE,Chile,Middle East,Latin America,Via Persian Gulf,Via Indian Ocean southern route,5671,8940,3269,19302.89,2.8
2026-05-16,Gulf Air,GU7984,Singapore,London,Singapore,UK,Asia Pacific,Europe,Via Strait of Hormuz,Via Red Sea–Suez route,2903,3528,625,3246.91,1.7
2026-05-16,IndiGo,IN5715,São Paulo,Doha,Brazil,Qatar,Latin America,Middle East,Direct Middle East overfly,Via Central Asian detour,10685,12202,1517,9070.23,0.6
2026-05-16,Azul Brazilian Airlines,AZ5584,Dubai,Frankfurt,UAE,Germany,Middle East,Europe,Via Strait of Hormuz,Via Red Sea–Suez route,4355,5331,976,5832.48,1.4
2026-05-16,FedEx Express,FE3074,Dubai,Mumbai,UAE,India,Middle East,South Asia,Via Baghdad FIR,Via Ankara–Baku corridor,3715,4640,925,4616.22,1.2
2026-05-16,Wizz Air,WI8191,Paris,Dubai,France,UAE,Europe,Middle East,Via Baghdad FIR,Via Ankara–Baku corridor,3182,4255,1073,5887.87,1.3
2026-05-16,Turkish Airlines,TU1641,Dubai,Nairobi,UAE,Kenya,Middle East,Africa,Direct Gulf route,Via Jordan–Egypt alternate,7281,8273,992,4109.87,2.3
2026-05-16,Lufthansa,LU6278,Dubai,Kuala Lumpur,UAE,Malaysia,Middle East,Asia Pacific,Via Strait of Hormuz,Via Red Sea–Suez route,6634,7807,1173,5519.11,1.0
2026-05-17,Etihad Airways,ET2302,Dubai,Johannesburg,UAE,South Africa,Middle East,Africa,Via Iran/Iraq corridor,Via Turkey–Kazakhstan northern route,3596,5592,1996,12588.37,4.1
2026-05-17,Pakistan International Airlines,PA3310,Dubai,Bahrain,UAE,Bahrain,Middle East,Middle East,Via Persian Gulf,Via Indian Ocean southern route,4273,5923,1650,9734.27,3.6
2026-05-17,Japan Airlines,JA7848,Singapore,Sydney,Singapore,Australia,Asia Pacific,Asia Pacific,Direct Gulf route,Via Jordan–Egypt alternate,10804,11218,414,1624.77,0.5
2026-05-17,UPS Airlines,UP4020,Auckland,Singapore,New Zealand,Singapore,Asia Pacific,Asia Pacific,Via Strait of Hormuz,Via Red Sea–Suez route,10480,11223,743,4831.5,1.2
2026-05-17,SpiceJet,SP2402,Dubai,Auckland,UAE,New Zealand,Middle East,Asia Pacific,Via Baghdad FIR,Via Ankara–Baku corridor,6471,7653,1182,7556.26,1.1
2026-05-17,Kuwait Airways,KU318,Vancouver,Dubai,Canada,UAE,North America,Middle East,Direct Gulf route,Via Jordan–Egypt alternate,7429,8118,689,4018.55,4.7
2026-05-17,Air France,AI8837,New York,Doha,USA,Qatar,North America,Middle East,Direct Gulf route,Via Jordan–Egypt alternate,9033,9862,829,3368.3,2.8
2026-05-17,British Airways,BR4337,Sydney,Dubai,Australia,UAE,Asia Pacific,Middle East,Via Iran/Iraq corridor,Via Egypt–East Africa southern route,6029,7848,1819,7869.43,0.9
2026-05-17,Korean Air,KO8890,Sydney,Singapore,Australia,Singapore,Asia Pacific,Asia Pacific,Via Strait of Hormuz,Via Red Sea–Suez route,7802,9307,1505,7052.45,3.4
2026-05-17,Emirates,EM9316,Seoul,London,South Korea,UK,Asia Pacific,Europe,Direct Middle East overfly,Via Central Asian detour,4895,7076,2181,9222.93,4.7
2026-05-18,China Eastern,CH5084,Doha,Paris,Qatar,France,Middle East,Europe,Via Strait of Hormuz,Via Red Sea–Suez route,11238,12987,1749,10352.71,3.9
2026-05-18,Japan Airlines,JA3902,Moscow,Tehran,Russia,Iran,Europe,Middle East,Via Strait of Hormuz,Via Red Sea–Suez route,9046,9829,783,4359.82,4.0
2026-05-18,British Airways,BR766,Singapore,London,Singapore,UK,Asia Pacific,Europe,Direct Tehran overfly,Via Ashgabat–Almaty route,4265,6015,1750,8982.47,2.1
2026-05-18,flydubai,FL865,Doha,Los Angeles,Qatar,USA,Middle East,North America,Via Iran/Iraq corridor,Via Turkey–Kazakhstan northern route,4327,6491,2164,8957.61,2.9
2026-05-18,Copa Airlines,CO8662,Paris,Casablanca,France,Morocco,Europe,Africa,Via Iran/Iraq corridor,Via Egypt–East Africa southern route,5066,7167,2101,13018.35,0.7
2026-05-18,ANA,AN9083,Mumbai,Dubai,India,UAE,South Asia,Middle East,Direct Gulf route,Via Jordan–Egypt alternate,10617,11731,1114,6887.75,3.5
2026-05-18,China Eastern,CH1590,Doha,Lisbon,Qatar,Portugal,Middle East,Europe,Via Baghdad FIR,Via Ankara–Baku corridor,4239,5569,1330,6215.61,1.5
2026-05-18,Oman Air,OM9422,New York,Dubai,USA,UAE,North America,Middle East,Via Persian Gulf,Via Indian Ocean southern route,2444,4257,1813,7960.14,3.6
2026-05-18,LOT Polish Airlines,LO7243,Paris,Doha,France,Qatar,Europe,Middle East,Via Persian Gulf,Via Indian Ocean southern route,10875,13481,2606,17922.44,5.8
2026-05-18,EgyptAir,EG6842,Dubai,Frankfurt,UAE,Germany,Middle East,Europe,Via Persian Gulf,Via Indian Ocean southern route,6030,7714,1684,7148.66,1.9
2026-05-18,Garuda Indonesia,GA6754,Tokyo,Dubai,Japan,UAE,Asia Pacific,Middle East,Via Iran/Iraq corridor,Via Egypt–East Africa southern route,10256,11842,1586,8981.26,2.7
2026-05-18,Delta Air Lines,DE9227,Dubai,Mumbai,UAE,India,Middle East,South Asia,Via Iran/Iraq corridor,Via Egypt–East Africa southern route,7703,10084,2381,15127.63,0.5
2026-05-18,IndiGo,IN3416,Singapore,Tokyo,Singapore,Japan,Asia Pacific,Asia Pacific,Direct Gulf route,Via Jordan–Egypt alternate,10192,10638,446,2524.76,1.8
2026-05-18,Royal Air Maroc,RO2058,Doha,São Paulo,Qatar,Brazil,Middle East,Latin America,Direct Gulf route,Via Jordan–Egypt alternate,11892,12331,439,2251.59,4.2
2026-05-18,China Southern,CH3747,Washington,Abu Dhabi,USA,UAE,North America,Middle East,Via Baghdad FIR,Via Ankara–Baku corridor,3846,4727,881,5941.89,2.5
2026-05-18,Iberia,IB5928,Johannesburg,London,South Africa,UK,Africa,Europe,Via Baghdad FIR,Via Ankara–Baku corridor,4082,5241,1159,4391.43,4.0
2026-05-19,Atlas Air,AT2201,Paris,Beirut,France,Lebanon,Europe,Middle East,Direct Middle East overfly,Via Central Asian detour,3266,5660,2394,16362.3,3.8
2026-05-19,Ethiopian Airlines,ET8309,Dubai,London,UAE,UK,Middle East,Europe,Direct Middle East overfly,Via Central Asian detour,8809,10859,2050,13463.74,2.0
2026-05-19,ANA,AN1554,Zurich,Dubai,Switzerland,UAE,Europe,Middle East,Direct Middle East overfly,Via Central Asian detour,6034,8343,2309,8628.49,0.9
2026-05-19,Vietnam Airlines,VI7181,Moscow,Tehran,Russia,Iran,Europe,Middle East,Via Persian Gulf,Via Indian Ocean southern route,5981,8312,2331,15370.18,3.1
2026-05-19,Air Arabia,AI6992,London,Singapore,UK,Singapore,Europe,Asia Pacific,Via Iran/Iraq corridor,Via Turkey–Kazakhstan northern route,4047,5695,1648,10370.0,0.8
2026-05-19,LOT Polish Airlines,LO7050,Tokyo,London,Japan,UK,Asia Pacific,Europe,Via Baghdad FIR,Via Ankara–Baku corridor,8905,9610,705,3435.57,4.3
2026-05-19,Emirates,EM2542,London,Mexico City,UK,Mexico,Europe,Latin America,Via Baghdad FIR,Via Ankara–Baku corridor,8390,9424,1034,7119.16,1.3
2026-05-19,Asiana Airlines,AS6805,Moscow,Doha,Russia,Qatar,Europe,Middle East,Via Strait of Hormuz,Via Red Sea–Suez route,5768,7189,1421,7809.56,2.1
2026-05-19,ANA,AN6690,Singapore,Dubai,Singapore,UAE,Asia Pacific,Middle East,Via Persian Gulf,Via Indian Ocean southern route,5197,7852,2655,9867.98,0.5
2026-05-19,Kenya Airways,KE7204,Doha,Chicago,Qatar,USA,Middle East,North America,Via Strait of Hormuz,Via Red Sea–Suez route,11242,12147,905,5267.0,2.0
2026-05-19,Royal Air Maroc,RO513,Auckland,Dubai,New Zealand,UAE,Asia Pacific,Middle East,Via Baghdad FIR,Via Ankara–Baku corridor,7902,8473,571,3312.16,5.9
2026-05-19,Swiss International Air Lines,SW3175,Tokyo,Singapore,Japan,Singapore,Asia Pacific,Asia Pacific,Via Iran/Iraq corridor,Via Egypt–East Africa southern route,11195,13698,2503,15774.28,5.3
2026-05-19,Iberia,IB4059,Dubai,Chicago,UAE,USA,Middle East,North America,Direct Gulf route,Via Jordan–Egypt alternate,6601,7291,690,2812.94,5.1
2026-05-19,Southwest Airlines,SO2224,Dubai,Frankfurt,UAE,Germany,Middle East,Europe,Via Strait of Hormuz,Via Red Sea–Suez route,5435,7212,1777,11453.73,0.7
2026-05-19,Oman Air,OM5541,Frankfurt,Dubai,Germany,UAE,Europe,Middle East,Direct Tehran overfly,Via Ashgabat–Almaty route,5877,7665,1788,8739.45,2.9
2026-05-19,SAS,SA9914,Doha,São Paulo,Qatar,Brazil,Middle East,Latin America,Via Iran/Iraq corridor,Via Egypt–East Africa southern route,5576,6934,1358,6643.78,5.7
2026-05-19,Air New Zealand,AI2168,Beijing,Dubai,China,UAE,Asia Pacific,Middle East,Via Persian Gulf,Via Indian Ocean southern route,4926,7943,3017,13892.52,3.1
2026-05-19,Etihad Airways,ET5831,Madrid,Doha,Spain,Qatar,Europe,Middle East,Direct Middle East overfly,Via Central Asian detour,10360,11324,964,5675.09,4.9
2026-05-19,Royal Air Maroc,RO5222,Seoul,London,South Korea,UK,Asia Pacific,Europe,Direct Tehran overfly,Via Ashgabat–Almaty route,10919,12457,1538,9011.33,1.6
2026-05-20,Cathay Pacific,CA3999,Dubai,Nairobi,UAE,Kenya,Middle East,Africa,Via Persian Gulf,Via Indian Ocean southern route,3301,4786,1485,10014.38,1.6
2026-05-20,Thai Airways,TH7820,Santiago,Dubai,Chile,UAE,Latin America,Middle East,Via Iran/Iraq corridor,Via Egypt–East Africa southern route,5923,7485,1562,8814.18,2.9
2026-05-20,United Airlines,UN698,Doha,São Paulo,Qatar,Brazil,Middle East,Latin America,Via Iran/Iraq corridor,Via Egypt–East Africa southern route,4757,5995,1238,7206.65,1.5
2026-05-20,Vietnam Airlines,VI5198,Dubai,Kuala Lumpur,UAE,Malaysia,Middle East,Asia Pacific,Direct Gulf route,Via Jordan–Egypt alternate,7561,8539,978,4479.25,5.2
2026-05-20,flynas,FL3849,Dubai,Tokyo,UAE,Japan,Middle East,Asia Pacific,Via Persian Gulf,Via Indian Ocean southern route,4286,7439,3153,14231.96,5.0
2026-05-20,American Airlines,AM1041,Dubai,Amman,UAE,Jordan,Middle East,Middle East,Direct Middle East overfly,Via Central Asian detour,5137,6934,1797,6981.6,1.0
2026-05-20,Iran Air,IR1651,Abu Dhabi,London,UAE,UK,Middle East,Europe,Via Persian Gulf,Via Indian Ocean southern route,6477,8161,1684,10602.14,5.9
2026-05-20,Copa Airlines,CO4039,Auckland,Dubai,New Zealand,UAE,Asia Pacific,Middle East,Direct Tehran overfly,Via Ashgabat–Almaty route,7379,8752,1373,9597.18,5.0
2026-05-21,Atlas Air,AT9352,Tehran,Beijing,Iran,China,Middle East,Asia Pacific,Via Strait of Hormuz,Via Red Sea–Suez route,8411,9492,1081,4434.36,1.5
2026-05-21,Kenya Airways,KE1046,Beijing,Frankfurt,China,Germany,Asia Pacific,Europe,Via Iran/Iraq corridor,Via Turkey–Kazakhstan northern route,2702,4038,1336,5730.22,3.6
2026-05-21,Qantas,QA734,London,Addis Ababa,UK,Ethiopia,Europe,Africa,Via Persian Gulf,Via Indian Ocean southern route,10086,13314,3228,18268.7,2.5
2026-05-21,Jazeera Airways,JA7806,Doha,Los Angeles,Qatar,USA,Middle East,North America,Direct Tehran overfly,Via Ashgabat–Almaty route,11103,12392,1289,6696.43,5.7
2026-05-21,Turkish Airlines,TU9648,Toronto,Dubai,Canada,UAE,North America,Middle East,Via Strait of Hormuz,Via Red Sea–Suez route,3295,4692,1397,8519.94,1.8
2026-05-21,FedEx Express,FE5845,Kuwait City,London,Kuwait,UK,Middle East,Europe,Via Persian Gulf,Via Indian Ocean southern route,2218,3446,1228,8422.17,2.0
2026-05-21,Emirates,EM4897,London,Mexico City,UK,Mexico,Europe,Latin America,Via Iran/Iraq corridor,Via Turkey–Kazakhstan northern route,3237,4638,1401,7196.49,0.8
2026-05-21,Jazeera Airways,JA6118,London,Los Angeles,UK,USA,Europe,North America,Via Iran/Iraq corridor,Via Egypt–East Africa southern route,11026,13514,2488,13008.46,5.1
2026-05-21,South African Airways,SO1305,Muscat,London,Oman,UK,Middle East,Europe,Via Persian Gulf,Via Indian Ocean southern route,9370,11349,1979,8286.81,2.5
2026-05-21,Air Algerie,AI3934,Paris,Doha,France,Qatar,Europe,Middle East,Direct Tehran overfly,Via Ashgabat–Almaty route,7817,8665,848,5753.27,4.5
2026-05-21,Swiss International Air Lines,SW5931,Zurich,Dubai,Switzerland,UAE,Europe,Middle East,Direct Middle East overfly,Via Central Asian detour,4581,6673,2092,14140.45,3.9
2026-05-21,Atlas Air,AT1711,São Paulo,Doha,Brazil,Qatar,Latin America,Middle East,Via Iran/Iraq corridor,Via Egypt–East Africa southern route,5900,8073,2173,11303.91,3.8
2026-05-21,IndiGo,IN374,São Paulo,London,Brazil,UK,Latin America,Europe,Via Iran/Iraq corridor,Via Turkey–Kazakhstan northern route,6833,7908,1075,6337.68,2.9
2026-05-22,Mahan Air,MA3947,Shanghai,Paris,China,France,Asia Pacific,Europe,Direct Gulf route,Via Jordan–Egypt alternate,2336,3229,893,5720.83,4.1
2026-05-22,Royal Air Maroc,RO8646,Madrid,Doha,Spain,Qatar,Europe,Middle East,Via Iran/Iraq corridor,Via Turkey–Kazakhstan northern route,6267,8075,1808,9993.43,4.1
2026-05-22,Ryanair,RY7331,Paris,Beirut,France,Lebanon,Europe,Middle East,Direct Tehran overfly,Via Ashgabat–Almaty route,3683,4470,787,4201.96,3.8
2026-05-22,Etihad Airways,ET4720,Cairo,Kuwait City,Egypt,Kuwait,North Africa,Middle East,Via Strait of Hormuz,Via Red Sea–Suez route,6937,8345,1408,8921.81,4.9
2026-05-22,Southwest Airlines,SO6056,Seoul,Dubai,South Korea,UAE,Asia Pacific,Middle East,Direct Middle East overfly,Via Central Asian detour,8614,9809,1195,4846.02,1.3
2026-05-22,Swiss International Air Lines,SW9894,Doha,New York,Qatar,USA,Middle East,North America,Direct Tehran overfly,Via Ashgabat–Almaty route,11367,12734,1367,7069.07,2.2
2026-05-22,UPS Airlines,UP995,Doha,Madrid,Qatar,Spain,Middle East,Europe,Via Persian Gulf,Via Indian Ocean southern route,3958,7374,3416,15924.81,3.3
2026-05-22,ANA,AN7031,London,Abu Dhabi,UK,UAE,Europe,Middle East,Via Persian Gulf,Via Indian Ocean southern route,4642,6063,1421,6482.25,5.2
2026-05-22,DHL Aviation,DH597,London,Abu Dhabi,UK,UAE,Europe,Middle East,Via Strait of Hormuz,Via Red Sea–Suez route,8607,9387,780,4885.66,2.4
2026-05-22,Iberia,IB5861,Johannesburg,London,South Africa,UK,Africa,Europe,Via Strait of Hormuz,Via Red Sea–Suez route,7865,8495,630,3423.28,2.2
2026-05-22,TAP Air Portugal,TA894,Kuwait City,Cairo,Kuwait,Egypt,Middle East,North Africa,Via Persian Gulf,Via Indian Ocean southern route,2520,5877,3357,19874.0,5.9
2026-05-22,Kenya Airways,KE3394,Dubai,Frankfurt,UAE,Germany,Middle East,Europe,Via Iran/Iraq corridor,Via Turkey–Kazakhstan northern route,4900,6134,1234,4523.35,1.4
2026-05-23,Iran Air,IR7400,Shanghai,Paris,China,France,Asia Pacific,Europe,Via Baghdad FIR,Via Ankara–Baku corridor,3731,4377,646,4192.76,4.0
2026-05-23,flynas,FL1738,Istanbul,Karachi,Turkey,Pakistan,Middle East,South Asia,Direct Middle East overfly,Via Central Asian detour,9743,11637,1894,7201.31,2.0
2026-05-23,Air China,AI9845,Dubai,Madrid,UAE,Spain,Middle East,Europe,Via Iran/Iraq corridor,Via Turkey–Kazakhstan northern route,6734,7806,1072,4727.1,3.3
2026-05-23,Singapore Airlines,SI9014,Stockholm,Dubai,Sweden,UAE,Europe,Middle East,Direct Tehran overfly,Via Ashgabat–Almaty route,11747,13263,1516,8876.84,2.4
2026-05-23,Vietnam Airlines,VI7996,Doha,Moscow,Qatar,Russia,Middle East,Europe,Via Iran/Iraq corridor,Via Turkey–Kazakhstan northern route,10183,11776,1593,10834.56,1.3
2026-05-23,Air Arabia,AI7641,Dubai,Singapore,UAE,Singapore,Middle East,Asia Pacific,Via Baghdad FIR,Via Ankara–Baku corridor,8242,9168,926,6063.03,5.7
2026-05-23,Swiss International Air Lines,SW6238,Doha,Addis Ababa,Qatar,Ethiopia,Middle East,Africa,Via Iran/Iraq corridor,Via Egypt–East Africa southern route,9264,10888,1624,9816.41,3.7
2026-05-23,Singapore Airlines,SI3889,Doha,Mumbai,Qatar,India,Middle East,South Asia,Via Baghdad FIR,Via Ankara–Baku corridor,11808,12434,626,2995.15,4.1
2026-05-23,ANA,AN3149,Istanbul,Karachi,Turkey,Pakistan,Middle East,South Asia,Via Persian Gulf,Via Indian Ocean southern route,10030,13219,3189,13246.69,5.6
2026-05-23,Mahan Air,MA6534,São Paulo,London,Brazil,UK,Latin America,Europe,Direct Tehran overfly,Via Ashgabat–Almaty route,9552,10356,804,5075.4,3.8
2026-05-23,IndiGo,IN3242,Hanoi,Dubai,Vietnam,UAE,Asia Pacific,Middle East,Direct Gulf route,Via Jordan–Egypt alternate,4029,4670,641,2591.15,5.1
2026-05-23,Atlas Air,AT2180,Moscow,Tehran,Russia,Iran,Europe,Middle East,Via Baghdad FIR,Via Ankara–Baku corridor,11643,12396,753,4841.8,3.5
2026-05-23,Japan Airlines,JA5289,Cairo,Dubai,Egypt,UAE,North Africa,Middle East,Direct Tehran overfly,Via Ashgabat–Almaty route,6662,8054,1392,9569.13,2.6
2026-05-23,Ryanair,RY7774,Auckland,Dubai,New Zealand,UAE,Asia Pacific,Middle East,Via Persian Gulf,Via Indian Ocean southern route,9600,11932,2332,12123.11,1.7
2026-05-23,Jazeera Airways,JA912,São Paulo,London,Brazil,UK,Latin America,Europe,Direct Gulf route,Via Jordan–Egypt alternate,4520,5664,1144,6437.32,4.4
2026-05-23,Kenya Airways,KE3253,Karachi,Istanbul,Pakistan,Turkey,South Asia,Middle East,Via Strait of Hormuz,Via Red Sea–Suez route,6330,7325,995,4840.49,5.3
2026-05-23,Qatar Airways,QA359,Kuala Lumpur,Dubai,Malaysia,UAE,Asia Pacific,Middle East,Via Persian Gulf,Via Indian Ocean southern route,4171,5591,1420,9498.14,1.2
2026-05-23,EgyptAir,EG5119,Mumbai,Kuwait City,India,Kuwait,South Asia,Middle East,Via Strait of Hormuz,Via Red Sea–Suez route,9121,10282,1161,5948.36,4.4
2026-05-23,Delta Air Lines,DE559,Dubai,Bahrain,UAE,Bahrain,Middle East,Middle East,Direct Gulf route,Via Jordan–Egypt alternate,6379,7464,1085,4663.22,2.5
2026-05-23,easyJet,EA3277,Paris,Doha,France,Qatar,Europe,Middle East,Via Persian Gulf,Via Indian Ocean southern route,8785,11941,3156,19800.52,4.5
2026-05-23,Jazeera Airways,JA3338,Shanghai,Paris,China,France,Asia Pacific,Europe,Via Iran/Iraq corridor,Via Turkey–Kazakhstan northern route,11115,12130,1015,3598.15,3.2
2026-05-23,Japan Airlines,JA4414,Seoul,Dubai,South Korea,UAE,Asia Pacific,Middle East,Direct Middle East overfly,Via Central Asian detour,7816,10106,2290,12777.28,3.5
2026-05-24,Gulf Air,GU6737,Dubai,New York,UAE,USA,Middle East,North America,Direct Middle East overfly,Via Central Asian detour,11200,12172,972,5323.32,3.1
2026-05-24,Air India,AI4194,Seoul,Dubai,South Korea,UAE,Asia Pacific,Middle East,Via Strait of Hormuz,Via Red Sea–Suez route,6723,8382,1659,5915.62,2.3
2026-05-24,Kuwait Airways,KU2777,London,Sydney,UK,Australia,Europe,Asia Pacific,Via Iran/Iraq corridor,Via Egypt–East Africa southern route,8342,9673,1331,8550.1,5.7
2026-05-24,China Southern,CH6389,Kuwait City,Cairo,Kuwait,Egypt,Middle East,North Africa,Via Baghdad FIR,Via Ankara–Baku corridor,6301,6872,571,3687.14,1.3
2026-05-24,Malaysia Airlines,MA2709,Dubai,New York,UAE,USA,Middle East,North America,Via Baghdad FIR,Via Ankara–Baku corridor,10405,11676,1271,7858.15,0.6
2026-05-24,Air Canada,AI9823,New York,Doha,USA,Qatar,North America,Middle East,Via Iran/Iraq corridor,Via Turkey–Kazakhstan northern route,5392,6871,1479,5332.63,5.4
2026-05-24,Air Algerie,AI9689,Helsinki,Dubai,Finland,UAE,Europe,Middle East,Direct Gulf route,Via Jordan–Egypt alternate,8752,9814,1062,5669.57,3.0
2026-05-24,Southwest Airlines,SO8170,Sydney,Dubai,Australia,UAE,Asia Pacific,Middle East,Via Iran/Iraq corridor,Via Egypt–East Africa southern route,9480,12075,2595,12374.15,3.4
2026-05-24,easyJet,EA6615,Dubai,Shanghai,UAE,China,Middle East,Asia Pacific,Via Iran/Iraq corridor,Via Egypt–East Africa southern route,6095,8757,2662,17655.89,3.0
2026-05-24,LOT Polish Airlines,LO1458,Doha,Addis Ababa,Qatar,Ethiopia,Middle East,Africa,Via Baghdad FIR,Via Ankara–Baku corridor,4142,5114,972,5086.07,0.8
2026-05-24,Qatar Airways,QA1288,Dubai,Santiago,UAE,Chile,Middle East,Latin America,Via Iran/Iraq corridor,Via Egypt–East Africa southern route,8839,10796,1957,10597.57,3.7
2026-05-24,Asiana Airlines,AS4262,London,Doha,UK,Qatar,Europe,Middle East,Via Persian Gulf,Via Indian Ocean southern route,8219,11454,3235,16523.65,3.5
2026-05-24,American Airlines,AM441,Istanbul,Karachi,Turkey,Pakistan,Middle East,South Asia,Via Strait of Hormuz,Via Red Sea–Suez route,5719,6519,800,3640.25,5.6
2026-05-25,Aeromexico,AE3672,London,Addis Ababa,UK,Ethiopia,Europe,Africa,Direct Tehran overfly,Via Ashgabat–Almaty route,2465,4139,1674,7114.42,5.8
2026-05-25,Air New Zealand,AI5389,Dubai,Casablanca,UAE,Morocco,Middle East,Africa,Via Iran/Iraq corridor,Via Turkey–Kazakhstan northern route,5863,7454,1591,6909.78,5.9
2026-05-25,TAP Air Portugal,TA7834,Chicago,Doha,USA,Qatar,North America,Middle East,Direct Gulf route,Via Jordan–Egypt alternate,10422,11181,759,3421.42,3.9
2026-05-25,Vietnam Airlines,VI6929,Abu Dhabi,London,UAE,UK,Middle East,Europe,Via Iran/Iraq corridor,Via Egypt–East Africa southern route,2541,4702,2161,12932.26,5.1
2026-05-25,Air Arabia,AI1206,Dubai,London,UAE,UK,Middle East,Europe,Via Iran/Iraq corridor,Via Turkey–Kazakhstan northern route,11511,12428,917,3986.78,5.6
2026-05-25,flynas,FL393,Doha,London,Qatar,UK,Middle East,Europe,Via Persian Gulf,Via Indian Ocean southern route,8524,10214,1690,8169.75,5.1
2026-05-25,Air Arabia,AI4163,London,Santiago,UK,Chile,Europe,Latin America,Direct Tehran overfly,Via Ashgabat–Almaty route,11791,13218,1427,8531.13,4.2
2026-05-25,Jazeera Airways,JA3246,Frankfurt,Dubai,Germany,UAE,Europe,Middle East,Via Persian Gulf,Via Indian Ocean southern route,11821,15291,3470,23883.08,1.9
2026-05-25,WestJet,WE9638,Istanbul,Dubai,Turkey,UAE,Middle East,Middle East,Via Persian Gulf,Via Indian Ocean southern route,4626,7726,3100,17600.45,4.7
2026-05-25,Mahan Air,MA4205,Addis Ababa,Dubai,Ethiopia,UAE,Africa,Middle East,Via Persian Gulf,Via Indian Ocean southern route,6810,10048,3238,21120.15,5.6
2026-05-25,flynas,FL7836,Kuala Lumpur,London,Malaysia,UK,Asia Pacific,Europe,Via Iran/Iraq corridor,Via Egypt–East Africa southern route,6270,7437,1167,7922.89,5.5
2026-05-25,Iberia,IB3078,Mexico City,London,Mexico,UK,Latin America,Europe,Direct Middle East overfly,Via Central Asian detour,4400,6424,2024,13966.66,4.2
2026-05-25,Pakistan International Airlines,PA7560,Dubai,Addis Ababa,UAE,Ethiopia,Middle East,Africa,Direct Gulf route,Via Jordan–Egypt alternate,9058,10176,1118,4000.38,2.0
2026-05-25,Emirates SkyCargo,EM8596,London,Sydney,UK,Australia,Europe,Asia Pacific,Direct Tehran overfly,Via Ashgabat–Almaty route,9216,10511,1295,8986.42,6.0
2026-05-25,Wizz Air,WI6216,Doha,Lahore,Qatar,Pakistan,Middle East,South Asia,Via Baghdad FIR,Via Ankara–Baku corridor,9632,10745,1113,7749.81,6.0
2026-05-25,Emirates,EM2881,Madrid,Bogotá,Spain,Colombia,Europe,Latin America,Via Baghdad FIR,Via Ankara–Baku corridor,11049,12289,1240,5076.49,2.9
2026-05-26,South African Airways,SO9174,São Paulo,Doha,Brazil,Qatar,Latin America,Middle East,Via Baghdad FIR,Via Ankara–Baku corridor,10195,10933,738,4647.05,5.7
2026-05-26,LOT Polish Airlines,LO9223,Dubai,Frankfurt,UAE,Germany,Middle East,Europe,Via Baghdad FIR,Via Ankara–Baku corridor,2997,4203,1206,7443.98,5.6
2026-05-26,Emirates,EM217,Washington,Abu Dhabi,USA,UAE,North America,Middle East,Via Strait of Hormuz,Via Red Sea–Suez route,4747,6458,1711,10841.57,2.1
2026-05-26,Avianca,AV2450,Dubai,Frankfurt,UAE,Germany,Middle East,Europe,Via Iran/Iraq corridor,Via Turkey–Kazakhstan northern route,3830,4944,1114,7619.37,5.3
2026-05-26,China Southern,CH584,London,Los Angeles,UK,USA,Europe,North America,Via Baghdad FIR,Via Ankara–Baku corridor,2632,3272,640,3692.56,1.5
2026-05-26,LOT Polish Airlines,LO5625,Bangkok,Dubai,Thailand,UAE,Asia Pacific,Middle East,Via Strait of Hormuz,Via Red Sea–Suez route,3204,4796,1592,5644.34,1.8
2026-05-26,Emirates SkyCargo,EM8128,Dubai,Vancouver,UAE,Canada,Middle East,North America,Via Iran/Iraq corridor,Via Turkey–Kazakhstan northern route,2933,4139,1206,6241.0,4.7
2026-05-26,WestJet,WE3730,Istanbul,Karachi,Turkey,Pakistan,Middle East,South Asia,Direct Middle East overfly,Via Central Asian detour,9152,10938,1786,10053.09,5.5
2026-05-26,Air China,AI1454,Amman,Dubai,Jordan,UAE,Middle East,Middle East,Via Strait of Hormuz,Via Red Sea–Suez route,6583,7412,829,3180.97,2.9
2026-05-26,Cargolux,CA318,Nairobi,Dubai,Kenya,UAE,Africa,Middle East,Via Persian Gulf,Via Indian Ocean southern route,3723,6456,2733,16981.02,0.7
2026-05-26,Air Algerie,AI9492,Kuala Lumpur,Dubai,Malaysia,UAE,Asia Pacific,Middle East,Via Persian Gulf,Via Indian Ocean southern route,7217,10071,2854,14201.47,2.9
2026-05-26,Finnair,FI8318,Doha,Madrid,Qatar,Spain,Middle East,Europe,Via Iran/Iraq corridor,Via Egypt–East Africa southern route,4547,6113,1566,9260.43,1.5
2026-05-26,Royal Air Maroc,RO613,Dubai,Kuala Lumpur,UAE,Malaysia,Middle East,Asia Pacific,Direct Gulf route,Via Jordan–Egypt alternate,4225,5348,1123,6971.54,3.7
2026-05-26,easyJet,EA2721,Tehran,Beijing,Iran,China,Middle East,Asia Pacific,Via Persian Gulf,Via Indian Ocean southern route,3680,7104,3424,17624.16,4.3
2026-05-26,UPS Airlines,UP8910,Dubai,Karachi,UAE,Pakistan,Middle East,South Asia,Direct Gulf route,Via Jordan–Egypt alternate,11923,12530,607,3523.65,4.6
2026-05-26,Aeroflot,AE619,Paris,Casablanca,France,Morocco,Europe,Africa,Via Iran/Iraq corridor,Via Egypt–East Africa southern route,5788,8164,2376,9401.8,5.2
2026-05-26,Kuwait Airways,KU9709,Beijing,Frankfurt,China,Germany,Asia Pacific,Europe,Via Baghdad FIR,Via Ankara–Baku corridor,7463,8901,1438,5846.54,1.8
2026-05-27,Air France,AI2755,Dubai,Frankfurt,UAE,Germany,Middle East,Europe,Via Persian Gulf,Via Indian Ocean southern route,9736,12335,2599,9251.17,2.8
2026-05-27,British Airways,BR5030,Muscat,London,Oman,UK,Middle East,Europe,Via Iran/Iraq corridor,Via Turkey–Kazakhstan northern route,8052,9255,1203,7196.77,0.4
2026-05-27,Air Algerie,AI8122,Dubai,Nairobi,UAE,Kenya,Middle East,Africa,Direct Tehran overfly,Via Ashgabat–Almaty route,5404,6309,905,4533.0,0.7
2026-05-27,China Southern,CH2401,London,Santiago,UK,Chile,Europe,Latin America,Direct Gulf route,Via Jordan–Egypt alternate,6081,7052,971,6159.78,1.5
2026-05-27,Kenya Airways,KE4714,Johannesburg,London,South Africa,UK,Africa,Europe,Via Baghdad FIR,Via Ankara–Baku corridor,10721,12032,1311,5325.14,5.0
2026-05-27,Qantas,QA751,Doha,Seoul,Qatar,South Korea,Middle East,Asia Pacific,Via Iran/Iraq corridor,Via Turkey–Kazakhstan northern route,9658,10783,1125,5808.77,0.8
2026-05-27,flynas,FL2534,Dubai,Singapore,UAE,Singapore,Middle East,Asia Pacific,Direct Tehran overfly,Via Ashgabat–Almaty route,7167,7936,769,3946.2,3.0
2026-05-27,Air France,AI6345,Bahrain,Dubai,Bahrain,UAE,Middle East,Middle East,Direct Tehran overfly,Via Ashgabat–Almaty route,11298,12993,1695,10623.7,5.8
2026-05-27,KLM,KL5357,Dubai,Paris,UAE,France,Middle East,Europe,Via Strait of Hormuz,Via Red Sea–Suez route,3468,5240,1772,10268.92,1.6
2026-05-27,Copa Airlines,CO2028,Paris,Doha,France,Qatar,Europe,Middle East,Via Persian Gulf,Via Indian Ocean southern route,4690,7387,2697,13709.97,4.7
2026-05-27,Vietnam Airlines,VI421,Tokyo,Singapore,Japan,Singapore,Asia Pacific,Asia Pacific,Via Iran/Iraq corridor,Via Turkey–Kazakhstan northern route,10607,11707,1100,4135.05,5.1
2026-05-27,Southwest Airlines,SO2310,Tehran,Istanbul,Iran,Turkey,Middle East,Middle East,Direct Middle East overfly,Via Central Asian detour,7143,8145,1002,4637.71,5.3
2026-05-27,Iran Air,IR984,Johannesburg,Dubai,South Africa,UAE,Africa,Middle East,Direct Gulf route,Via Jordan–Egypt alternate,4725,5551,826,5630.69,5.7
2026-05-27,flydubai,FL3072,Moscow,Tehran,Russia,Iran,Europe,Middle East,Direct Tehran overfly,Via Ashgabat–Almaty route,2171,3861,1690,10153.76,3.0
2026-05-28,SpiceJet,SP362,Cairo,Riyadh,Egypt,Saudi Arabia,North Africa,Middle East,Direct Tehran overfly,Via Ashgabat–Almaty route,4407,5944,1537,9218.66,1.7
2026-05-28,Korean Air,KO7336,New York,Dubai,USA,UAE,North America,Middle East,Via Baghdad FIR,Via Ankara–Baku corridor,8872,10291,1419,7640.55,2.3
2026-05-28,British Airways,BR5986,Istanbul,Delhi,Turkey,India,Middle East,South Asia,Via Iran/Iraq corridor,Via Turkey–Kazakhstan northern route,5416,6990,1574,5676.76,3.3
2026-05-28,Aeroflot,AE4491,London,São Paulo,UK,Brazil,Europe,Latin America,Direct Gulf route,Via Jordan–Egypt alternate,3233,3871,638,3495.09,4.4
2026-05-28,LATAM Airlines,LA3758,Hanoi,Dubai,Vietnam,UAE,Asia Pacific,Middle East,Direct Gulf route,Via Jordan–Egypt alternate,11758,12308,550,2034.76,1.6
2026-05-28,Pakistan International Airlines,PA7480,Tokyo,Dubai,Japan,UAE,Asia Pacific,Middle East,Via Persian Gulf,Via Indian Ocean southern route,5337,8159,2822,11683.57,2.4
2026-05-28,Air New Zealand,AI5386,Tokyo,Singapore,Japan,Singapore,Asia Pacific,Asia Pacific,Direct Middle East overfly,Via Central Asian detour,8741,10961,2220,13743.7,4.4
2026-05-28,Azul Brazilian Airlines,AZ6570,Tokyo,Dubai,Japan,UAE,Asia Pacific,Middle East,Via Baghdad FIR,Via Ankara–Baku corridor,2233,2949,716,2823.26,1.5
2026-05-28,easyJet,EA2264,Dubai,Helsinki,UAE,Finland,Middle East,Europe,Direct Middle East overfly,Via Central Asian detour,8036,9460,1424,7871.96,1.8
2026-05-28,flydubai,FL1179,Abu Dhabi,Washington,UAE,USA,Middle East,North America,Via Iran/Iraq corridor,Via Egypt–East Africa southern route,3436,5401,1965,7874.32,2.6
2026-05-28,Iran Air,IR1000,Bahrain,London,Bahrain,UK,Middle East,Europe,Via Iran/Iraq corridor,Via Egypt–East Africa southern route,11741,13681,1940,6967.2,5.5
2026-05-28,Lufthansa,LU5924,Singapore,Los Angeles,Singapore,USA,Asia Pacific,North America,Via Strait of Hormuz,Via Red Sea–Suez route,10531,11935,1404,7445.75,0.9
2026-05-28,Emirates,EM3322,São Paulo,London,Brazil,UK,Latin America,Europe,Direct Middle East overfly,Via Central Asian detour,2962,5305,2343,15096.77,0.7
2026-05-28,South African Airways,SO8481,Toronto,London,Canada,UK,North America,Europe,Via Strait of Hormuz,Via Red Sea–Suez route,9632,10975,1343,6996.06,3.7
2026-05-28,IndiGo,IN110,Dubai,Zurich,UAE,Switzerland,Middle East,Europe,Via Strait of Hormuz,Via Red Sea–Suez route,11943,13554,1611,8646.56,1.9
2026-05-28,TAP Air Portugal,TA9520,Dubai,Frankfurt,UAE,Germany,Middle East,Europe,Via Iran/Iraq corridor,Via Turkey–Kazakhstan northern route,10396,11610,1214,6294.37,4.0
2026-05-28,Kuwait Airways,KU6244,Frankfurt,Beijing,Germany,China,Europe,Asia Pacific,Direct Middle East overfly,Via Central Asian detour,8884,11203,2319,13721.07,0.9
2026-05-28,SpiceJet,SP3166,Tokyo,Dubai,Japan,UAE,Asia Pacific,Middle East,Direct Gulf route,Via Jordan–Egypt alternate,4295,4821,526,2363.72,2.4
2026-05-28,Ryanair,RY5743,Muscat,London,Oman,UK,Middle East,Europe,Via Iran/Iraq corridor,Via Turkey–Kazakhstan northern route,3148,4112,964,6243.46,1.9
2026-05-28,Mahan Air,MA9683,Shanghai,Doha,China,Qatar,Asia Pacific,Middle East,Direct Middle East overfly,Via Central Asian detour,3873,5105,1232,5257.42,3.5
2026-05-29,LATAM Airlines,LA2853,Seoul,London,South Korea,UK,Asia Pacific,Europe,Via Iran/Iraq corridor,Via Egypt–East Africa southern route,5047,7485,2438,11885.68,4.3
2026-05-29,Air Arabia,AI183,Doha,Paris,Qatar,France,Middle East,Europe,Direct Gulf route,Via Jordan–Egypt alternate,4416,5476,1060,4026.41,0.6
2026-05-29,easyJet,EA451,Dubai,Guangzhou,UAE,China,Middle East,Asia Pacific,Via Baghdad FIR,Via Ankara–Baku corridor,3436,3939,503,2781.48,1.7
2026-05-29,SAS,SA8948,Singapore,London,Singapore,UK,Asia Pacific,Europe,Direct Middle East overfly,Via Central Asian detour,9492,10492,1000,4735.6,5.4
2026-05-29,LATAM Airlines,LA6775,London,Doha,UK,Qatar,Europe,Middle East,Direct Gulf route,Via Jordan–Egypt alternate,9987,11104,1117,7444.5,5.4
2026-05-29,Cathay Pacific,CA5090,Abu Dhabi,Sydney,UAE,Australia,Middle East,Asia Pacific,Direct Middle East overfly,Via Central Asian detour,4764,6154,1390,5211.13,5.2
2026-05-29,FedEx Express,FE5600,New York,Doha,USA,Qatar,North America,Middle East,Direct Middle East overfly,Via Central Asian detour,7335,9078,1743,7726.95,2.6
2026-05-29,Qatar Airways,QA513,Los Angeles,London,USA,UK,North America,Europe,Direct Gulf route,Via Jordan–Egypt alternate,4227,5154,927,5482.87,1.2
2026-05-29,LATAM Airlines,LA2728,Doha,New York,Qatar,USA,Middle East,North America,Direct Tehran overfly,Via Ashgabat–Almaty route,3356,4144,788,4485.92,1.6
2026-05-29,flydubai,FL8444,Singapore,Los Angeles,Singapore,USA,Asia Pacific,North America,Via Strait of Hormuz,Via Red Sea–Suez route,7978,8965,987,4818.63,3.4
2026-05-29,TAP Air Portugal,TA9156,Doha,Toronto,Qatar,Canada,Middle East,North America,Via Baghdad FIR,Via Ankara–Baku corridor,11840,12957,1117,7006.58,3.6
2026-05-29,SAS,SA1281,Dubai,Sydney,UAE,Australia,Middle East,Asia Pacific,Via Iran/Iraq corridor,Via Egypt–East Africa southern route,4941,7540,2599,12270.1,1.1
2026-05-29,Air China,AI5727,Frankfurt,Dubai,Germany,UAE,Europe,Middle East,Via Baghdad FIR,Via Ankara–Baku corridor,11705,13080,1375,7382.52,4.0
2026-05-29,Kuwait Airways,KU8613,Delhi,Dubai,India,UAE,South Asia,Middle East,Via Baghdad FIR,Via Ankara–Baku corridor,11809,12341,532,3091.55,4.2
2026-05-29,Ethiopian Airlines,ET5560,Paris,Beirut,France,Lebanon,Europe,Middle East,Direct Middle East overfly,Via Central Asian detour,7308,8808,1500,10461.61,4.3
2026-05-29,Air India,AI7718,Amman,Dubai,Jordan,UAE,Middle East,Middle East,Via Iran/Iraq corridor,Via Egypt–East Africa southern route,3343,4964,1621,6243.75,3.8
2026-05-29,Mahan Air,MA3350,Dubai,Nairobi,UAE,Kenya,Middle East,Africa,Direct Tehran overfly,Via Ashgabat–Almaty route,9746,11671,1925,12111.38,2.4
2026-05-30,United Airlines,UN1504,Seoul,Doha,South Korea,Qatar,Asia Pacific,Middle East,Direct Middle East overfly,Via Central Asian detour,3581,4749,1168,7875.99,1.5
2026-05-30,Air India,AI8582,Dubai,Vancouver,UAE,Canada,Middle East,North America,Via Strait of Hormuz,Via Red Sea–Suez route,3815,4540,725,4119.49,1.8
2026-05-30,Ryanair,RY9369,Moscow,Doha,Russia,Qatar,Europe,Middle East,Via Strait of Hormuz,Via Red Sea–Suez route,6048,7160,1112,4751.02,3.5
2026-05-30,Royal Air Maroc,RO1960,Riyadh,London,Saudi Arabia,UK,Middle East,Europe,Direct Gulf route,Via Jordan–Egypt alternate,9031,9565,534,2877.08,0.7
2026-05-30,Japan Airlines,JA2864,Beijing,Tehran,China,Iran,Asia Pacific,Middle East,Via Baghdad FIR,Via Ankara–Baku corridor,2980,3524,544,2371.31,5.5
2026-05-30,WestJet,WE7935,Doha,Ho Chi Minh City,Qatar,Vietnam,Middle East,Asia Pacific,Direct Tehran overfly,Via Ashgabat–Almaty route,3163,3967,804,5499.83,1.8
2026-05-30,British Airways,BR3851,Karachi,Dubai,Pakistan,UAE,South Asia,Middle East,Via Strait of Hormuz,Via Red Sea–Suez route,4263,5360,1097,7535.66,3.6
2026-05-30,Kuwait Airways,KU8619,Bogotá,Madrid,Colombia,Spain,Latin America,Europe,Via Persian Gulf,Via Indian Ocean southern route,9507,11951,2444,14069.64,4.6
2026-05-30,Malaysia Airlines,MA3996,Seoul,London,South Korea,UK,Asia Pacific,Europe,Via Strait of Hormuz,Via Red Sea–Suez route,9632,10829,1197,5311.33,5.6
2026-05-30,Copa Airlines,CO7106,Jakarta,Dubai,Indonesia,UAE,Asia Pacific,Middle East,Via Baghdad FIR,Via Ankara–Baku corridor,5389,6282,893,4786.61,2.6
2026-05-30,ANA,AN7302,London,Sydney,UK,Australia,Europe,Asia Pacific,Direct Gulf route,Via Jordan–Egypt alternate,6559,7210,651,4473.07,1.1
2026-05-30,Air Algerie,AI6010,Dubai,New York,UAE,USA,Middle East,North America,Via Baghdad FIR,Via Ankara–Baku corridor,2772,3799,1027,5379.85,4.7
2026-05-30,SpiceJet,SP6453,Cairo,Dubai,Egypt,UAE,North Africa,Middle East,Via Baghdad FIR,Via Ankara–Baku corridor,3976,4955,979,3498.5,5.4
2026-05-30,Pakistan International Airlines,PA4160,Riyadh,London,Saudi Arabia,UK,Middle East,Europe,Via Iran/Iraq corridor,Via Egypt–East Africa southern route,7768,8858,1090,7098.43,5.7
2026-05-30,FedEx Express,FE9496,Dubai,London,UAE,UK,Middle East,Europe,Direct Tehran overfly,Via Ashgabat–Almaty route,8590,9988,1398,6042.45,5.7
2026-05-30,Qatar Airways,QA9154,Tokyo,Dubai,Japan,UAE,Asia Pacific,Middle East,Via Baghdad FIR,Via Ankara–Baku corridor,2673,3365,692,2462.91,1.8
2026-05-30,SAS,SA1710,Dubai,Bahrain,UAE,Bahrain,Middle East,Middle East,Via Persian Gulf,Via Indian Ocean southern route,3607,6516,2909,16652.43,5.5
2026-05-30,Oman Air,OM4113,Chicago,Doha,USA,Qatar,North America,Middle East,Via Iran/Iraq corridor,Via Turkey–Kazakhstan northern route,5637,7486,1849,7460.34,3.1
2026-05-31,Kuwait Airways,KU1652,Los Angeles,London,USA,UK,North America,Europe,Via Iran/Iraq corridor,Via Egypt–East Africa southern route,5788,8349,2561,15030.08,2.7
2026-05-31,Gulf Air,GU3146,Beijing,Dubai,China,UAE,Asia Pacific,Middle East,Direct Gulf route,Via Jordan–Egypt alternate,7811,8261,450,2562.66,0.6
2026-05-31,Thai Airways,TH4142,Chicago,Dubai,USA,UAE,North America,Middle East,Direct Middle East overfly,Via Central Asian detour,9717,11242,1525,8981.94,3.5
2026-05-31,South African Airways,SO9564,Santiago,London,Chile,UK,Latin America,Europe,Direct Tehran overfly,Via Ashgabat–Almaty route,9383,10185,802,2919.23,3.8
2026-05-31,FedEx Express,FE9202,Karachi,Istanbul,Pakistan,Turkey,South Asia,Middle East,Via Baghdad FIR,Via Ankara–Baku corridor,2112,2956,844,5013.66,3.9
2026-05-31,Gulf Air,GU9069,Istanbul,Delhi,Turkey,India,Middle East,South Asia,Direct Gulf route,Via Jordan–Egypt alternate,8222,8938,716,4661.73,3.1
2026-05-31,Air India,AI3453,Toronto,Doha,Canada,Qatar,North America,Middle East,Via Strait of Hormuz,Via Red Sea–Suez route,7370,8436,1066,6567.31,5.9
2026-05-31,Gulf Air,GU3172,Madrid,Doha,Spain,Qatar,Europe,Middle East,Direct Gulf route,Via Jordan–Egypt alternate,3532,4492,960,6517.55,5.7
2026-05-31,EgyptAir,EG3183,Washington,Abu Dhabi,USA,UAE,North America,Middle East,Via Persian Gulf,Via Indian Ocean southern route,9702,10908,1206,4620.22,4.3
2026-05-31,Ryanair,RY5706,London,Riyadh,UK,Saudi Arabia,Europe,Middle East,Direct Gulf route,Via Jordan–Egypt alternate,8524,9118,594,2985.08,1.4
2026-05-31,Azul Brazilian Airlines,AZ664,Doha,Toronto,Qatar,Canada,Middle East,North America,Via Iran/Iraq corridor,Via Egypt–East Africa southern route,5786,8135,2349,13024.35,1.4
2026-05-31,Vietnam Airlines,VI2616,London,Abu Dhabi,UK,UAE,Europe,Middle East,Via Persian Gulf,Via Indian Ocean southern route,4063,6718,2655,12182.13,3.9
2026-05-31,LATAM Airlines,LA1478,Dubai,São Paulo,UAE,Brazil,Middle East,Latin America,Via Persian Gulf,Via Indian Ocean southern route,6077,7829,1752,6515.08,5.2
2026-06-01,WestJet,WE2024,London,Kuwait City,UK,Kuwait,Europe,Middle East,Direct Middle East overfly,Via Central Asian detour,6908,9252,2344,10315.02,1.3
2026-06-01,United Airlines,UN5680,Dubai,Chicago,UAE,USA,Middle East,North America,Via Strait of Hormuz,Via Red Sea–Suez route,10144,11110,966,5598.06,3.1
2026-06-01,UPS Airlines,UP3027,Dubai,Kuala Lumpur,UAE,Malaysia,Middle East,Asia Pacific,Via Baghdad FIR,Via Ankara–Baku corridor,10502,11844,1342,9036.4,2.7
2026-06-01,Air New Zealand,AI8295,Mumbai,Doha,India,Qatar,South Asia,Middle East,Via Iran/Iraq corridor,Via Turkey–Kazakhstan northern route,2918,4943,2025,8715.03,4.8
2026-06-01,LATAM Airlines,LA8390,Bangkok,Dubai,Thailand,UAE,Asia Pacific,Middle East,Via Persian Gulf,Via Indian Ocean southern route,11212,12584,1372,8226.15,5.1
2026-06-01,UPS Airlines,UP5335,Los Angeles,London,USA,UK,North America,Europe,Direct Tehran overfly,Via Ashgabat–Almaty route,5553,7538,1985,13735.99,3.1
2026-06-01,easyJet,EA3646,Doha,Toronto,Qatar,Canada,Middle East,North America,Via Iran/Iraq corridor,Via Turkey–Kazakhstan northern route,3149,5088,1939,13462.7,1.3
2026-06-01,China Southern,CH428,London,Beijing,UK,China,Europe,Asia Pacific,Via Strait of Hormuz,Via Red Sea–Suez route,7312,9072,1760,7941.41,2.2
2026-06-01,Asiana Airlines,AS6991,Bogotá,Madrid,Colombia,Spain,Latin America,Europe,Direct Tehran overfly,Via Ashgabat–Almaty route,8602,9643,1041,4279.59,0.7
2026-06-01,Copa Airlines,CO7283,Kuala Lumpur,Dubai,Malaysia,UAE,Asia Pacific,Middle East,Via Iran/Iraq corridor,Via Egypt–East Africa southern route,6455,7966,1511,8703.54,5.3
2026-06-01,Pakistan International Airlines,PA7662,Frankfurt,Beijing,Germany,China,Europe,Asia Pacific,Via Iran/Iraq corridor,Via Egypt–East Africa southern route,6866,9392,2526,9618.22,1.0
2026-06-01,Emirates SkyCargo,EM1625,Sydney,Abu Dhabi,Australia,UAE,Asia Pacific,Middle East,Via Persian Gulf,Via Indian Ocean southern route,2993,5012,2019,13388.66,5.9
2026-06-01,Air India,AI5278,Singapore,Auckland,Singapore,New Zealand,Asia Pacific,Asia Pacific,Via Iran/Iraq corridor,Via Egypt–East Africa southern route,5073,7485,2412,8867.75,3.2
2026-06-02,Thai Airways,TH8879,Madrid,Doha,Spain,Qatar,Europe,Middle East,Via Baghdad FIR,Via Ankara–Baku corridor,3039,4185,1146,6775.38,4.0
2026-06-02,Qatar Airways,QA1658,London,Addis Ababa,UK,Ethiopia,Europe,Africa,Direct Middle East overfly,Via Central Asian detour,9556,11392,1836,9303.72,0.9
2026-06-02,Cathay Pacific,CA3166,Doha,Lahore,Qatar,Pakistan,Middle East,South Asia,Direct Tehran overfly,Via Ashgabat–Almaty route,9693,11371,1678,11652.75,5.2
2026-06-02,Singapore Airlines,SI1393,Dubai,Toronto,UAE,Canada,Middle East,North America,Via Persian Gulf,Via Indian Ocean southern route,8685,11257,2572,11707.37,3.6
2026-06-02,American Airlines,AM5333,Dubai,Singapore,UAE,Singapore,Middle East,Asia Pacific,Via Strait of Hormuz,Via Red Sea–Suez route,7791,9490,1699,9250.37,4.2
2026-06-02,Air France,AI3607,Mumbai,Dubai,India,UAE,South Asia,Middle East,Direct Tehran overfly,Via Ashgabat–Almaty route,9855,11296,1441,7985.2,0.8
2026-06-02,Air New Zealand,AI8761,Toronto,London,Canada,UK,North America,Europe,Direct Gulf route,Via Jordan–Egypt alternate,8615,9174,559,2347.61,1.3
2026-06-02,Qantas,QA7300,Casablanca,Dubai,Morocco,UAE,Africa,Middle East,Direct Middle East overfly,Via Central Asian detour,2709,4555,1846,7312.24,5.5
2026-06-02,American Airlines,AM8339,London,Tokyo,UK,Japan,Europe,Asia Pacific,Via Persian Gulf,Via Indian Ocean southern route,10226,12408,2182,14718.01,4.9
2026-06-02,Emirates,EM2126,New York,Riyadh,USA,Saudi Arabia,North America,Middle East,Via Baghdad FIR,Via Ankara–Baku corridor,9921,10569,648,4500.81,1.9
2026-06-02,Air Arabia,AI858,Dubai,Seoul,UAE,South Korea,Middle East,Asia Pacific,Via Iran/Iraq corridor,Via Turkey–Kazakhstan northern route,10314,12412,2098,13492.82,5.4
2026-06-02,Garuda Indonesia,GA9991,Dubai,Amman,UAE,Jordan,Middle East,Middle East,Via Iran/Iraq corridor,Via Turkey–Kazakhstan northern route,6691,8852,2161,10777.71,3.1
2026-06-02,American Airlines,AM6318,Dubai,Karachi,UAE,Pakistan,Middle East,South Asia,Direct Middle East overfly,Via Central Asian detour,11241,12750,1509,8245.36,5.4
2026-06-02,Aeroflot,AE5055,Dubai,Nairobi,UAE,Kenya,Middle East,Africa,Direct Tehran overfly,Via Ashgabat–Almaty route,9528,11495,1967,8073.98,4.4
2026-06-02,Vietnam Airlines,VI8474,Cairo,Dubai,Egypt,UAE,North Africa,Middle East,Via Baghdad FIR,Via Ankara–Baku corridor,7082,8564,1482,9068.89,5.8
2026-06-03,easyJet,EA1935,Dubai,Mumbai,UAE,India,Middle East,South Asia,Via Iran/Iraq corridor,Via Egypt–East Africa southern route,7246,9006,1760,8582.03,3.2
2026-06-03,Japan Airlines,JA5967,London,Dubai,UK,UAE,Europe,Middle East,Via Iran/Iraq corridor,Via Turkey–Kazakhstan northern route,9828,11366,1538,10352.23,1.1
2026-06-03,Jazeera Airways,JA4176,Singapore,Auckland,Singapore,New Zealand,Asia Pacific,Asia Pacific,Direct Middle East overfly,Via Central Asian detour,7175,8403,1228,4773.9,2.2
2026-06-03,Pakistan International Airlines,PA3019,Dubai,Vancouver,UAE,Canada,Middle East,North America,Via Baghdad FIR,Via Ankara–Baku corridor,8820,9830,1010,5213.03,0.9
2026-06-03,Swiss International Air Lines,SW4260,Dubai,Karachi,UAE,Pakistan,Middle East,South Asia,Via Persian Gulf,Via Indian Ocean southern route,3503,5578,2075,7438.15,1.2
2026-06-03,Avianca,AV7994,Addis Ababa,Dubai,Ethiopia,UAE,Africa,Middle East,Direct Gulf route,Via Jordan–Egypt alternate,4020,4795,775,4019.99,5.6
2026-06-03,Thai Airways,TH1598,Karachi,Dubai,Pakistan,UAE,South Asia,Middle East,Via Iran/Iraq corridor,Via Egypt–East Africa southern route,6065,7795,1730,8865.31,1.9
2026-06-03,IndiGo,IN467,Dubai,Auckland,UAE,New Zealand,Middle East,Asia Pacific,Direct Gulf route,Via Jordan–Egypt alternate,4967,6087,1120,4188.29,2.9
2026-06-03,Qatar Airways,QA6252,Chicago,Doha,USA,Qatar,North America,Middle East,Via Persian Gulf,Via Indian Ocean southern route,2238,5502,3264,12295.29,3.6
2026-06-03,Etihad Airways,ET8964,New York,Riyadh,USA,Saudi Arabia,North America,Middle East,Via Baghdad FIR,Via Ankara–Baku corridor,10445,11530,1085,5469.01,0.6
2026-06-03,Air Canada,AI931,Dubai,Amman,UAE,Jordan,Middle East,Middle East,Via Persian Gulf,Via Indian Ocean southern route,10092,11478,1386,5875.39,1.5
2026-06-03,Ryanair,RY3016,Dubai,Paris,UAE,France,Middle East,Europe,Via Baghdad FIR,Via Ankara–Baku corridor,5049,6398,1349,4919.95,3.3
2026-06-03,Air Algerie,AI8193,Tokyo,Singapore,Japan,Singapore,Asia Pacific,Asia Pacific,Direct Gulf route,Via Jordan–Egypt alternate,9736,10586,850,5400.0,4.1
2026-06-03,Jazeera Airways,JA5919,Dubai,Shanghai,UAE,China,Middle East,Asia Pacific,Via Persian Gulf,Via Indian Ocean southern route,4817,6905,2088,13468.9,1.7
2026-06-03,South African Airways,SO7718,Moscow,Doha,Russia,Qatar,Europe,Middle East,Direct Middle East overfly,Via Central Asian detour,5296,6880,1584,8174.05,0.5
2026-06-03,British Airways,BR8597,Riyadh,Cairo,Saudi Arabia,Egypt,Middle East,North Africa,Via Baghdad FIR,Via Ankara–Baku corridor,9859,10553,694,4213.4,2.5
2026-06-03,Aeroflot,AE9338,Paris,Doha,France,Qatar,Europe,Middle East,Via Iran/Iraq corridor,Via Egypt–East Africa southern route,11053,12196,1143,4516.68,5.1
2026-06-03,Cargolux,CA2651,Sydney,Dubai,Australia,UAE,Asia Pacific,Middle East,Via Baghdad FIR,Via Ankara–Baku corridor,10579,11847,1268,4858.63,0.6
2026-06-03,Aeromexico,AE6017,Addis Ababa,London,Ethiopia,UK,Africa,Europe,Via Baghdad FIR,Via Ankara–Baku corridor,4653,5272,619,2704.37,4.0
2026-06-03,IndiGo,IN2460,Karachi,Dubai,Pakistan,UAE,South Asia,Middle East,Via Persian Gulf,Via Indian Ocean southern route,8512,10128,1616,8034.74,0.7
2026-06-04,Emirates,EM8844,Dubai,Chicago,UAE,USA,Middle East,North America,Direct Middle East overfly,Via Central Asian detour,6185,8343,2158,10952.23,5.1
2026-06-04,Aeroflot,AE5906,Kuwait City,Mumbai,Kuwait,India,Middle East,South Asia,Via Strait of Hormuz,Via Red Sea–Suez route,11562,12267,705,4500.84,5.7
2026-06-04,Finnair,FI468,Mexico City,London,Mexico,UK,Latin America,Europe,Via Persian Gulf,Via Indian Ocean southern route,10312,12867,2555,9189.17,1.6
2026-06-04,DHL Aviation,DH6844,Seoul,Dubai,South Korea,UAE,Asia Pacific,Middle East,Via Persian Gulf,Via Indian Ocean southern route,10254,12315,2061,10208.46,4.2
2026-06-04,Aeromexico,AE7469,São Paulo,Dubai,Brazil,UAE,Latin America,Middle East,Via Persian Gulf,Via Indian Ocean southern route,7774,9159,1385,5460.71,2.8
2026-06-04,Singapore Airlines,SI6042,Stockholm,Dubai,Sweden,UAE,Europe,Middle East,Via Persian Gulf,Via Indian Ocean southern route,5785,7422,1637,10461.44,3.3
2026-06-04,Turkish Airlines,TU4655,Dubai,Delhi,UAE,India,Middle East,South Asia,Direct Gulf route,Via Jordan–Egypt alternate,8270,8712,442,2145.81,3.9
2026-06-04,flynas,FL1327,Auckland,Dubai,New Zealand,UAE,Asia Pacific,Middle East,Via Baghdad FIR,Via Ankara–Baku corridor,6735,8162,1427,5955.95,3.1
2026-06-04,Emirates SkyCargo,EM961,London,Beijing,UK,China,Europe,Asia Pacific,Direct Gulf route,Via Jordan–Egypt alternate,8418,9498,1080,4463.32,3.2
2026-06-04,Ryanair,RY5218,Riyadh,Islamabad,Saudi Arabia,Pakistan,Middle East,South Asia,Direct Gulf route,Via Jordan–Egypt alternate,6910,7961,1051,7271.01,1.3
2026-06-04,Gulf Air,GU1625,Sydney,Dubai,Australia,UAE,Asia Pacific,Middle East,Direct Tehran overfly,Via Ashgabat–Almaty route,9558,11385,1827,10911.3,4.5
2026-06-04,Vietnam Airlines,VI5356,Riyadh,London,Saudi Arabia,UK,Middle East,Europe,Direct Gulf route,Via Jordan–Egypt alternate,6454,7600,1146,5900.62,5.1
2026-06-04,Air France,AI9609,London,Sydney,UK,Australia,Europe,Asia Pacific,Via Iran/Iraq corridor,Via Egypt–East Africa southern route,10132,11171,1039,6505.03,1.7
2026-06-04,Air Arabia,AI4760,London,Santiago,UK,Chile,Europe,Latin America,Via Baghdad FIR,Via Ankara–Baku corridor,4417,5687,1270,6337.89,1.9
2026-06-04,Cargolux,CA8105,Dubai,Guangzhou,UAE,China,Middle East,Asia Pacific,Via Persian Gulf,Via Indian Ocean southern route,8526,11690,3164,18067.48,2.7
2026-06-04,IndiGo,IN8421,Shanghai,Doha,China,Qatar,Asia Pacific,Middle East,Direct Tehran overfly,Via Ashgabat–Almaty route,7153,8031,878,3855.33,5.8
2026-06-04,Southwest Airlines,SO9559,Ho Chi Minh City,Doha,Vietnam,Qatar,Asia Pacific,Middle East,Via Strait of Hormuz,Via Red Sea–Suez route,6821,8133,1312,4982.59,1.0
2026-06-04,Emirates,EM4837,Sydney,Abu Dhabi,Australia,UAE,Asia Pacific,Middle East,Via Iran/Iraq corridor,Via Egypt–East Africa southern route,10703,11817,1114,6077.14,5.4
2026-06-04,Aeroflot,AE5153,Mexico City,London,Mexico,UK,Latin America,Europe,Direct Tehran overfly,Via Ashgabat–Almaty route,9648,10617,969,4698.87,0.4
2026-06-05,Air New Zealand,AI3095,Tokyo,Dubai,Japan,UAE,Asia Pacific,Middle East,Via Persian Gulf,Via Indian Ocean southern route,4828,7251,2423,11532.85,4.9
2026-06-05,Air Canada,AI7635,Dubai,Moscow,UAE,Russia,Middle East,Europe,Via Iran/Iraq corridor,Via Egypt–East Africa southern route,8315,11079,2764,12592.02,0.8
2026-06-05,Japan Airlines,JA3281,Islamabad,Dubai,Pakistan,UAE,South Asia,Middle East,Via Strait of Hormuz,Via Red Sea–Suez route,9479,10465,986,3698.68,2.7
2026-06-05,Azul Brazilian Airlines,AZ6743,London,Mexico City,UK,Mexico,Europe,Latin America,Via Persian Gulf,Via Indian Ocean southern route,2043,5193,3150,20850.54,0.9
2026-06-05,Japan Airlines,JA4174,Dubai,Paris,UAE,France,Middle East,Europe,Via Iran/Iraq corridor,Via Egypt–East Africa southern route,5124,7854,2730,14283.58,5.3
2026-06-05,Iran Air,IR6065,Singapore,Sydney,Singapore,Australia,Asia Pacific,Asia Pacific,Via Iran/Iraq corridor,Via Turkey–Kazakhstan northern route,4890,6741,1851,6585.89,1.7
2026-06-05,easyJet,EA9097,Doha,Addis Ababa,Qatar,Ethiopia,Middle East,Africa,Direct Middle East overfly,Via Central Asian detour,3277,5344,2067,14350.34,5.0
2026-06-05,DHL Aviation,DH2611,London,Tokyo,UK,Japan,Europe,Asia Pacific,Direct Tehran overfly,Via Ashgabat–Almaty route,4925,6272,1347,5508.23,0.8
2026-06-05,SpiceJet,SP1302,Seoul,Dubai,South Korea,UAE,Asia Pacific,Middle East,Direct Middle East overfly,Via Central Asian detour,4861,7010,2149,10848.55,2.8
2026-06-05,Avianca,AV4659,Singapore,Tokyo,Singapore,Japan,Asia Pacific,Asia Pacific,Via Persian Gulf,Via Indian Ocean southern route,9916,13085,3169,19599.53,3.3
2026-06-05,KLM,KL7708,Dubai,Santiago,UAE,Chile,Middle East,Latin America,Via Iran/Iraq corridor,Via Turkey–Kazakhstan northern route,8265,9833,1568,6014.32,3.5
2026-06-05,Swiss International Air Lines,SW2489,Nairobi,London,Kenya,UK,Africa,Europe,Direct Middle East overfly,Via Central Asian detour,3055,5410,2355,14097.88,3.9
2026-06-05,South African Airways,SO8450,Dubai,Santiago,UAE,Chile,Middle East,Latin America,Via Strait of Hormuz,Via Red Sea–Suez route,7508,9016,1508,9024.19,5.5
2026-06-06,Azul Brazilian Airlines,AZ5563,Abu Dhabi,Washington,UAE,USA,Middle East,North America,Direct Gulf route,Via Jordan–Egypt alternate,9963,11105,1142,5026.32,1.8
2026-06-06,Turkish Airlines,TU829,Chicago,Doha,USA,Qatar,North America,Middle East,Via Persian Gulf,Via Indian Ocean southern route,7603,9396,1793,6450.79,2.6
2026-06-06,EgyptAir,EG5896,London,Abu Dhabi,UK,UAE,Europe,Middle East,Via Strait of Hormuz,Via Red Sea–Suez route,10975,12689,1714,7416.77,5.8
2026-06-06,easyJet,EA9992,Abu Dhabi,Sydney,UAE,Australia,Middle East,Asia Pacific,Via Baghdad FIR,Via Ankara–Baku corridor,9178,10671,1493,7731.69,5.3
2026-06-06,Aeroflot,AE4653,Doha,Moscow,Qatar,Russia,Middle East,Europe,Direct Tehran overfly,Via Ashgabat–Almaty route,3207,4662,1455,8511.72,1.9
2026-06-06,Jazeera Airways,JA8504,Tokyo,Dubai,Japan,UAE,Asia Pacific,Middle East,Direct Tehran overfly,Via Ashgabat–Almaty route,11114,12233,1119,4023.05,1.0
2026-06-06,Japan Airlines,JA3724,Paris,Casablanca,France,Morocco,Europe,Africa,Via Iran/Iraq corridor,Via Turkey–Kazakhstan northern route,3593,5000,1407,4989.68,3.1
2026-06-06,flydubai,FL2621,Dubai,Mumbai,UAE,India,Middle East,South Asia,Via Persian Gulf,Via Indian Ocean southern route,8180,10515,2335,11358.45,4.0
2026-06-06,ANA,AN932,Nairobi,Dubai,Kenya,UAE,Africa,Middle East,Via Persian Gulf,Via Indian Ocean southern route,2982,5108,2126,7934.68,5.2
2026-06-06,Mahan Air,MA5052,Moscow,Tehran,Russia,Iran,Europe,Middle East,Direct Middle East overfly,Via Central Asian detour,9764,10837,1073,5967.88,5.7
2026-06-06,British Airways,BR6501,Dubai,Sydney,UAE,Australia,Middle East,Asia Pacific,Via Persian Gulf,Via Indian Ocean southern route,5912,8650,2738,17092.87,0.6
2026-06-06,Finnair,FI1410,Dubai,Sydney,UAE,Australia,Middle East,Asia Pacific,Direct Tehran overfly,Via Ashgabat–Almaty route,4278,5893,1615,10221.81,4.0
2026-06-06,Air Canada,AI1652,Doha,London,Qatar,UK,Middle East,Europe,Direct Tehran overfly,Via Ashgabat–Almaty route,2802,3546,744,4457.44,0.6
2026-06-06,Malaysia Airlines,MA9945,London,Bahrain,UK,Bahrain,Europe,Middle East,Direct Middle East overfly,Via Central Asian detour,10920,12374,1454,9609.87,5.1
2026-06-07,IndiGo,IN4935,Singapore,Sydney,Singapore,Australia,Asia Pacific,Asia Pacific,Via Baghdad FIR,Via Ankara–Baku corridor,4997,5703,706,3659.88,0.4
2026-06-07,Emirates SkyCargo,EM7202,Doha,Paris,Qatar,France,Middle East,Europe,Via Baghdad FIR,Via Ankara–Baku corridor,4028,4532,504,3439.31,1.5
2026-06-07,flynas,FL9012,Zurich,Dubai,Switzerland,UAE,Europe,Middle East,Direct Tehran overfly,Via Ashgabat–Almaty route,10259,11370,1111,5573.92,5.6
2026-06-07,LOT Polish Airlines,LO4563,Seoul,Dubai,South Korea,UAE,Asia Pacific,Middle East,Direct Gulf route,Via Jordan–Egypt alternate,11783,12717,934,6052.5,2.6
2026-06-07,flydubai,FL240,New York,Doha,USA,Qatar,North America,Middle East,Direct Tehran overfly,Via Ashgabat–Almaty route,9408,11097,1689,11633.38,5.3
2026-06-07,Lufthansa,LU2432,Istanbul,Delhi,Turkey,India,Middle East,South Asia,Via Iran/Iraq corridor,Via Turkey–Kazakhstan northern route,11288,13417,2129,13494.09,5.2
2026-06-07,British Airways,BR7099,Paris,Casablanca,France,Morocco,Europe,Africa,Via Strait of Hormuz,Via Red Sea–Suez route,11788,12806,1018,3899.15,0.6
2026-06-07,Emirates,EM9919,Tokyo,Singapore,Japan,Singapore,Asia Pacific,Asia Pacific,Via Iran/Iraq corridor,Via Egypt–East Africa southern route,8483,9986,1503,6162.14,3.6
2026-06-07,FedEx Express,FE8482,Dubai,Toronto,UAE,Canada,Middle East,North America,Via Persian Gulf,Via Indian Ocean southern route,7508,9015,1507,9346.8,1.6
2026-06-07,Copa Airlines,CO1926,Dubai,Addis Ababa,UAE,Ethiopia,Middle East,Africa,Direct Gulf route,Via Jordan–Egypt alternate,11629,12604,975,3713.9,5.0
2026-06-07,Qantas,QA9084,Amman,Dubai,Jordan,UAE,Middle East,Middle East,Via Persian Gulf,Via Indian Ocean southern route,10038,11952,1914,8609.78,3.9
2026-06-07,Air Arabia,AI8232,Bogotá,Madrid,Colombia,Spain,Latin America,Europe,Via Iran/Iraq corridor,Via Egypt–East Africa southern route,6930,8664,1734,9959.59,3.9
2026-06-07,KLM,KL5285,Toronto,Dubai,Canada,UAE,North America,Middle East,Direct Gulf route,Via Jordan–Egypt alternate,11900,13001,1101,5925.0,3.7
2026-06-07,Air France,AI5596,Kuwait City,Mumbai,Kuwait,India,Middle East,South Asia,Via Strait of Hormuz,Via Red Sea–Suez route,9164,10584,1420,9571.2,2.5
2026-06-07,Vietnam Airlines,VI6231,Dubai,Toronto,UAE,Canada,Middle East,North America,Via Iran/Iraq corridor,Via Turkey–Kazakhstan northern route,3147,5080,1933,11728.19,3.1
2026-06-07,Qantas,QA7031,Addis Ababa,London,Ethiopia,UK,Africa,Europe,Via Iran/Iraq corridor,Via Turkey–Kazakhstan northern route,3146,4109,963,5484.62,2.2
2026-06-07,Swiss International Air Lines,SW5083,London,Mexico City,UK,Mexico,Europe,Latin America,Via Strait of Hormuz,Via Red Sea–Suez route,10475,11200,725,3590.95,2.6
2026-06-07,Cathay Pacific,CA8992,Dubai,Casablanca,UAE,Morocco,Middle East,Africa,Via Baghdad FIR,Via Ankara–Baku corridor,8555,9689,1134,4582.76,2.0
2026-06-07,Korean Air,KO5734,London,Toronto,UK,Canada,Europe,North America,Via Iran/Iraq corridor,Via Egypt–East Africa southern route,5993,8481,2488,15457.97,1.3
2026-06-07,SpiceJet,SP5539,São Paulo,Dubai,Brazil,UAE,Latin America,Middle East,Direct Gulf route,Via Jordan–Egypt alternate,8738,9285,547,3423.14,3.8
2026-06-07,Delta Air Lines,DE9181,Johannesburg,London,South Africa,UK,Africa,Europe,Direct Tehran overfly,Via Ashgabat–Almaty route,6509,7375,866,4091.44,0.5
