date,airline,flight_number,origin,destination,origin_country,destination_country,origin_region,destination_region,aircraft_type,passengers_affected,reason
2026-02-27,Air India,AI3752,Paris,Dubai,France,UAE,Europe,Middle East,Boeing 777-300ER,236,Airspace closure — NOTAM
2026-02-27,KLM,KL4404,Madrid,Doha,Spain,Qatar,Europe,Middle East,Boeing 737 MAX 8,130,Temporary corridor suspension — safety bulletin
2026-02-27,UPS Airlines,UP869,Frankfurt,Beijing,Germany,China,Europe,Asia Pacific,Boeing 787-9 Dreamliner,370,Crew safety — company policy
2026-02-27,British Airways,BR1148,Istanbul,Delhi,Turkey,India,Middle East,South Asia,Airbus A320neo,299,Airspace closure — NOTAM
2026-02-27,UPS Airlines,UP6170,Dubai,Beijing,UAE,China,Middle East,Asia Pacific,Boeing 787-10 Dreamliner,126,Insurance restriction — war zone
2026-02-28,China Eastern,CH9180,Dubai,London,UAE,UK,Middle East,Europe,Airbus A340-600,98,Insurance restriction — war zone
2026-02-28,IndiGo,IN6159,Dubai,Karachi,UAE,Pakistan,Middle East,South Asia,Boeing 777-300ER,137,Airspace closure — NOTAM
2026-02-28,Delta Air Lines,DE2183,Kuwait City,Mumbai,Kuwait,India,Middle East,South Asia,Airbus A380-800,305,Government travel ban
2026-02-28,Atlas Air,AT9293,Riyadh,Cairo,Saudi Arabia,Egypt,Middle East,North Africa,Airbus A330-300,312,Fuel supply disruption
2026-02-28,Southwest Airlines,SO3826,Doha,Toronto,Qatar,Canada,Middle East,North America,Airbus A320neo,307,Security risk — conflict zone
2026-02-28,SAS,SA5786,Muscat,London,Oman,UK,Middle East,Europe,Airbus A350-900,389,Insurance restriction — war zone
2026-02-28,China Southern,CH3642,New York,Doha,USA,Qatar,North America,Middle East,Boeing 737 MAX 8,158,Crew duty-time exceedance after long reroutes
2026-02-28,Southwest Airlines,SO3005,Doha,Mumbai,Qatar,India,Middle East,South Asia,Boeing 787-9 Dreamliner,340,Insurance restriction — war zone
2026-02-28,Iran Air,IR1789,Casablanca,Paris,Morocco,France,Africa,Europe,Boeing 777-200LR,242,Government travel ban
2026-02-28,Aeromexico,AE3896,Beijing,Frankfurt,China,Germany,Asia Pacific,Europe,Airbus A350-900,131,Insurance restriction — war zone
2026-02-28,LOT Polish Airlines,LO3186,London,Mexico City,UK,Mexico,Europe,Latin America,Airbus A330-300,201,ATC flow restrictions — congestion
2026-02-28,TAP Air Portugal,TA2694,London,Kuwait City,UK,Kuwait,Europe,Middle East,Boeing 777-300ER,268,Security risk — conflict zone
2026-03-01,TAP Air Portugal,TA6788,Washington,Abu Dhabi,USA,UAE,North America,Middle East,Airbus A330-300,409,Temporary corridor suspension — safety bulletin
2026-03-01,Gulf Air,GU2427,Istanbul,Delhi,Turkey,India,Middle East,South Asia,Airbus A380-800,326,Airport closure — military activity
2026-03-01,WestJet,WE7644,Addis Ababa,Doha,Ethiopia,Qatar,Africa,Middle East,Airbus A340-600,432,Crew duty-time exceedance after long reroutes
2026-03-01,Japan Airlines,JA1275,New York,Dubai,USA,UAE,North America,Middle East,Boeing 787-10 Dreamliner,87,Security risk — conflict zone
2026-03-01,Pakistan International Airlines,PA4335,Dubai,Karachi,UAE,Pakistan,Middle East,South Asia,Airbus A330-300,414,ATC flow restrictions — congestion
2026-03-01,Saudi Arabian Airlines,SA5316,Dubai,Amman,UAE,Jordan,Middle East,Middle East,Boeing 787-9 Dreamliner,209,Fuel supply disruption
2026-03-01,Mahan Air,MA1259,São Paulo,London,Brazil,UK,Latin America,Europe,Airbus A350-900,443,Security risk — conflict zone
2026-03-01,Jazeera Airways,JA3694,Beijing,Tehran,China,Iran,Asia Pacific,Middle East,Airbus A330-300,185,Crew duty-time exceedance after long reroutes
2026-03-01,Gulf Air,GU9130,Dubai,Sydney,UAE,Australia,Middle East,Asia Pacific,Boeing 737-800,410,Temporary corridor suspension — safety bulletin
2026-03-01,Ethiopian Airlines,ET3564,Abu Dhabi,Washington,UAE,USA,Middle East,North America,Airbus A321neo,419,Airspace closure — NOTAM
2026-03-01,Aeroflot,AE3878,Dubai,Helsinki,UAE,Finland,Middle East,Europe,Boeing 777-300ER,322,Airport closure — military activity
2026-03-01,LATAM Airlines,LA6922,Shanghai,Doha,China,Qatar,Asia Pacific,Middle East,Boeing 737 MAX 8,280,Security risk — conflict zone
2026-03-01,Atlas Air,AT5330,Doha,São Paulo,Qatar,Brazil,Middle East,Latin America,Airbus A380-800,398,Diplomatic advisory — do not fly
2026-03-01,Japan Airlines,JA8192,Beijing,Frankfurt,China,Germany,Asia Pacific,Europe,Boeing 737 MAX 8,232,Crew safety — company policy
2026-03-01,Copa Airlines,CO6698,Dubai,London,UAE,UK,Middle East,Europe,Airbus A350-900,171,Security risk — conflict zone
2026-03-01,Iberia,IB1430,London,Tokyo,UK,Japan,Europe,Asia Pacific,Boeing 787-10 Dreamliner,175,Security risk — conflict zone
2026-03-01,Air Canada,AI7740,London,Muscat,UK,Oman,Europe,Middle East,Boeing 787-9 Dreamliner,85,Airspace closure — NOTAM
2026-03-01,Air New Zealand,AI1260,Madrid,Dubai,Spain,UAE,Europe,Middle East,Boeing 787-10 Dreamliner,134,Crew safety — company policy
2026-03-01,Air India,AI5613,Kuala Lumpur,Dubai,Malaysia,UAE,Asia Pacific,Middle East,Airbus A380-800,232,Diplomatic advisory — do not fly
2026-03-01,China Eastern,CH101,Tehran,Beijing,Iran,China,Middle East,Asia Pacific,Boeing 787-9 Dreamliner,185,Crew duty-time exceedance after long reroutes
2026-03-01,WestJet,WE6012,Dubai,Zurich,UAE,Switzerland,Middle East,Europe,Airbus A350-900,238,Crew duty-time exceedance after long reroutes
2026-03-01,UPS Airlines,UP3570,London,Dubai,UK,UAE,Europe,Middle East,Boeing 787-9 Dreamliner,309,ATC flow restrictions — congestion
2026-03-01,Air China,AI4629,Casablanca,Paris,Morocco,France,Africa,Europe,Boeing 737 MAX 8,192,Crew safety — company policy
2026-03-02,China Southern,CH8464,Nairobi,Dubai,Kenya,UAE,Africa,Middle East,Airbus A380-800,207,Fuel supply disruption
2026-03-02,Air France,AI5770,Doha,Madrid,Qatar,Spain,Middle East,Europe,Boeing 787-9 Dreamliner,227,Security risk — conflict zone
2026-03-02,Ethiopian Airlines,ET9200,Helsinki,Dubai,Finland,UAE,Europe,Middle East,Airbus A330-300,100,Crew safety — company policy
2026-03-02,EgyptAir,EG9519,Los Angeles,Singapore,USA,Singapore,North America,Asia Pacific,Airbus A350-900,147,Government travel ban
2026-03-02,Azul Brazilian Airlines,AZ7052,Dubai,Paris,UAE,France,Middle East,Europe,Airbus A321neo,154,Crew duty-time exceedance after long reroutes
2026-03-02,Finnair,FI661,Tehran,Istanbul,Iran,Turkey,Middle East,Middle East,Boeing 777-300ER,430,Insurance restriction — war zone
2026-03-02,Korean Air,KO7314,London,Bahrain,UK,Bahrain,Europe,Middle East,Airbus A321neo,244,Insurance restriction — war zone
2026-03-02,Turkish Airlines,TU2141,Riyadh,New York,Saudi Arabia,USA,Middle East,North America,Boeing 737-800,436,Airspace closure — NOTAM
2026-03-02,Finnair,FI8969,Riyadh,Islamabad,Saudi Arabia,Pakistan,Middle East,South Asia,Airbus A380-800,91,Government travel ban
2026-03-02,United Airlines,UN8246,Doha,Mumbai,Qatar,India,Middle East,South Asia,Airbus A350-900,263,Diplomatic advisory — do not fly
2026-03-02,FedEx Express,FE3369,Cairo,Kuwait City,Egypt,Kuwait,North Africa,Middle East,Airbus A380-800,96,Crew duty-time exceedance after long reroutes
2026-03-02,SpiceJet,SP2954,Kuala Lumpur,London,Malaysia,UK,Asia Pacific,Europe,Airbus A320neo,181,Security risk — conflict zone
2026-03-02,Qantas,QA7649,Doha,New York,Qatar,USA,Middle East,North America,Airbus A380-800,258,Insurance restriction — war zone
2026-03-02,Air New Zealand,AI2084,Casablanca,Dubai,Morocco,UAE,Africa,Middle East,Airbus A330-300,398,ATC flow restrictions — congestion
2026-03-02,Southwest Airlines,SO6584,Addis Ababa,Dubai,Ethiopia,UAE,Africa,Middle East,Airbus A330-300,183,Fuel supply disruption
2026-03-02,Southwest Airlines,SO4989,Dubai,New York,UAE,USA,Middle East,North America,Airbus A330-300,94,Security risk — conflict zone
2026-03-02,SpiceJet,SP6020,London,Tokyo,UK,Japan,Europe,Asia Pacific,Airbus A380-800,441,ATC flow restrictions — congestion
2026-03-02,Delta Air Lines,DE9584,Madrid,Bogotá,Spain,Colombia,Europe,Latin America,Airbus A321neo,361,Crew safety — company policy
2026-03-02,Etihad Airways,ET2404,London,Kuwait City,UK,Kuwait,Europe,Middle East,Boeing 787-9 Dreamliner,354,Government travel ban
2026-03-02,Kuwait Airways,KU2079,Dubai,Warsaw,UAE,Poland,Middle East,Europe,Boeing 787-10 Dreamliner,217,Government travel ban
2026-03-02,Cathay Pacific,CA4735,London,Doha,UK,Qatar,Europe,Middle East,Boeing 737-800,225,ATC flow restrictions — congestion
2026-03-02,Avianca,AV7820,Singapore,Sydney,Singapore,Australia,Asia Pacific,Asia Pacific,Airbus A380-800,364,Temporary corridor suspension — safety bulletin
2026-03-03,Aeromexico,AE4580,Vancouver,Dubai,Canada,UAE,North America,Middle East,Boeing 787-9 Dreamliner,338,Insurance restriction — war zone
2026-03-03,Air France,AI311,Jakarta,Dubai,Indonesia,UAE,Asia Pacific,Middle East,Boeing 787-9 Dreamliner,410,Crew safety — company policy
2026-03-03,Kenya Airways,KE6315,Tehran,Beijing,Iran,China,Middle East,Asia Pacific,Boeing 777-200LR,405,Diplomatic advisory — do not fly
2026-03-03,KLM,KL2227,São Paulo,London,Brazil,UK,Latin America,Europe,Boeing 777-200LR,117,Crew duty-time exceedance after long reroutes
2026-03-03,Emirates,EM1478,Dubai,Amman,UAE,Jordan,Middle East,Middle East,Airbus A321neo,254,Security risk — conflict zone
2026-03-03,Azul Brazilian Airlines,AZ7354,Doha,Paris,Qatar,France,Middle East,Europe,Airbus A340-600,331,Airport closure — military activity
2026-03-03,Saudi Arabian Airlines,SA5742,Istanbul,Delhi,Turkey,India,Middle East,South Asia,Boeing 787-9 Dreamliner,292,Crew duty-time exceedance after long reroutes
2026-03-03,American Airlines,AM957,Bangkok,Dubai,Thailand,UAE,Asia Pacific,Middle East,Boeing 787-10 Dreamliner,386,Airspace closure — NOTAM
2026-03-03,TAP Air Portugal,TA9469,Doha,Shanghai,Qatar,China,Middle East,Asia Pacific,Airbus A340-600,379,Fuel supply disruption
2026-03-03,EgyptAir,EG4110,Dubai,New York,UAE,USA,Middle East,North America,Boeing 737-800,384,ATC flow restrictions — congestion
2026-03-03,easyJet,EA6152,Auckland,Singapore,New Zealand,Singapore,Asia Pacific,Asia Pacific,Boeing 787-9 Dreamliner,364,Crew safety — company policy
2026-03-03,Aeromexico,AE4694,Auckland,Dubai,New Zealand,UAE,Asia Pacific,Middle East,Boeing 777-300ER,167,Airspace closure — NOTAM
2026-03-03,Kenya Airways,KE6118,Auckland,Singapore,New Zealand,Singapore,Asia Pacific,Asia Pacific,Boeing 787-9 Dreamliner,446,Insurance restriction — war zone
2026-03-03,Etihad Airways,ET882,Doha,Addis Ababa,Qatar,Ethiopia,Middle East,Africa,Airbus A380-800,203,Airport closure — military activity
2026-03-03,LOT Polish Airlines,LO6989,Istanbul,Tehran,Turkey,Iran,Middle East,Middle East,Airbus A350-900,393,Insurance restriction — war zone
2026-03-03,flydubai,FL4723,Dubai,Istanbul,UAE,Turkey,Middle East,Middle East,Airbus A320neo,330,Diplomatic advisory — do not fly
2026-03-03,United Airlines,UN327,Amman,Dubai,Jordan,UAE,Middle East,Middle East,Airbus A350-900,141,Crew duty-time exceedance after long reroutes
2026-03-03,Mahan Air,MA9283,Sydney,Dubai,Australia,UAE,Asia Pacific,Middle East,Airbus A321neo,246,ATC flow restrictions — congestion
2026-03-03,Turkish Airlines,TU8798,Abu Dhabi,Washington,UAE,USA,Middle East,North America,Airbus A330-300,102,Temporary corridor suspension — safety bulletin
2026-03-03,Iran Air,IR345,Mumbai,Dubai,India,UAE,South Asia,Middle East,Airbus A320neo,135,ATC flow restrictions — congestion
2026-03-03,SAS,SA9677,London,Tokyo,UK,Japan,Europe,Asia Pacific,Boeing 737 MAX 8,413,ATC flow restrictions — congestion
2026-03-03,SpiceJet,SP852,Singapore,Auckland,Singapore,New Zealand,Asia Pacific,Asia Pacific,Airbus A320neo,302,Diplomatic advisory — do not fly
2026-03-03,WestJet,WE8530,Abu Dhabi,Washington,UAE,USA,Middle East,North America,Boeing 737 MAX 8,91,Temporary corridor suspension — safety bulletin
2026-03-03,Etihad Airways,ET1903,London,Beijing,UK,China,Europe,Asia Pacific,Boeing 777-300ER,438,Fuel supply disruption
2026-03-03,Ethiopian Airlines,ET2431,London,Bahrain,UK,Bahrain,Europe,Middle East,Boeing 777-300ER,378,ATC flow restrictions — congestion
2026-03-04,Finnair,FI2007,Dubai,Frankfurt,UAE,Germany,Middle East,Europe,Airbus A320neo,94,ATC flow restrictions — congestion
2026-03-04,Air France,AI4115,Doha,Seoul,Qatar,South Korea,Middle East,Asia Pacific,Airbus A321neo,121,Fuel supply disruption
2026-03-04,American Airlines,AM436,Doha,Madrid,Qatar,Spain,Middle East,Europe,Airbus A321neo,283,Airspace closure — NOTAM
2026-03-04,Korean Air,KO7795,Bahrain,Dubai,Bahrain,UAE,Middle East,Middle East,Boeing 777-200LR,172,Government travel ban
2026-03-04,flynas,FL6438,Dubai,Chicago,UAE,USA,Middle East,North America,Boeing 737-800,286,Government travel ban
2026-03-04,Singapore Airlines,SI6479,Los Angeles,London,USA,UK,North America,Europe,Airbus A340-600,252,Airport closure — military activity
2026-03-04,Gulf Air,GU7491,Dubai,São Paulo,UAE,Brazil,Middle East,Latin America,Boeing 787-9 Dreamliner,251,Temporary corridor suspension — safety bulletin
2026-03-04,Royal Air Maroc,RO9221,Shanghai,Doha,China,Qatar,Asia Pacific,Middle East,Boeing 787-10 Dreamliner,305,Crew safety — company policy
2026-03-04,Mahan Air,MA3014,Cairo,Riyadh,Egypt,Saudi Arabia,North Africa,Middle East,Airbus A330-300,406,Crew duty-time exceedance after long reroutes
2026-03-04,Garuda Indonesia,GA652,Riyadh,London,Saudi Arabia,UK,Middle East,Europe,Airbus A340-600,164,Fuel supply disruption
2026-03-04,Iberia,IB1822,Dubai,Amman,UAE,Jordan,Middle East,Middle East,Boeing 777-200LR,127,Insurance restriction — war zone
2026-03-04,Japan Airlines,JA5498,Doha,Paris,Qatar,France,Middle East,Europe,Boeing 777-200LR,154,ATC flow restrictions — congestion
2026-03-04,Asiana Airlines,AS2825,Vancouver,Dubai,Canada,UAE,North America,Middle East,Boeing 737 MAX 8,142,Crew duty-time exceedance after long reroutes
2026-03-04,Azul Brazilian Airlines,AZ9690,Doha,Toronto,Qatar,Canada,Middle East,North America,Airbus A350-900,258,Airport closure — military activity
2026-03-04,Jazeera Airways,JA4634,Bahrain,Dubai,Bahrain,UAE,Middle East,Middle East,Boeing 787-10 Dreamliner,91,Crew duty-time exceedance after long reroutes
2026-03-04,Malaysia Airlines,MA4342,Paris,Shanghai,France,China,Europe,Asia Pacific,Airbus A321neo,97,Crew duty-time exceedance after long reroutes
2026-03-04,Kuwait Airways,KU8650,Dubai,Vancouver,UAE,Canada,Middle East,North America,Airbus A330-300,105,Security risk — conflict zone
2026-03-04,SpiceJet,SP6019,Dubai,New York,UAE,USA,Middle East,North America,Airbus A340-600,267,Fuel supply disruption
2026-03-05,Lufthansa,LU1362,Dubai,Istanbul,UAE,Turkey,Middle East,Middle East,Airbus A320neo,280,Security risk — conflict zone
2026-03-05,SpiceJet,SP4838,Kuwait City,London,Kuwait,UK,Middle East,Europe,Boeing 777-300ER,96,Fuel supply disruption
2026-03-05,Qantas,QA1371,Riyadh,London,Saudi Arabia,UK,Middle East,Europe,Boeing 787-10 Dreamliner,393,Security risk — conflict zone
2026-03-05,Cathay Pacific,CA1855,London,Bahrain,UK,Bahrain,Europe,Middle East,Boeing 787-10 Dreamliner,264,Diplomatic advisory — do not fly
2026-03-05,Iran Air,IR6643,Sydney,Dubai,Australia,UAE,Asia Pacific,Middle East,Airbus A330-300,356,Fuel supply disruption
2026-03-05,Pakistan International Airlines,PA5855,Stockholm,Dubai,Sweden,UAE,Europe,Middle East,Boeing 787-10 Dreamliner,128,Crew safety — company policy
2026-03-05,KLM,KL6227,Los Angeles,Singapore,USA,Singapore,North America,Asia Pacific,Airbus A380-800,395,Insurance restriction — war zone
2026-03-05,Air New Zealand,AI3932,Moscow,Doha,Russia,Qatar,Europe,Middle East,Airbus A321neo,356,Insurance restriction — war zone
2026-03-05,American Airlines,AM3242,London,Abu Dhabi,UK,UAE,Europe,Middle East,Airbus A340-600,408,Crew duty-time exceedance after long reroutes
2026-03-05,Air India,AI2605,Shanghai,Dubai,China,UAE,Asia Pacific,Middle East,Airbus A330-300,150,Diplomatic advisory — do not fly
2026-03-05,Ryanair,RY4269,Mexico City,London,Mexico,UK,Latin America,Europe,Boeing 777-300ER,417,Temporary corridor suspension — safety bulletin
2026-03-05,Kenya Airways,KE7946,Doha,Shanghai,Qatar,China,Middle East,Asia Pacific,Airbus A330-300,88,Insurance restriction — war zone
2026-03-05,LOT Polish Airlines,LO2785,Amman,Dubai,Jordan,UAE,Middle East,Middle East,Boeing 777-300ER,139,Temporary corridor suspension — safety bulletin
2026-03-05,Mahan Air,MA6171,Dubai,Karachi,UAE,Pakistan,Middle East,South Asia,Boeing 777-300ER,310,Fuel supply disruption
2026-03-05,Azul Brazilian Airlines,AZ5760,Dubai,Johannesburg,UAE,South Africa,Middle East,Africa,Airbus A320neo,98,Airport closure — military activity
2026-03-05,easyJet,EA7813,Helsinki,Dubai,Finland,UAE,Europe,Middle East,Airbus A321neo,433,Fuel supply disruption
2026-03-05,British Airways,BR7627,Singapore,London,Singapore,UK,Asia Pacific,Europe,Airbus A330-300,257,Crew safety — company policy
2026-03-05,Air Canada,AI1667,Dubai,Jakarta,UAE,Indonesia,Middle East,Asia Pacific,Airbus A350-900,124,Fuel supply disruption
2026-03-05,Finnair,FI3705,Dubai,Helsinki,UAE,Finland,Middle East,Europe,Airbus A320neo,423,Security risk — conflict zone
2026-03-05,United Airlines,UN940,Dubai,Singapore,UAE,Singapore,Middle East,Asia Pacific,Boeing 787-10 Dreamliner,141,ATC flow restrictions — congestion
2026-03-05,SAS,SA247,Karachi,Dubai,Pakistan,UAE,South Asia,Middle East,Boeing 787-10 Dreamliner,438,ATC flow restrictions — congestion
2026-03-05,South African Airways,SO4432,Frankfurt,Dubai,Germany,UAE,Europe,Middle East,Boeing 737-800,426,Security risk — conflict zone
2026-03-05,LOT Polish Airlines,LO779,London,Seoul,UK,South Korea,Europe,Asia Pacific,Airbus A330-300,386,Security risk — conflict zone
2026-03-05,Swiss International Air Lines,SW9938,Los Angeles,Doha,USA,Qatar,North America,Middle East,Boeing 737 MAX 8,242,Security risk — conflict zone
2026-03-05,Swiss International Air Lines,SW9777,London,Los Angeles,UK,USA,Europe,North America,Airbus A340-600,293,Temporary corridor suspension — safety bulletin
2026-03-05,Iran Air,IR6102,London,Sydney,UK,Australia,Europe,Asia Pacific,Airbus A320neo,206,Airport closure — military activity
2026-03-05,Air India,AI1716,Seoul,Doha,South Korea,Qatar,Asia Pacific,Middle East,Boeing 777-300ER,422,Temporary corridor suspension — safety bulletin
2026-03-05,Cargolux,CA6613,Bangkok,Dubai,Thailand,UAE,Asia Pacific,Middle East,Boeing 777-200LR,419,ATC flow restrictions — congestion
2026-03-05,easyJet,EA4924,London,Singapore,UK,Singapore,Europe,Asia Pacific,Airbus A340-600,286,Crew safety — company policy
2026-03-05,Asiana Airlines,AS5977,Dubai,Auckland,UAE,New Zealand,Middle East,Asia Pacific,Airbus A330-300,92,Airspace closure — NOTAM
2026-03-06,American Airlines,AM652,Dubai,Johannesburg,UAE,South Africa,Middle East,Africa,Boeing 787-9 Dreamliner,181,Airport closure — military activity
2026-03-06,Air Algerie,AI602,Istanbul,Tehran,Turkey,Iran,Middle East,Middle East,Boeing 737 MAX 8,176,Crew safety — company policy
2026-03-06,Air China,AI5413,Ho Chi Minh City,Doha,Vietnam,Qatar,Asia Pacific,Middle East,Boeing 737-800,90,Temporary corridor suspension — safety bulletin
2026-03-06,Japan Airlines,JA7903,Dubai,Singapore,UAE,Singapore,Middle East,Asia Pacific,Airbus A320neo,302,Crew safety — company policy
2026-03-06,Air New Zealand,AI9735,Dubai,New York,UAE,USA,Middle East,North America,Airbus A330-300,424,Temporary corridor suspension — safety bulletin
2026-03-06,UPS Airlines,UP2927,London,Tokyo,UK,Japan,Europe,Asia Pacific,Airbus A380-800,260,Temporary corridor suspension — safety bulletin
2026-03-06,Mahan Air,MA6501,Tokyo,Singapore,Japan,Singapore,Asia Pacific,Asia Pacific,Airbus A350-900,254,Fuel supply disruption
2026-03-06,Azul Brazilian Airlines,AZ9896,Riyadh,Cairo,Saudi Arabia,Egypt,Middle East,North Africa,Boeing 777-200LR,356,Airport closure — military activity
2026-03-06,Avianca,AV2599,Dubai,Tokyo,UAE,Japan,Middle East,Asia Pacific,Boeing 737 MAX 8,411,Airspace closure — NOTAM
2026-03-06,Air India,AI6372,Riyadh,Cairo,Saudi Arabia,Egypt,Middle East,North Africa,Airbus A380-800,128,ATC flow restrictions — congestion
2026-03-06,Cathay Pacific,CA4119,São Paulo,London,Brazil,UK,Latin America,Europe,Boeing 787-10 Dreamliner,438,ATC flow restrictions — congestion
2026-03-06,Kuwait Airways,KU8144,Dubai,Seoul,UAE,South Korea,Middle East,Asia Pacific,Boeing 787-10 Dreamliner,312,Government travel ban
2026-03-06,Singapore Airlines,SI2708,Addis Ababa,Dubai,Ethiopia,UAE,Africa,Middle East,Boeing 737-800,83,Insurance restriction — war zone
2026-03-06,Asiana Airlines,AS3052,Addis Ababa,Doha,Ethiopia,Qatar,Africa,Middle East,Airbus A321neo,273,Crew duty-time exceedance after long reroutes
2026-03-06,flynas,FL6126,Doha,Ho Chi Minh City,Qatar,Vietnam,Middle East,Asia Pacific,Airbus A330-300,154,ATC flow restrictions — congestion
2026-03-06,ANA,AN5164,Doha,Lisbon,Qatar,Portugal,Middle East,Europe,Boeing 737-800,426,Crew duty-time exceedance after long reroutes
2026-03-06,Korean Air,KO4303,Dubai,Amman,UAE,Jordan,Middle East,Middle East,Airbus A380-800,195,Crew safety — company policy
2026-03-06,SpiceJet,SP3651,London,Beijing,UK,China,Europe,Asia Pacific,Airbus A350-900,265,Insurance restriction — war zone
2026-03-06,Avianca,AV269,London,Riyadh,UK,Saudi Arabia,Europe,Middle East,Boeing 787-9 Dreamliner,425,Security risk — conflict zone
2026-03-06,British Airways,BR8978,Dubai,Shanghai,UAE,China,Middle East,Asia Pacific,Boeing 737 MAX 8,123,Crew duty-time exceedance after long reroutes
2026-03-06,Copa Airlines,CO7826,Mumbai,Dubai,India,UAE,South Asia,Middle East,Boeing 737-800,139,Temporary corridor suspension — safety bulletin
2026-03-06,Kuwait Airways,KU4166,Mexico City,Madrid,Mexico,Spain,Latin America,Europe,Airbus A321neo,257,ATC flow restrictions — congestion
2026-03-06,Air New Zealand,AI2352,Karachi,Dubai,Pakistan,UAE,South Asia,Middle East,Airbus A350-900,213,Temporary corridor suspension — safety bulletin
2026-03-06,Iberia,IB657,Dubai,Karachi,UAE,Pakistan,Middle East,South Asia,Airbus A320neo,143,Diplomatic advisory — do not fly
2026-03-06,Oman Air,OM6473,Frankfurt,Dubai,Germany,UAE,Europe,Middle East,Boeing 737-800,167,Security risk — conflict zone
2026-03-06,Air Arabia,AI3403,London,Muscat,UK,Oman,Europe,Middle East,Boeing 787-10 Dreamliner,167,Crew duty-time exceedance after long reroutes
2026-03-06,Iran Air,IR3157,Mumbai,Kuwait City,India,Kuwait,South Asia,Middle East,Airbus A380-800,194,Fuel supply disruption
2026-03-06,Jazeera Airways,JA5275,Dubai,Frankfurt,UAE,Germany,Middle East,Europe,Boeing 777-300ER,285,Crew safety — company policy
2026-03-07,KLM,KL5387,Dubai,Zurich,UAE,Switzerland,Middle East,Europe,Boeing 787-9 Dreamliner,164,Insurance restriction — war zone
2026-03-07,Singapore Airlines,SI4445,Helsinki,Dubai,Finland,UAE,Europe,Middle East,Airbus A380-800,242,ATC flow restrictions — congestion
2026-03-07,Kenya Airways,KE9848,Shanghai,Paris,China,France,Asia Pacific,Europe,Boeing 787-10 Dreamliner,87,Security risk — conflict zone
2026-03-07,flynas,FL4868,Shanghai,Paris,China,France,Asia Pacific,Europe,Boeing 777-300ER,267,Airspace closure — NOTAM
2026-03-07,Saudi Arabian Airlines,SA1403,São Paulo,London,Brazil,UK,Latin America,Europe,Boeing 777-200LR,360,Security risk — conflict zone
2026-03-07,Gulf Air,GU9404,Shanghai,Dubai,China,UAE,Asia Pacific,Middle East,Boeing 737-800,414,Diplomatic advisory — do not fly
2026-03-07,Etihad Airways,ET9007,London,Bahrain,UK,Bahrain,Europe,Middle East,Boeing 777-200LR,433,Crew duty-time exceedance after long reroutes
2026-03-07,Avianca,AV5883,London,Dubai,UK,UAE,Europe,Middle East,Airbus A321neo,440,Airport closure — military activity
2026-03-07,Thai Airways,TH1203,Doha,Shanghai,Qatar,China,Middle East,Asia Pacific,Boeing 737 MAX 8,84,Insurance restriction — war zone
2026-03-07,Cathay Pacific,CA1293,Beijing,Dubai,China,UAE,Asia Pacific,Middle East,Airbus A340-600,439,Temporary corridor suspension — safety bulletin
2026-03-07,Turkish Airlines,TU4524,Dubai,Santiago,UAE,Chile,Middle East,Latin America,Boeing 787-10 Dreamliner,351,Fuel supply disruption
2026-03-07,Azul Brazilian Airlines,AZ1447,Shanghai,Dubai,China,UAE,Asia Pacific,Middle East,Boeing 787-10 Dreamliner,295,Security risk — conflict zone
2026-03-07,Avianca,AV7063,São Paulo,Dubai,Brazil,UAE,Latin America,Middle East,Airbus A330-300,446,Temporary corridor suspension — safety bulletin
2026-03-07,Vietnam Airlines,VI2517,Cairo,Riyadh,Egypt,Saudi Arabia,North Africa,Middle East,Boeing 777-200LR,153,Security risk — conflict zone
2026-03-07,Finnair,FI4346,Doha,São Paulo,Qatar,Brazil,Middle East,Latin America,Boeing 777-300ER,118,Fuel supply disruption
2026-03-07,China Southern,CH692,Dubai,Auckland,UAE,New Zealand,Middle East,Asia Pacific,Boeing 737-800,348,Temporary corridor suspension — safety bulletin
2026-03-08,Qantas,QA1225,London,Muscat,UK,Oman,Europe,Middle East,Boeing 737-800,444,Temporary corridor suspension — safety bulletin
2026-03-08,Etihad Airways,ET4778,Dubai,Frankfurt,UAE,Germany,Middle East,Europe,Boeing 787-9 Dreamliner,321,Insurance restriction — war zone
2026-03-08,Ethiopian Airlines,ET2608,Warsaw,Dubai,Poland,UAE,Europe,Middle East,Boeing 777-200LR,428,ATC flow restrictions — congestion
2026-03-08,British Airways,BR3871,Paris,Shanghai,France,China,Europe,Asia Pacific,Boeing 787-10 Dreamliner,159,Airspace closure — NOTAM
2026-03-08,Air New Zealand,AI5695,Casablanca,Dubai,Morocco,UAE,Africa,Middle East,Airbus A320neo,194,Fuel supply disruption
2026-03-08,Mahan Air,MA1756,London,Dubai,UK,UAE,Europe,Middle East,Boeing 737 MAX 8,161,Security risk — conflict zone
2026-03-08,ANA,AN573,Islamabad,Dubai,Pakistan,UAE,South Asia,Middle East,Boeing 737 MAX 8,146,Government travel ban
2026-03-08,WestJet,WE9707,London,Kuwait City,UK,Kuwait,Europe,Middle East,Airbus A380-800,368,Government travel ban
2026-03-08,Vietnam Airlines,VI5564,Islamabad,Riyadh,Pakistan,Saudi Arabia,South Asia,Middle East,Airbus A350-900,296,Airport closure — military activity
2026-03-08,Wizz Air,WI4183,Dubai,Singapore,UAE,Singapore,Middle East,Asia Pacific,Airbus A380-800,249,Fuel supply disruption
2026-03-08,China Eastern,CH2067,Doha,Paris,Qatar,France,Middle East,Europe,Boeing 737 MAX 8,346,Crew duty-time exceedance after long reroutes
2026-03-08,American Airlines,AM545,Hanoi,Dubai,Vietnam,UAE,Asia Pacific,Middle East,Airbus A321neo,274,Temporary corridor suspension — safety bulletin
2026-03-08,American Airlines,AM6413,Doha,New York,Qatar,USA,Middle East,North America,Airbus A330-300,342,Airspace closure — NOTAM
2026-03-08,Air Arabia,AI792,Islamabad,Riyadh,Pakistan,Saudi Arabia,South Asia,Middle East,Boeing 737 MAX 8,440,Security risk — conflict zone
2026-03-08,Etihad Airways,ET2369,Dubai,Istanbul,UAE,Turkey,Middle East,Middle East,Airbus A320neo,212,Insurance restriction — war zone
2026-03-08,DHL Aviation,DH356,Auckland,Dubai,New Zealand,UAE,Asia Pacific,Middle East,Airbus A330-300,208,Airspace closure — NOTAM
2026-03-08,Japan Airlines,JA2418,Dubai,London,UAE,UK,Middle East,Europe,Boeing 737-800,189,Airport closure — military activity
2026-03-08,TAP Air Portugal,TA9161,Istanbul,Delhi,Turkey,India,Middle East,South Asia,Airbus A330-300,161,Security risk — conflict zone
2026-03-09,United Airlines,UN8884,Doha,Lahore,Qatar,Pakistan,Middle East,South Asia,Airbus A380-800,390,Diplomatic advisory — do not fly
2026-03-09,Ryanair,RY2653,Warsaw,Dubai,Poland,UAE,Europe,Middle East,Airbus A330-300,182,Crew safety — company policy
2026-03-09,United Airlines,UN340,Dubai,Karachi,UAE,Pakistan,Middle East,South Asia,Airbus A350-900,349,Government travel ban
2026-03-09,easyJet,EA4634,Dubai,Jakarta,UAE,Indonesia,Middle East,Asia Pacific,Airbus A321neo,100,Crew safety — company policy
2026-03-09,Turkish Airlines,TU7701,Paris,Shanghai,France,China,Europe,Asia Pacific,Airbus A340-600,166,Fuel supply disruption
2026-03-09,Ethiopian Airlines,ET5122,Toronto,Doha,Canada,Qatar,North America,Middle East,Boeing 787-9 Dreamliner,333,Crew safety — company policy
2026-03-09,DHL Aviation,DH1659,Dubai,Bahrain,UAE,Bahrain,Middle East,Middle East,Airbus A350-900,438,Crew duty-time exceedance after long reroutes
2026-03-09,Mahan Air,MA4908,Istanbul,Tehran,Turkey,Iran,Middle East,Middle East,Airbus A350-900,268,Airport closure — military activity
2026-03-09,Mahan Air,MA6859,Auckland,Singapore,New Zealand,Singapore,Asia Pacific,Asia Pacific,Airbus A330-300,305,ATC flow restrictions — congestion
2026-03-09,Korean Air,KO7861,Frankfurt,Dubai,Germany,UAE,Europe,Middle East,Boeing 787-10 Dreamliner,97,Airport closure — military activity
2026-03-09,Oman Air,OM7713,Dubai,Guangzhou,UAE,China,Middle East,Asia Pacific,Airbus A350-900,409,Government travel ban
2026-03-09,China Eastern,CH1984,Beijing,London,China,UK,Asia Pacific,Europe,Airbus A380-800,85,ATC flow restrictions — congestion
2026-03-09,Air Algerie,AI6861,Addis Ababa,Doha,Ethiopia,Qatar,Africa,Middle East,Boeing 787-9 Dreamliner,325,Temporary corridor suspension — safety bulletin
2026-03-09,Air Arabia,AI2978,Islamabad,Riyadh,Pakistan,Saudi Arabia,South Asia,Middle East,Boeing 777-200LR,279,Insurance restriction — war zone
2026-03-10,Air Algerie,AI8434,Abu Dhabi,Sydney,UAE,Australia,Middle East,Asia Pacific,Airbus A340-600,271,Crew safety — company policy
2026-03-10,Emirates SkyCargo,EM9584,Toronto,Dubai,Canada,UAE,North America,Middle East,Airbus A340-600,81,Temporary corridor suspension — safety bulletin
2026-03-10,WestJet,WE1978,Moscow,Doha,Russia,Qatar,Europe,Middle East,Airbus A320neo,239,Crew duty-time exceedance after long reroutes
2026-03-10,Delta Air Lines,DE8197,Dubai,Zurich,UAE,Switzerland,Middle East,Europe,Airbus A340-600,114,Security risk — conflict zone
2026-03-10,Mahan Air,MA8098,Mexico City,London,Mexico,UK,Latin America,Europe,Boeing 787-10 Dreamliner,87,Crew safety — company policy
2026-03-10,Air Arabia,AI1262,Dubai,Helsinki,UAE,Finland,Middle East,Europe,Airbus A321neo,209,Security risk — conflict zone
2026-03-10,China Eastern,CH5406,Beijing,Tehran,China,Iran,Asia Pacific,Middle East,Boeing 737-800,134,Airport closure — military activity
2026-03-10,Aeromexico,AE6412,Riyadh,Cairo,Saudi Arabia,Egypt,Middle East,North Africa,Airbus A320neo,333,Crew duty-time exceedance after long reroutes
2026-03-10,Japan Airlines,JA2012,Tokyo,Singapore,Japan,Singapore,Asia Pacific,Asia Pacific,Boeing 787-10 Dreamliner,372,Government travel ban
2026-03-10,Aeromexico,AE6247,Doha,Los Angeles,Qatar,USA,Middle East,North America,Boeing 787-9 Dreamliner,280,ATC flow restrictions — congestion
2026-03-10,Qantas,QA4453,Chicago,Dubai,USA,UAE,North America,Middle East,Boeing 787-9 Dreamliner,395,Airspace closure — NOTAM
2026-03-10,Ethiopian Airlines,ET2316,Seoul,Doha,South Korea,Qatar,Asia Pacific,Middle East,Boeing 737-800,436,Security risk — conflict zone
2026-03-10,Air France,AI5391,Doha,Ho Chi Minh City,Qatar,Vietnam,Middle East,Asia Pacific,Airbus A320neo,141,Airport closure — military activity
2026-03-10,Thai Airways,TH8938,Zurich,Dubai,Switzerland,UAE,Europe,Middle East,Airbus A340-600,432,Crew safety — company policy
2026-03-10,KLM,KL3209,London,Seoul,UK,South Korea,Europe,Asia Pacific,Airbus A330-300,146,ATC flow restrictions — congestion
2026-03-10,TAP Air Portugal,TA4137,London,Sydney,UK,Australia,Europe,Asia Pacific,Airbus A340-600,147,Airport closure — military activity
2026-03-10,Air Canada,AI1921,Doha,Lahore,Qatar,Pakistan,Middle East,South Asia,Boeing 787-10 Dreamliner,318,ATC flow restrictions — congestion
2026-03-10,Aeroflot,AE3358,London,Santiago,UK,Chile,Europe,Latin America,Airbus A340-600,242,Security risk — conflict zone
2026-03-10,flydubai,FL7780,Lisbon,Doha,Portugal,Qatar,Europe,Middle East,Boeing 737 MAX 8,201,ATC flow restrictions — congestion
2026-03-10,China Southern,CH9951,Madrid,Mexico City,Spain,Mexico,Europe,Latin America,Airbus A321neo,176,Temporary corridor suspension — safety bulletin
2026-03-10,Royal Air Maroc,RO6044,London,São Paulo,UK,Brazil,Europe,Latin America,Boeing 787-10 Dreamliner,347,Security risk — conflict zone
2026-03-10,easyJet,EA1332,London,Muscat,UK,Oman,Europe,Middle East,Airbus A320neo,234,Airport closure — military activity
2026-03-11,Iran Air,IR421,Kuwait City,Mumbai,Kuwait,India,Middle East,South Asia,Boeing 737 MAX 8,306,Government travel ban
2026-03-11,Royal Air Maroc,RO9687,Bogotá,Madrid,Colombia,Spain,Latin America,Europe,Boeing 787-9 Dreamliner,440,Airspace closure — NOTAM
2026-03-11,Royal Air Maroc,RO1845,Bahrain,Dubai,Bahrain,UAE,Middle East,Middle East,Airbus A330-300,91,Insurance restriction — war zone
2026-03-11,Delta Air Lines,DE6731,London,Dubai,UK,UAE,Europe,Middle East,Airbus A320neo,158,ATC flow restrictions — congestion
2026-03-11,Emirates SkyCargo,EM3913,Paris,Dubai,France,UAE,Europe,Middle East,Airbus A320neo,96,Security risk — conflict zone
2026-03-11,Kuwait Airways,KU3032,Karachi,Dubai,Pakistan,UAE,South Asia,Middle East,Airbus A380-800,216,Temporary corridor suspension — safety bulletin
2026-03-11,Air New Zealand,AI5838,Seoul,Doha,South Korea,Qatar,Asia Pacific,Middle East,Airbus A340-600,312,ATC flow restrictions — congestion
2026-03-11,LOT Polish Airlines,LO736,Toronto,Doha,Canada,Qatar,North America,Middle East,Boeing 787-9 Dreamliner,238,Airspace closure — NOTAM
2026-03-11,Air New Zealand,AI4572,Toronto,Dubai,Canada,UAE,North America,Middle East,Boeing 777-300ER,322,Crew safety — company policy
2026-03-11,LOT Polish Airlines,LO894,Jakarta,Dubai,Indonesia,UAE,Asia Pacific,Middle East,Airbus A340-600,264,Insurance restriction — war zone
2026-03-11,Wizz Air,WI898,Doha,Mumbai,Qatar,India,Middle East,South Asia,Boeing 777-200LR,169,Fuel supply disruption
2026-03-11,Thai Airways,TH7759,Dubai,Cairo,UAE,Egypt,Middle East,North Africa,Boeing 737 MAX 8,294,Temporary corridor suspension — safety bulletin
2026-03-11,Air France,AI3374,Dubai,Santiago,UAE,Chile,Middle East,Latin America,Airbus A340-600,206,Diplomatic advisory — do not fly
2026-03-11,Cathay Pacific,CA5542,Madrid,Bogotá,Spain,Colombia,Europe,Latin America,Airbus A350-900,212,Fuel supply disruption
2026-03-11,Kenya Airways,KE7556,Karachi,Dubai,Pakistan,UAE,South Asia,Middle East,Airbus A320neo,178,Crew safety — company policy
2026-03-11,Air New Zealand,AI4029,Dubai,Amman,UAE,Jordan,Middle East,Middle East,Airbus A321neo,402,Fuel supply disruption
2026-03-11,Air India,AI8100,London,Johannesburg,UK,South Africa,Europe,Africa,Airbus A340-600,231,Temporary corridor suspension — safety bulletin
2026-03-11,Cargolux,CA6230,Warsaw,Dubai,Poland,UAE,Europe,Middle East,Boeing 777-200LR,107,Temporary corridor suspension — safety bulletin
2026-03-11,Kuwait Airways,KU5104,London,Mexico City,UK,Mexico,Europe,Latin America,Boeing 777-200LR,336,Diplomatic advisory — do not fly
2026-03-11,Asiana Airlines,AS8973,Dubai,Casablanca,UAE,Morocco,Middle East,Africa,Boeing 777-300ER,440,Airport closure — military activity
2026-03-11,Cathay Pacific,CA799,Doha,Paris,Qatar,France,Middle East,Europe,Boeing 737 MAX 8,242,ATC flow restrictions — congestion
2026-03-11,Jazeera Airways,JA6552,Tokyo,Dubai,Japan,UAE,Asia Pacific,Middle East,Boeing 777-200LR,308,Airport closure — military activity
2026-03-11,British Airways,BR8484,Delhi,Dubai,India,UAE,South Asia,Middle East,Boeing 777-200LR,123,ATC flow restrictions — congestion
2026-03-12,Southwest Airlines,SO302,Dubai,Kuala Lumpur,UAE,Malaysia,Middle East,Asia Pacific,Airbus A350-900,375,Crew duty-time exceedance after long reroutes
2026-03-12,Aeroflot,AE2894,Beijing,London,China,UK,Asia Pacific,Europe,Airbus A330-300,80,Crew safety — company policy
2026-03-12,Air Algerie,AI3492,Madrid,Bogotá,Spain,Colombia,Europe,Latin America,Airbus A380-800,363,ATC flow restrictions — congestion
2026-03-12,Singapore Airlines,SI3949,Washington,Abu Dhabi,USA,UAE,North America,Middle East,Boeing 787-10 Dreamliner,177,Government travel ban
2026-03-12,LOT Polish Airlines,LO7974,Dubai,Amman,UAE,Jordan,Middle East,Middle East,Boeing 787-10 Dreamliner,160,Crew safety — company policy
2026-03-12,WestJet,WE3326,Dubai,Karachi,UAE,Pakistan,Middle East,South Asia,Boeing 777-200LR,154,Crew safety — company policy
2026-03-12,Royal Air Maroc,RO8431,Doha,London,Qatar,UK,Middle East,Europe,Boeing 787-9 Dreamliner,339,Crew safety — company policy
2026-03-12,DHL Aviation,DH829,Cairo,Riyadh,Egypt,Saudi Arabia,North Africa,Middle East,Boeing 737 MAX 8,182,Crew duty-time exceedance after long reroutes
2026-03-12,FedEx Express,FE1068,Chicago,Dubai,USA,UAE,North America,Middle East,Boeing 737-800,379,Crew duty-time exceedance after long reroutes
2026-03-12,flynas,FL8785,Santiago,London,Chile,UK,Latin America,Europe,Airbus A321neo,373,Government travel ban
2026-03-12,American Airlines,AM1332,Dubai,Shanghai,UAE,China,Middle East,Asia Pacific,Airbus A321neo,206,ATC flow restrictions — congestion
2026-03-12,Malaysia Airlines,MA6704,Singapore,Tokyo,Singapore,Japan,Asia Pacific,Asia Pacific,Airbus A350-900,254,Crew safety — company policy
2026-03-12,Aeromexico,AE9860,Jakarta,Dubai,Indonesia,UAE,Asia Pacific,Middle East,Boeing 777-200LR,277,Security risk — conflict zone
2026-03-12,Gulf Air,GU1629,Dubai,Nairobi,UAE,Kenya,Middle East,Africa,Boeing 737 MAX 8,410,Fuel supply disruption
2026-03-12,IndiGo,IN3591,Bogotá,Madrid,Colombia,Spain,Latin America,Europe,Boeing 777-200LR,262,Government travel ban
2026-03-12,flynas,FL3502,Riyadh,New York,Saudi Arabia,USA,Middle East,North America,Airbus A320neo,443,Temporary corridor suspension — safety bulletin
2026-03-12,Emirates,EM8136,Madrid,Mexico City,Spain,Mexico,Europe,Latin America,Boeing 787-10 Dreamliner,332,Security risk — conflict zone
2026-03-12,Japan Airlines,JA8647,Warsaw,Dubai,Poland,UAE,Europe,Middle East,Airbus A340-600,121,Temporary corridor suspension — safety bulletin
2026-03-12,Air China,AI6379,Dubai,São Paulo,UAE,Brazil,Middle East,Latin America,Boeing 777-300ER,402,Crew duty-time exceedance after long reroutes
2026-03-12,Cargolux,CA9847,New York,Riyadh,USA,Saudi Arabia,North America,Middle East,Boeing 737 MAX 8,230,Diplomatic advisory — do not fly
2026-03-12,Azul Brazilian Airlines,AZ4562,New York,Riyadh,USA,Saudi Arabia,North America,Middle East,Airbus A321neo,448,Diplomatic advisory — do not fly
2026-03-12,Air Algerie,AI3401,Dubai,Warsaw,UAE,Poland,Middle East,Europe,Boeing 787-10 Dreamliner,183,Temporary corridor suspension — safety bulletin
2026-03-12,Air India,AI4242,New York,Doha,USA,Qatar,North America,Middle East,Boeing 777-300ER,298,Crew duty-time exceedance after long reroutes
2026-03-12,UPS Airlines,UP4992,Bogotá,Madrid,Colombia,Spain,Latin America,Europe,Airbus A330-300,395,Security risk — conflict zone
2026-03-12,WestJet,WE5514,Shanghai,Dubai,China,UAE,Asia Pacific,Middle East,Airbus A320neo,253,Security risk — conflict zone
2026-03-12,easyJet,EA4838,Dubai,Shanghai,UAE,China,Middle East,Asia Pacific,Airbus A380-800,172,Crew safety — company policy
2026-03-13,Air India,AI940,Johannesburg,Dubai,South Africa,UAE,Africa,Middle East,Airbus A340-600,97,Security risk — conflict zone
2026-03-13,Jazeera Airways,JA9979,Seoul,Doha,South Korea,Qatar,Asia Pacific,Middle East,Airbus A350-900,249,Airspace closure — NOTAM
2026-03-13,Air France,AI4524,Bahrain,London,Bahrain,UK,Middle East,Europe,Airbus A350-900,200,ATC flow restrictions — congestion
2026-03-13,Cargolux,CA5939,Islamabad,Dubai,Pakistan,UAE,South Asia,Middle East,Boeing 737 MAX 8,407,Crew duty-time exceedance after long reroutes
2026-03-13,SpiceJet,SP8415,Dubai,Moscow,UAE,Russia,Middle East,Europe,Airbus A330-300,310,Airport closure — military activity
2026-03-13,Wizz Air,WI9276,London,Nairobi,UK,Kenya,Europe,Africa,Boeing 787-9 Dreamliner,327,Temporary corridor suspension — safety bulletin
2026-03-13,Air France,AI6677,Doha,Paris,Qatar,France,Middle East,Europe,Boeing 737-800,200,Insurance restriction — war zone
2026-03-13,Kenya Airways,KE1200,Dubai,Casablanca,UAE,Morocco,Middle East,Africa,Airbus A380-800,138,Airport closure — military activity
2026-03-13,Delta Air Lines,DE7283,New York,Riyadh,USA,Saudi Arabia,North America,Middle East,Boeing 777-300ER,433,Airspace closure — NOTAM
2026-03-13,Iran Air,IR803,Dubai,Paris,UAE,France,Middle East,Europe,Boeing 787-10 Dreamliner,240,ATC flow restrictions — congestion
2026-03-13,Aeroflot,AE9582,Stockholm,Dubai,Sweden,UAE,Europe,Middle East,Boeing 777-300ER,270,Insurance restriction — war zone
2026-03-13,Etihad Airways,ET2136,Karachi,Dubai,Pakistan,UAE,South Asia,Middle East,Airbus A340-600,131,Diplomatic advisory — do not fly
2026-03-13,Air Arabia,AI2451,Mexico City,London,Mexico,UK,Latin America,Europe,Airbus A320neo,101,Airspace closure — NOTAM
2026-03-13,Air China,AI3118,Dubai,Auckland,UAE,New Zealand,Middle East,Asia Pacific,Airbus A350-900,236,Fuel supply disruption
2026-03-13,Japan Airlines,JA3198,Doha,Ho Chi Minh City,Qatar,Vietnam,Middle East,Asia Pacific,Boeing 737-800,94,Crew duty-time exceedance after long reroutes
2026-03-13,Turkish Airlines,TU4860,Casablanca,Dubai,Morocco,UAE,Africa,Middle East,Airbus A340-600,336,Government travel ban
2026-03-13,Etihad Airways,ET5070,Jakarta,Dubai,Indonesia,UAE,Asia Pacific,Middle East,Airbus A330-300,366,Diplomatic advisory — do not fly
2026-03-13,Air China,AI5395,Santiago,Dubai,Chile,UAE,Latin America,Middle East,Boeing 777-200LR,323,Temporary corridor suspension — safety bulletin
2026-03-14,Copa Airlines,CO201,New York,Doha,USA,Qatar,North America,Middle East,Boeing 737-800,402,Diplomatic advisory — do not fly
2026-03-14,China Eastern,CH7274,London,Beijing,UK,China,Europe,Asia Pacific,Boeing 787-9 Dreamliner,393,Temporary corridor suspension — safety bulletin
2026-03-14,Azul Brazilian Airlines,AZ7049,Paris,Doha,France,Qatar,Europe,Middle East,Airbus A340-600,124,Insurance restriction — war zone
2026-03-14,EgyptAir,EG5453,Doha,Lisbon,Qatar,Portugal,Middle East,Europe,Boeing 787-10 Dreamliner,131,ATC flow restrictions — congestion
2026-03-14,Ethiopian Airlines,ET4639,Dubai,Hanoi,UAE,Vietnam,Middle East,Asia Pacific,Airbus A380-800,218,Crew safety — company policy
2026-03-14,Lufthansa,LU5924,Doha,Lahore,Qatar,Pakistan,Middle East,South Asia,Boeing 787-9 Dreamliner,121,Airspace closure — NOTAM
2026-03-14,Copa Airlines,CO9699,New York,Riyadh,USA,Saudi Arabia,North America,Middle East,Boeing 737 MAX 8,182,Government travel ban
2026-03-14,SpiceJet,SP8262,Doha,Lahore,Qatar,Pakistan,Middle East,South Asia,Airbus A330-300,416,Crew duty-time exceedance after long reroutes
2026-03-14,LATAM Airlines,LA3873,Cairo,Riyadh,Egypt,Saudi Arabia,North Africa,Middle East,Airbus A320neo,115,Airport closure — military activity
2026-03-14,South African Airways,SO3246,Paris,Dubai,France,UAE,Europe,Middle East,Boeing 737 MAX 8,216,Diplomatic advisory — do not fly
2026-03-14,Aeroflot,AE4587,Delhi,Dubai,India,UAE,South Asia,Middle East,Boeing 777-300ER,319,Airport closure — military activity
2026-03-14,Lufthansa,LU3367,Dubai,Beijing,UAE,China,Middle East,Asia Pacific,Boeing 737-800,233,Diplomatic advisory — do not fly
2026-03-14,Etihad Airways,ET1535,Dubai,Helsinki,UAE,Finland,Middle East,Europe,Airbus A321neo,305,Crew safety — company policy
2026-03-14,UPS Airlines,UP8977,Dubai,Tokyo,UAE,Japan,Middle East,Asia Pacific,Airbus A380-800,256,Crew duty-time exceedance after long reroutes
2026-03-14,Air Algerie,AI4801,Seoul,Doha,South Korea,Qatar,Asia Pacific,Middle East,Boeing 777-200LR,96,Crew duty-time exceedance after long reroutes
2026-03-14,Vietnam Airlines,VI5659,London,Muscat,UK,Oman,Europe,Middle East,Boeing 737 MAX 8,200,Government travel ban
2026-03-14,Qantas,QA4428,Singapore,Los Angeles,Singapore,USA,Asia Pacific,North America,Airbus A320neo,298,Crew duty-time exceedance after long reroutes
2026-03-14,Lufthansa,LU125,Dubai,Nairobi,UAE,Kenya,Middle East,Africa,Airbus A340-600,411,ATC flow restrictions — congestion
2026-03-14,flynas,FL9059,Tokyo,Singapore,Japan,Singapore,Asia Pacific,Asia Pacific,Airbus A321neo,113,Temporary corridor suspension — safety bulletin
2026-03-14,Air Canada,AI7568,Doha,London,Qatar,UK,Middle East,Europe,Boeing 777-300ER,295,ATC flow restrictions — congestion
2026-03-14,Air Algerie,AI286,Dubai,Frankfurt,UAE,Germany,Middle East,Europe,Airbus A321neo,299,Airport closure — military activity
2026-03-14,Atlas Air,AT412,Vancouver,Dubai,Canada,UAE,North America,Middle East,Airbus A380-800,205,ATC flow restrictions — congestion
2026-03-15,Qatar Airways,QA8100,Johannesburg,Dubai,South Africa,UAE,Africa,Middle East,Airbus A380-800,303,Crew safety — company policy
2026-03-15,Royal Air Maroc,RO9306,Dubai,Toronto,UAE,Canada,Middle East,North America,Boeing 737 MAX 8,104,Temporary corridor suspension — safety bulletin
2026-03-15,Emirates SkyCargo,EM7959,Singapore,Tokyo,Singapore,Japan,Asia Pacific,Asia Pacific,Boeing 777-200LR,391,Crew duty-time exceedance after long reroutes
2026-03-15,Ryanair,RY4690,Tokyo,London,Japan,UK,Asia Pacific,Europe,Airbus A330-300,347,Temporary corridor suspension — safety bulletin
2026-03-15,Thai Airways,TH9578,Kuala Lumpur,Dubai,Malaysia,UAE,Asia Pacific,Middle East,Boeing 777-200LR,161,Fuel supply disruption
2026-03-15,Qantas,QA1052,Doha,Madrid,Qatar,Spain,Middle East,Europe,Airbus A330-300,367,Temporary corridor suspension — safety bulletin
2026-03-15,Qantas,QA8778,New York,Doha,USA,Qatar,North America,Middle East,Boeing 787-10 Dreamliner,165,Diplomatic advisory — do not fly
2026-03-15,Vietnam Airlines,VI9611,Istanbul,Karachi,Turkey,Pakistan,Middle East,South Asia,Boeing 737-800,189,Crew safety — company policy
2026-03-15,Etihad Airways,ET3036,Dubai,Guangzhou,UAE,China,Middle East,Asia Pacific,Airbus A320neo,105,Diplomatic advisory — do not fly
2026-03-16,SpiceJet,SP6421,Mumbai,Dubai,India,UAE,South Asia,Middle East,Boeing 737 MAX 8,125,Fuel supply disruption
2026-03-16,Lufthansa,LU354,Bahrain,London,Bahrain,UK,Middle East,Europe,Airbus A330-300,371,Diplomatic advisory — do not fly
2026-03-16,Ryanair,RY4777,Sydney,Abu Dhabi,Australia,UAE,Asia Pacific,Middle East,Airbus A380-800,309,ATC flow restrictions — congestion
2026-03-16,Wizz Air,WI598,Sydney,Abu Dhabi,Australia,UAE,Asia Pacific,Middle East,Boeing 777-300ER,433,ATC flow restrictions — congestion
2026-03-16,Qantas,QA3522,Kuala Lumpur,London,Malaysia,UK,Asia Pacific,Europe,Airbus A380-800,294,Crew duty-time exceedance after long reroutes
2026-03-16,China Eastern,CH8023,Doha,Madrid,Qatar,Spain,Middle East,Europe,Boeing 737-800,242,Crew safety — company policy
2026-03-16,Gulf Air,GU7427,Dubai,Casablanca,UAE,Morocco,Middle East,Africa,Boeing 777-200LR,354,Security risk — conflict zone
2026-03-16,Azul Brazilian Airlines,AZ3803,Dubai,Moscow,UAE,Russia,Middle East,Europe,Airbus A380-800,246,Diplomatic advisory — do not fly
2026-03-16,Kenya Airways,KE9949,Nairobi,Dubai,Kenya,UAE,Africa,Middle East,Boeing 787-10 Dreamliner,208,Security risk — conflict zone
2026-03-16,Iberia,IB1914,Beijing,Dubai,China,UAE,Asia Pacific,Middle East,Airbus A340-600,219,Airspace closure — NOTAM
2026-03-16,Jazeera Airways,JA2833,Dubai,Shanghai,UAE,China,Middle East,Asia Pacific,Airbus A330-300,84,Fuel supply disruption
2026-03-16,Mahan Air,MA9397,Shanghai,Paris,China,France,Asia Pacific,Europe,Boeing 737 MAX 8,203,Government travel ban
2026-03-16,Emirates SkyCargo,EM5957,Dubai,Vancouver,UAE,Canada,Middle East,North America,Airbus A380-800,266,Temporary corridor suspension — safety bulletin
2026-03-16,Delta Air Lines,DE5808,Mumbai,Dubai,India,UAE,South Asia,Middle East,Boeing 787-10 Dreamliner,283,Security risk — conflict zone
2026-03-16,WestJet,WE1226,Madrid,Bogotá,Spain,Colombia,Europe,Latin America,Airbus A321neo,230,ATC flow restrictions — congestion
2026-03-16,Saudi Arabian Airlines,SA8136,Seoul,Dubai,South Korea,UAE,Asia Pacific,Middle East,Boeing 787-9 Dreamliner,317,ATC flow restrictions — congestion
2026-03-16,ANA,AN2957,London,Dubai,UK,UAE,Europe,Middle East,Airbus A321neo,153,Crew safety — company policy
2026-03-16,Qatar Airways,QA1417,Seoul,London,South Korea,UK,Asia Pacific,Europe,Airbus A350-900,226,Security risk — conflict zone
2026-03-16,TAP Air Portugal,TA9140,Doha,Paris,Qatar,France,Middle East,Europe,Airbus A340-600,186,Diplomatic advisory — do not fly
2026-03-16,Avianca,AV3663,London,Los Angeles,UK,USA,Europe,North America,Airbus A320neo,367,Insurance restriction — war zone
2026-03-16,American Airlines,AM5086,Paris,Casablanca,France,Morocco,Europe,Africa,Boeing 777-200LR,122,Crew safety — company policy
2026-03-16,South African Airways,SO7030,Dubai,Delhi,UAE,India,Middle East,South Asia,Boeing 777-300ER,91,Crew safety — company policy
2026-03-16,Turkish Airlines,TU3022,Addis Ababa,Doha,Ethiopia,Qatar,Africa,Middle East,Airbus A380-800,104,Temporary corridor suspension — safety bulletin
2026-03-16,Ryanair,RY9088,New York,Riyadh,USA,Saudi Arabia,North America,Middle East,Airbus A320neo,274,Airport closure — military activity
2026-03-17,flydubai,FL7141,Muscat,London,Oman,UK,Middle East,Europe,Airbus A340-600,443,Fuel supply disruption
2026-03-17,Iberia,IB383,Doha,São Paulo,Qatar,Brazil,Middle East,Latin America,Boeing 787-10 Dreamliner,150,Airspace closure — NOTAM
2026-03-17,Air China,AI5307,London,Nairobi,UK,Kenya,Europe,Africa,Boeing 737-800,443,Government travel ban
2026-03-17,Finnair,FI4435,Dubai,São Paulo,UAE,Brazil,Middle East,Latin America,Airbus A350-900,107,Insurance restriction — war zone
2026-03-17,Garuda Indonesia,GA7266,Paris,Doha,France,Qatar,Europe,Middle East,Boeing 777-200LR,441,Crew duty-time exceedance after long reroutes
2026-03-17,Malaysia Airlines,MA1207,Paris,Casablanca,France,Morocco,Europe,Africa,Boeing 737 MAX 8,118,Diplomatic advisory — do not fly
2026-03-17,LATAM Airlines,LA5079,Riyadh,Islamabad,Saudi Arabia,Pakistan,Middle East,South Asia,Airbus A380-800,269,Diplomatic advisory — do not fly
2026-03-17,Kenya Airways,KE1700,Delhi,Dubai,India,UAE,South Asia,Middle East,Airbus A350-900,223,Crew safety — company policy
2026-03-17,WestJet,WE8894,London,Seoul,UK,South Korea,Europe,Asia Pacific,Airbus A320neo,287,Crew duty-time exceedance after long reroutes
2026-03-17,Saudi Arabian Airlines,SA3828,Karachi,Dubai,Pakistan,UAE,South Asia,Middle East,Boeing 737 MAX 8,292,ATC flow restrictions — congestion
2026-03-17,Air China,AI6890,Addis Ababa,Doha,Ethiopia,Qatar,Africa,Middle East,Boeing 787-10 Dreamliner,264,Crew duty-time exceedance after long reroutes
2026-03-17,Pakistan International Airlines,PA3184,Dubai,Zurich,UAE,Switzerland,Middle East,Europe,Boeing 737 MAX 8,332,Airspace closure — NOTAM
2026-03-17,Iberia,IB883,Dubai,Johannesburg,UAE,South Africa,Middle East,Africa,Airbus A340-600,396,Security risk — conflict zone
2026-03-17,Azul Brazilian Airlines,AZ7100,Singapore,London,Singapore,UK,Asia Pacific,Europe,Airbus A321neo,157,ATC flow restrictions — congestion
2026-03-17,Wizz Air,WI1397,Doha,Lisbon,Qatar,Portugal,Middle East,Europe,Airbus A330-300,170,Crew safety — company policy
2026-03-17,Gulf Air,GU7708,Karachi,Dubai,Pakistan,UAE,South Asia,Middle East,Airbus A320neo,436,Security risk — conflict zone
2026-03-17,SAS,SA1328,Dubai,London,UAE,UK,Middle East,Europe,Airbus A321neo,215,ATC flow restrictions — congestion
2026-03-17,Lufthansa,LU6461,Dubai,Cairo,UAE,Egypt,Middle East,North Africa,Boeing 737 MAX 8,162,ATC flow restrictions — congestion
2026-03-17,Qatar Airways,QA1179,London,Riyadh,UK,Saudi Arabia,Europe,Middle East,Airbus A380-800,396,ATC flow restrictions — congestion
2026-03-17,British Airways,BR1145,Dubai,Casablanca,UAE,Morocco,Middle East,Africa,Airbus A340-600,171,Fuel supply disruption
2026-03-17,LATAM Airlines,LA2639,Bogotá,Madrid,Colombia,Spain,Latin America,Europe,Airbus A320neo,154,Temporary corridor suspension — safety bulletin
2026-03-17,UPS Airlines,UP8448,Dubai,Stockholm,UAE,Sweden,Middle East,Europe,Boeing 787-9 Dreamliner,406,Airport closure — military activity
2026-03-17,Atlas Air,AT6289,Dubai,Paris,UAE,France,Middle East,Europe,Airbus A350-900,437,Security risk — conflict zone
2026-03-17,UPS Airlines,UP692,Dubai,Frankfurt,UAE,Germany,Middle East,Europe,Airbus A330-300,114,Airport closure — military activity
2026-03-17,South African Airways,SO2854,Bogotá,Madrid,Colombia,Spain,Latin America,Europe,Airbus A320neo,132,Government travel ban
2026-03-17,Copa Airlines,CO2130,Dubai,Karachi,UAE,Pakistan,Middle East,South Asia,Airbus A340-600,220,Crew safety — company policy
2026-03-18,Lufthansa,LU9672,Dubai,Tokyo,UAE,Japan,Middle East,Asia Pacific,Airbus A350-900,212,Airport closure — military activity
2026-03-18,Saudi Arabian Airlines,SA7556,Singapore,Dubai,Singapore,UAE,Asia Pacific,Middle East,Boeing 737-800,437,Security risk — conflict zone
2026-03-18,Avianca,AV297,Los Angeles,Singapore,USA,Singapore,North America,Asia Pacific,Airbus A320neo,243,Airport closure — military activity
2026-03-18,Swiss International Air Lines,SW4383,London,Santiago,UK,Chile,Europe,Latin America,Boeing 777-200LR,248,Crew safety — company policy
2026-03-18,Air France,AI9215,Dubai,Karachi,UAE,Pakistan,Middle East,South Asia,Airbus A330-300,204,Airspace closure — NOTAM
2026-03-18,KLM,KL282,Dubai,Istanbul,UAE,Turkey,Middle East,Middle East,Boeing 777-200LR,360,Fuel supply disruption
2026-03-18,Azul Brazilian Airlines,AZ9052,São Paulo,Doha,Brazil,Qatar,Latin America,Middle East,Boeing 737 MAX 8,187,Diplomatic advisory — do not fly
2026-03-18,South African Airways,SO9769,Riyadh,Cairo,Saudi Arabia,Egypt,Middle East,North Africa,Boeing 777-300ER,115,Temporary corridor suspension — safety bulletin
2026-03-18,UPS Airlines,UP9659,Tehran,Moscow,Iran,Russia,Middle East,Europe,Boeing 737 MAX 8,269,Government travel ban
2026-03-18,Malaysia Airlines,MA6428,Shanghai,Doha,China,Qatar,Asia Pacific,Middle East,Airbus A340-600,250,Fuel supply disruption
2026-03-18,SpiceJet,SP2707,London,São Paulo,UK,Brazil,Europe,Latin America,Airbus A321neo,337,ATC flow restrictions — congestion
2026-03-18,SpiceJet,SP1640,Karachi,Dubai,Pakistan,UAE,South Asia,Middle East,Boeing 777-200LR,222,Insurance restriction — war zone
2026-03-18,Azul Brazilian Airlines,AZ1270,Dubai,São Paulo,UAE,Brazil,Middle East,Latin America,Boeing 787-9 Dreamliner,247,Fuel supply disruption
2026-03-18,Turkish Airlines,TU5853,Doha,São Paulo,Qatar,Brazil,Middle East,Latin America,Boeing 787-9 Dreamliner,279,Insurance restriction — war zone
2026-03-18,Atlas Air,AT6075,Abu Dhabi,Washington,UAE,USA,Middle East,North America,Boeing 737 MAX 8,104,Airport closure — military activity
2026-03-18,Iran Air,IR483,Karachi,Istanbul,Pakistan,Turkey,South Asia,Middle East,Airbus A320neo,119,Government travel ban
2026-03-18,Asiana Airlines,AS5575,Toronto,London,Canada,UK,North America,Europe,Boeing 737 MAX 8,313,Airport closure — military activity
2026-03-18,Ryanair,RY7313,Dubai,Sydney,UAE,Australia,Middle East,Asia Pacific,Boeing 737 MAX 8,190,ATC flow restrictions — congestion
2026-03-18,United Airlines,UN4827,Doha,Addis Ababa,Qatar,Ethiopia,Middle East,Africa,Airbus A380-800,217,Fuel supply disruption
2026-03-18,Air Arabia,AI2781,Madrid,Dubai,Spain,UAE,Europe,Middle East,Boeing 787-9 Dreamliner,396,Crew safety — company policy
2026-03-18,Finnair,FI7366,Dubai,London,UAE,UK,Middle East,Europe,Airbus A321neo,226,Government travel ban
2026-03-18,Turkish Airlines,TU5017,Singapore,Los Angeles,Singapore,USA,Asia Pacific,North America,Boeing 777-200LR,157,Insurance restriction — war zone
2026-03-18,Air New Zealand,AI1511,Mumbai,Dubai,India,UAE,South Asia,Middle East,Airbus A380-800,376,Crew duty-time exceedance after long reroutes
2026-03-19,SAS,SA9655,Istanbul,Delhi,Turkey,India,Middle East,South Asia,Boeing 787-9 Dreamliner,135,ATC flow restrictions — congestion
2026-03-19,American Airlines,AM4371,Frankfurt,Beijing,Germany,China,Europe,Asia Pacific,Airbus A330-300,169,Diplomatic advisory — do not fly
2026-03-19,TAP Air Portugal,TA2048,Moscow,Doha,Russia,Qatar,Europe,Middle East,Airbus A321neo,267,Diplomatic advisory — do not fly
2026-03-19,Air China,AI5331,London,Bahrain,UK,Bahrain,Europe,Middle East,Airbus A330-300,398,Airspace closure — NOTAM
2026-03-19,Malaysia Airlines,MA5396,Dubai,São Paulo,UAE,Brazil,Middle East,Latin America,Airbus A320neo,86,Insurance restriction — war zone
2026-03-19,Lufthansa,LU4882,London,Kuala Lumpur,UK,Malaysia,Europe,Asia Pacific,Airbus A380-800,223,Airport closure — military activity
2026-03-19,Air Algerie,AI7243,London,Tokyo,UK,Japan,Europe,Asia Pacific,Boeing 737 MAX 8,293,Insurance restriction — war zone
2026-03-19,Air Arabia,AI2067,London,Mexico City,UK,Mexico,Europe,Latin America,Boeing 737-800,93,Airspace closure — NOTAM
2026-03-19,Vietnam Airlines,VI787,Dubai,Amman,UAE,Jordan,Middle East,Middle East,Airbus A350-900,408,Airport closure — military activity
2026-03-19,Emirates,EM4408,Doha,Ho Chi Minh City,Qatar,Vietnam,Middle East,Asia Pacific,Airbus A330-300,359,Airport closure — military activity
2026-03-19,EgyptAir,EG482,Karachi,Dubai,Pakistan,UAE,South Asia,Middle East,Airbus A321neo,300,ATC flow restrictions — congestion
2026-03-19,IndiGo,IN1008,Beijing,London,China,UK,Asia Pacific,Europe,Airbus A340-600,318,Airport closure — military activity
2026-03-19,Gulf Air,GU7673,Dubai,Shanghai,UAE,China,Middle East,Asia Pacific,Airbus A340-600,447,ATC flow restrictions — congestion
2026-03-19,ANA,AN1332,Paris,Casablanca,France,Morocco,Europe,Africa,Boeing 777-300ER,176,Airport closure — military activity
2026-03-19,Pakistan International Airlines,PA9723,Dubai,Mumbai,UAE,India,Middle East,South Asia,Airbus A340-600,386,Crew duty-time exceedance after long reroutes
2026-03-19,Cargolux,CA7399,New York,Doha,USA,Qatar,North America,Middle East,Airbus A350-900,193,Airspace closure — NOTAM
2026-03-19,Air Algerie,AI2027,Stockholm,Dubai,Sweden,UAE,Europe,Middle East,Airbus A330-300,320,Crew duty-time exceedance after long reroutes
2026-03-19,Ryanair,RY4522,Dubai,Nairobi,UAE,Kenya,Middle East,Africa,Boeing 787-9 Dreamliner,178,Airport closure — military activity
2026-03-19,UPS Airlines,UP2840,Dubai,Madrid,UAE,Spain,Middle East,Europe,Boeing 777-200LR,280,Fuel supply disruption
2026-03-19,Emirates,EM5562,Addis Ababa,Doha,Ethiopia,Qatar,Africa,Middle East,Airbus A320neo,237,Crew safety — company policy
2026-03-19,Delta Air Lines,DE1593,Warsaw,Dubai,Poland,UAE,Europe,Middle East,Boeing 777-300ER,431,Fuel supply disruption
2026-03-19,Air Arabia,AI8451,Dubai,Moscow,UAE,Russia,Middle East,Europe,Airbus A330-300,434,Insurance restriction — war zone
2026-03-19,LATAM Airlines,LA5929,Toronto,Doha,Canada,Qatar,North America,Middle East,Boeing 787-9 Dreamliner,287,Crew duty-time exceedance after long reroutes
2026-03-20,Saudi Arabian Airlines,SA4776,Doha,Addis Ababa,Qatar,Ethiopia,Middle East,Africa,Airbus A321neo,255,Fuel supply disruption
2026-03-20,Air India,AI2446,Paris,Doha,France,Qatar,Europe,Middle East,Airbus A320neo,171,Diplomatic advisory — do not fly
2026-03-20,EgyptAir,EG5759,Tehran,Moscow,Iran,Russia,Middle East,Europe,Airbus A330-300,293,Crew safety — company policy
2026-03-20,LOT Polish Airlines,LO7819,Dubai,Paris,UAE,France,Middle East,Europe,Boeing 777-300ER,208,ATC flow restrictions — congestion
2026-03-20,Swiss International Air Lines,SW7106,Karachi,Istanbul,Pakistan,Turkey,South Asia,Middle East,Boeing 777-200LR,358,Crew safety — company policy
2026-03-20,Japan Airlines,JA6527,New York,Riyadh,USA,Saudi Arabia,North America,Middle East,Airbus A321neo,119,Government travel ban
2026-03-20,Wizz Air,WI335,Lisbon,Doha,Portugal,Qatar,Europe,Middle East,Airbus A320neo,121,Airport closure — military activity
2026-03-20,Cathay Pacific,CA4048,Cairo,Kuwait City,Egypt,Kuwait,North Africa,Middle East,Airbus A380-800,407,Government travel ban
2026-03-20,United Airlines,UN4102,Shanghai,Dubai,China,UAE,Asia Pacific,Middle East,Airbus A350-900,106,Airport closure — military activity
2026-03-20,United Airlines,UN6361,Dubai,Singapore,UAE,Singapore,Middle East,Asia Pacific,Airbus A340-600,192,Security risk — conflict zone
2026-03-20,Pakistan International Airlines,PA6927,Doha,Paris,Qatar,France,Middle East,Europe,Boeing 787-9 Dreamliner,143,Airspace closure — NOTAM
2026-03-20,Iberia,IB3871,London,Seoul,UK,South Korea,Europe,Asia Pacific,Airbus A350-900,106,Security risk — conflict zone
2026-03-20,flydubai,FL1745,London,Seoul,UK,South Korea,Europe,Asia Pacific,Boeing 737-800,297,Temporary corridor suspension — safety bulletin
2026-03-20,Delta Air Lines,DE3128,Mumbai,Kuwait City,India,Kuwait,South Asia,Middle East,Boeing 787-10 Dreamliner,131,Security risk — conflict zone
2026-03-20,Emirates,EM3627,Nairobi,Dubai,Kenya,UAE,Africa,Middle East,Airbus A350-900,235,Crew safety — company policy
2026-03-20,Wizz Air,WI9157,Doha,Chicago,Qatar,USA,Middle East,North America,Boeing 787-10 Dreamliner,255,Crew duty-time exceedance after long reroutes
2026-03-20,LOT Polish Airlines,LO5760,Cairo,Kuwait City,Egypt,Kuwait,North Africa,Middle East,Boeing 777-200LR,111,Fuel supply disruption
2026-03-20,Iberia,IB5271,Dubai,Hanoi,UAE,Vietnam,Middle East,Asia Pacific,Airbus A330-300,218,Airspace closure — NOTAM
2026-03-20,Cargolux,CA1264,Toronto,London,Canada,UK,North America,Europe,Airbus A320neo,402,Diplomatic advisory — do not fly
2026-03-20,flydubai,FL3456,Dubai,Istanbul,UAE,Turkey,Middle East,Middle East,Airbus A320neo,432,Crew duty-time exceedance after long reroutes
2026-03-20,SpiceJet,SP3024,Singapore,Los Angeles,Singapore,USA,Asia Pacific,North America,Airbus A350-900,224,Crew safety — company policy
2026-03-20,Swiss International Air Lines,SW2726,Dubai,Toronto,UAE,Canada,Middle East,North America,Airbus A340-600,127,Airport closure — military activity
2026-03-20,China Southern,CH5324,Dubai,Cairo,UAE,Egypt,Middle East,North Africa,Boeing 777-300ER,248,Government travel ban
2026-03-20,LOT Polish Airlines,LO5736,Moscow,Tehran,Russia,Iran,Europe,Middle East,Boeing 737-800,275,Crew safety — company policy
2026-03-20,flydubai,FL6459,Toronto,Doha,Canada,Qatar,North America,Middle East,Boeing 777-300ER,150,Fuel supply disruption
2026-03-21,Delta Air Lines,DE7000,Cairo,Riyadh,Egypt,Saudi Arabia,North Africa,Middle East,Boeing 787-10 Dreamliner,369,Crew duty-time exceedance after long reroutes
2026-03-21,Thai Airways,TH5138,London,Tokyo,UK,Japan,Europe,Asia Pacific,Airbus A320neo,448,Airport closure — military activity
2026-03-21,SAS,SA3969,Doha,Paris,Qatar,France,Middle East,Europe,Boeing 787-9 Dreamliner,136,Airport closure — military activity
2026-03-21,Cargolux,CA3342,Dubai,Karachi,UAE,Pakistan,Middle East,South Asia,Boeing 737-800,386,Crew duty-time exceedance after long reroutes
2026-03-21,easyJet,EA6511,London,Toronto,UK,Canada,Europe,North America,Airbus A321neo,265,ATC flow restrictions — congestion
2026-03-21,ANA,AN9180,Bangkok,Dubai,Thailand,UAE,Asia Pacific,Middle East,Boeing 737-800,396,Temporary corridor suspension — safety bulletin
2026-03-21,Aeroflot,AE8052,Dubai,Singapore,UAE,Singapore,Middle East,Asia Pacific,Airbus A330-300,336,Diplomatic advisory — do not fly
2026-03-21,Emirates SkyCargo,EM1234,Islamabad,Dubai,Pakistan,UAE,South Asia,Middle East,Airbus A330-300,256,Government travel ban
2026-03-21,Qantas,QA5656,Singapore,Auckland,Singapore,New Zealand,Asia Pacific,Asia Pacific,Boeing 777-300ER,252,Insurance restriction — war zone
2026-03-21,Swiss International Air Lines,SW6211,Dubai,Tokyo,UAE,Japan,Middle East,Asia Pacific,Boeing 777-200LR,174,Diplomatic advisory — do not fly
2026-03-21,LOT Polish Airlines,LO2915,Seoul,Dubai,South Korea,UAE,Asia Pacific,Middle East,Boeing 737 MAX 8,346,Airport closure — military activity
2026-03-21,United Airlines,UN7791,Riyadh,Islamabad,Saudi Arabia,Pakistan,Middle East,South Asia,Boeing 777-200LR,195,Fuel supply disruption
2026-03-21,China Southern,CH6688,Riyadh,New York,Saudi Arabia,USA,Middle East,North America,Airbus A321neo,89,Diplomatic advisory — do not fly
2026-03-21,Vietnam Airlines,VI4441,Doha,Moscow,Qatar,Russia,Middle East,Europe,Airbus A320neo,261,Government travel ban
2026-03-21,Atlas Air,AT9573,London,Mexico City,UK,Mexico,Europe,Latin America,Boeing 737 MAX 8,330,Crew duty-time exceedance after long reroutes
2026-03-21,Wizz Air,WI4899,Dubai,Singapore,UAE,Singapore,Middle East,Asia Pacific,Boeing 787-10 Dreamliner,203,ATC flow restrictions — congestion
2026-03-21,Jazeera Airways,JA4581,London,Bahrain,UK,Bahrain,Europe,Middle East,Boeing 787-10 Dreamliner,140,Fuel supply disruption
2026-03-21,Southwest Airlines,SO8392,Kuwait City,Cairo,Kuwait,Egypt,Middle East,North Africa,Boeing 737 MAX 8,413,Security risk — conflict zone
2026-03-21,flynas,FL7445,Paris,Doha,France,Qatar,Europe,Middle East,Airbus A320neo,257,Diplomatic advisory — do not fly
2026-03-21,British Airways,BR2961,Singapore,Auckland,Singapore,New Zealand,Asia Pacific,Asia Pacific,Airbus A350-900,433,ATC flow restrictions — congestion
2026-03-21,Lufthansa,LU9822,Mumbai,Kuwait City,India,Kuwait,South Asia,Middle East,Boeing 787-10 Dreamliner,385,Insurance restriction — war zone
2026-03-22,flynas,FL6033,Doha,Addis Ababa,Qatar,Ethiopia,Middle East,Africa,Airbus A350-900,341,Temporary corridor suspension — safety bulletin
2026-03-22,Turkish Airlines,TU2635,London,Singapore,UK,Singapore,Europe,Asia Pacific,Boeing 787-9 Dreamliner,329,Airspace closure — NOTAM
2026-03-22,Malaysia Airlines,MA768,Riyadh,Cairo,Saudi Arabia,Egypt,Middle East,North Africa,Boeing 787-9 Dreamliner,129,Fuel supply disruption
2026-03-22,Swiss International Air Lines,SW5887,Madrid,Dubai,Spain,UAE,Europe,Middle East,Airbus A321neo,121,Airspace closure — NOTAM
2026-03-22,Delta Air Lines,DE6351,Doha,Toronto,Qatar,Canada,Middle East,North America,Boeing 777-200LR,367,Airport closure — military activity
2026-03-22,Kuwait Airways,KU8499,Tehran,Moscow,Iran,Russia,Middle East,Europe,Airbus A320neo,355,Temporary corridor suspension — safety bulletin
2026-03-22,Malaysia Airlines,MA3569,Jakarta,Dubai,Indonesia,UAE,Asia Pacific,Middle East,Airbus A350-900,242,Crew duty-time exceedance after long reroutes
2026-03-22,LOT Polish Airlines,LO8109,Dubai,Casablanca,UAE,Morocco,Middle East,Africa,Boeing 787-9 Dreamliner,270,ATC flow restrictions — congestion
2026-03-22,Gulf Air,GU1779,Cairo,Riyadh,Egypt,Saudi Arabia,North Africa,Middle East,Airbus A330-300,160,Diplomatic advisory — do not fly
2026-03-22,Air New Zealand,AI9910,Paris,Doha,France,Qatar,Europe,Middle East,Airbus A330-300,287,Security risk — conflict zone
2026-03-22,Iran Air,IR8501,Dubai,Toronto,UAE,Canada,Middle East,North America,Boeing 737 MAX 8,425,Government travel ban
2026-03-22,Oman Air,OM1614,Dubai,São Paulo,UAE,Brazil,Middle East,Latin America,Airbus A321neo,103,Government travel ban
2026-03-22,Lufthansa,LU2930,Doha,New York,Qatar,USA,Middle East,North America,Airbus A321neo,95,Diplomatic advisory — do not fly
2026-03-22,Southwest Airlines,SO7628,Madrid,Bogotá,Spain,Colombia,Europe,Latin America,Boeing 787-9 Dreamliner,100,Airspace closure — NOTAM
2026-03-22,Atlas Air,AT6031,London,Addis Ababa,UK,Ethiopia,Europe,Africa,Boeing 787-10 Dreamliner,386,Fuel supply disruption
2026-03-22,Air Arabia,AI2386,London,Johannesburg,UK,South Africa,Europe,Africa,Boeing 777-200LR,114,Crew safety — company policy
2026-03-22,Singapore Airlines,SI2528,Shanghai,Doha,China,Qatar,Asia Pacific,Middle East,Airbus A320neo,338,Crew safety — company policy
2026-03-22,Mahan Air,MA547,Dubai,Vancouver,UAE,Canada,Middle East,North America,Boeing 777-300ER,268,Crew duty-time exceedance after long reroutes
2026-03-22,Korean Air,KO5330,Cairo,Kuwait City,Egypt,Kuwait,North Africa,Middle East,Boeing 777-300ER,445,Fuel supply disruption
2026-03-22,Turkish Airlines,TU1567,Dubai,London,UAE,UK,Middle East,Europe,Airbus A340-600,334,ATC flow restrictions — congestion
2026-03-22,FedEx Express,FE4946,Ho Chi Minh City,Doha,Vietnam,Qatar,Asia Pacific,Middle East,Boeing 777-200LR,173,Airport closure — military activity
2026-03-22,Oman Air,OM7137,Doha,London,Qatar,UK,Middle East,Europe,Airbus A380-800,181,Crew safety — company policy
2026-03-22,Gulf Air,GU6127,Doha,Paris,Qatar,France,Middle East,Europe,Boeing 777-200LR,114,Fuel supply disruption
2026-03-22,Emirates SkyCargo,EM5215,Dubai,Johannesburg,UAE,South Africa,Middle East,Africa,Airbus A350-900,176,Fuel supply disruption
2026-03-22,Lufthansa,LU8780,Shanghai,Dubai,China,UAE,Asia Pacific,Middle East,Airbus A340-600,113,Security risk — conflict zone
2026-03-22,Air France,AI8430,Dubai,Nairobi,UAE,Kenya,Middle East,Africa,Boeing 777-300ER,366,Government travel ban
2026-03-22,British Airways,BR4771,Beijing,Dubai,China,UAE,Asia Pacific,Middle East,Airbus A321neo,313,Fuel supply disruption
2026-03-22,Pakistan International Airlines,PA6183,Doha,Los Angeles,Qatar,USA,Middle East,North America,Airbus A320neo,417,Crew safety — company policy
2026-03-23,Etihad Airways,ET400,Singapore,Sydney,Singapore,Australia,Asia Pacific,Asia Pacific,Airbus A340-600,435,Airport closure — military activity
2026-03-23,SpiceJet,SP921,Lahore,Doha,Pakistan,Qatar,South Asia,Middle East,Boeing 787-9 Dreamliner,372,Crew safety — company policy
2026-03-23,Azul Brazilian Airlines,AZ1754,London,Los Angeles,UK,USA,Europe,North America,Airbus A340-600,312,Diplomatic advisory — do not fly
2026-03-23,Avianca,AV6836,Doha,Ho Chi Minh City,Qatar,Vietnam,Middle East,Asia Pacific,Airbus A321neo,334,Temporary corridor suspension — safety bulletin
2026-03-23,SAS,SA5382,São Paulo,Dubai,Brazil,UAE,Latin America,Middle East,Boeing 777-300ER,417,Diplomatic advisory — do not fly
2026-03-23,Asiana Airlines,AS6262,Casablanca,Paris,Morocco,France,Africa,Europe,Airbus A320neo,404,Temporary corridor suspension — safety bulletin
2026-03-23,Japan Airlines,JA621,Toronto,London,Canada,UK,North America,Europe,Boeing 737 MAX 8,166,Crew safety — company policy
2026-03-23,LATAM Airlines,LA5648,Washington,Abu Dhabi,USA,UAE,North America,Middle East,Boeing 787-10 Dreamliner,226,Crew duty-time exceedance after long reroutes
2026-03-23,China Southern,CH2170,Addis Ababa,London,Ethiopia,UK,Africa,Europe,Boeing 787-9 Dreamliner,343,Crew safety — company policy
2026-03-23,Turkish Airlines,TU5660,Dubai,Amman,UAE,Jordan,Middle East,Middle East,Airbus A330-300,353,Crew duty-time exceedance after long reroutes
2026-03-23,British Airways,BR8290,Istanbul,Delhi,Turkey,India,Middle East,South Asia,Boeing 777-300ER,389,Airspace closure — NOTAM
2026-03-23,DHL Aviation,DH5639,Madrid,Doha,Spain,Qatar,Europe,Middle East,Airbus A350-900,402,Government travel ban
2026-03-23,Kuwait Airways,KU8413,Dubai,Guangzhou,UAE,China,Middle East,Asia Pacific,Airbus A350-900,96,Security risk — conflict zone
2026-03-23,Air Canada,AI1600,Muscat,London,Oman,UK,Middle East,Europe,Airbus A330-300,364,Security risk — conflict zone
2026-03-23,American Airlines,AM6735,Tehran,Moscow,Iran,Russia,Middle East,Europe,Boeing 777-200LR,246,Crew safety — company policy
2026-03-23,Ryanair,RY6129,Shanghai,Dubai,China,UAE,Asia Pacific,Middle East,Airbus A340-600,415,Airspace closure — NOTAM
2026-03-23,United Airlines,UN6029,Lisbon,Doha,Portugal,Qatar,Europe,Middle East,Boeing 787-10 Dreamliner,372,Temporary corridor suspension — safety bulletin
2026-03-23,Jazeera Airways,JA4918,London,Singapore,UK,Singapore,Europe,Asia Pacific,Airbus A321neo,377,Crew safety — company policy
2026-03-23,WestJet,WE3960,Dubai,Toronto,UAE,Canada,Middle East,North America,Boeing 777-200LR,181,Temporary corridor suspension — safety bulletin
2026-03-23,Korean Air,KO7873,Abu Dhabi,London,UAE,UK,Middle East,Europe,Airbus A340-600,218,Fuel supply disruption
2026-03-23,Thai Airways,TH5667,Dubai,Istanbul,UAE,Turkey,Middle East,Middle East,Airbus A320neo,153,Security risk — conflict zone
2026-03-23,Thai Airways,TH2011,Warsaw,Dubai,Poland,UAE,Europe,Middle East,Boeing 777-300ER,334,Airport closure — military activity
2026-03-23,WestJet,WE8552,London,Toronto,UK,Canada,Europe,North America,Boeing 787-10 Dreamliner,130,Diplomatic advisory — do not fly
2026-03-23,Air Canada,AI5886,New York,Doha,USA,Qatar,North America,Middle East,Airbus A340-600,166,Crew duty-time exceedance after long reroutes
2026-03-23,SpiceJet,SP4500,Addis Ababa,Dubai,Ethiopia,UAE,Africa,Middle East,Boeing 787-9 Dreamliner,317,Crew duty-time exceedance after long reroutes
2026-03-23,Singapore Airlines,SI232,Dubai,Warsaw,UAE,Poland,Middle East,Europe,Airbus A321neo,406,Crew duty-time exceedance after long reroutes
2026-03-23,Air Canada,AI2431,Madrid,Bogotá,Spain,Colombia,Europe,Latin America,Boeing 787-9 Dreamliner,354,ATC flow restrictions — congestion
2026-03-23,Mahan Air,MA2743,Casablanca,Paris,Morocco,France,Africa,Europe,Boeing 787-10 Dreamliner,164,Fuel supply disruption
2026-03-23,LOT Polish Airlines,LO1938,Cairo,Kuwait City,Egypt,Kuwait,North Africa,Middle East,Airbus A320neo,187,ATC flow restrictions — congestion
2026-03-23,LOT Polish Airlines,LO9064,Auckland,Singapore,New Zealand,Singapore,Asia Pacific,Asia Pacific,Airbus A340-600,426,Crew safety — company policy
2026-03-23,Air France,AI962,Warsaw,Dubai,Poland,UAE,Europe,Middle East,Boeing 787-10 Dreamliner,300,Airspace closure — NOTAM
2026-03-23,Ethiopian Airlines,ET3795,Cairo,Riyadh,Egypt,Saudi Arabia,North Africa,Middle East,Boeing 787-10 Dreamliner,186,Airport closure — military activity
2026-03-24,KLM,KL818,Kuala Lumpur,Dubai,Malaysia,UAE,Asia Pacific,Middle East,Airbus A380-800,106,Fuel supply disruption
2026-03-24,KLM,KL5639,Singapore,Sydney,Singapore,Australia,Asia Pacific,Asia Pacific,Boeing 737 MAX 8,142,Security risk — conflict zone
2026-03-24,Southwest Airlines,SO1472,Seoul,Dubai,South Korea,UAE,Asia Pacific,Middle East,Airbus A321neo,198,Security risk — conflict zone
2026-03-24,IndiGo,IN2718,Kuala Lumpur,Dubai,Malaysia,UAE,Asia Pacific,Middle East,Boeing 737 MAX 8,443,Fuel supply disruption
2026-03-24,DHL Aviation,DH914,Jakarta,Dubai,Indonesia,UAE,Asia Pacific,Middle East,Airbus A320neo,390,Insurance restriction — war zone
2026-03-24,Kenya Airways,KE3038,Doha,Mumbai,Qatar,India,Middle East,South Asia,Boeing 777-200LR,127,Crew duty-time exceedance after long reroutes
2026-03-24,Copa Airlines,CO5298,Doha,New York,Qatar,USA,Middle East,North America,Airbus A321neo,146,Crew duty-time exceedance after long reroutes
2026-03-24,Kuwait Airways,KU4752,Cairo,Riyadh,Egypt,Saudi Arabia,North Africa,Middle East,Airbus A340-600,447,Crew duty-time exceedance after long reroutes
2026-03-24,Cargolux,CA3548,Dubai,Moscow,UAE,Russia,Middle East,Europe,Airbus A340-600,159,Government travel ban
2026-03-24,American Airlines,AM4012,Toronto,Doha,Canada,Qatar,North America,Middle East,Boeing 787-10 Dreamliner,199,Crew duty-time exceedance after long reroutes
2026-03-24,Air China,AI3774,Addis Ababa,Doha,Ethiopia,Qatar,Africa,Middle East,Boeing 777-300ER,404,Temporary corridor suspension — safety bulletin
2026-03-24,ANA,AN4618,Abu Dhabi,Sydney,UAE,Australia,Middle East,Asia Pacific,Boeing 787-9 Dreamliner,172,Airport closure — military activity
2026-03-25,Japan Airlines,JA883,Paris,Dubai,France,UAE,Europe,Middle East,Boeing 787-9 Dreamliner,208,Diplomatic advisory — do not fly
2026-03-25,Korean Air,KO4114,London,Toronto,UK,Canada,Europe,North America,Airbus A320neo,216,Crew duty-time exceedance after long reroutes
2026-03-25,Lufthansa,LU7537,Guangzhou,Dubai,China,UAE,Asia Pacific,Middle East,Airbus A380-800,321,Airspace closure — NOTAM
2026-03-25,Delta Air Lines,DE6696,Dubai,Santiago,UAE,Chile,Middle East,Latin America,Boeing 777-200LR,81,Airspace closure — NOTAM
2026-03-25,Lufthansa,LU6973,Singapore,Dubai,Singapore,UAE,Asia Pacific,Middle East,Boeing 777-300ER,174,Temporary corridor suspension — safety bulletin
2026-03-25,Azul Brazilian Airlines,AZ6045,Tokyo,London,Japan,UK,Asia Pacific,Europe,Boeing 777-200LR,101,ATC flow restrictions — congestion
2026-03-25,Air France,AI7846,Dubai,Kuala Lumpur,UAE,Malaysia,Middle East,Asia Pacific,Boeing 777-200LR,316,Crew safety — company policy
2026-03-25,EgyptAir,EG8226,London,Dubai,UK,UAE,Europe,Middle East,Airbus A350-900,407,Temporary corridor suspension — safety bulletin
2026-03-25,Emirates,EM8135,Dubai,Zurich,UAE,Switzerland,Middle East,Europe,Boeing 737 MAX 8,403,Security risk — conflict zone
2026-03-25,China Southern,CH124,São Paulo,Dubai,Brazil,UAE,Latin America,Middle East,Boeing 787-10 Dreamliner,412,Airspace closure — NOTAM
2026-03-25,Garuda Indonesia,GA9080,Beirut,Paris,Lebanon,France,Middle East,Europe,Boeing 787-10 Dreamliner,407,Airport closure — military activity
2026-03-25,Etihad Airways,ET4259,Hanoi,Dubai,Vietnam,UAE,Asia Pacific,Middle East,Airbus A330-300,181,Government travel ban
2026-03-25,Copa Airlines,CO2863,Riyadh,Cairo,Saudi Arabia,Egypt,Middle East,North Africa,Airbus A380-800,234,Government travel ban
2026-03-25,Emirates,EM5718,Tehran,Beijing,Iran,China,Middle East,Asia Pacific,Boeing 777-200LR,241,Crew duty-time exceedance after long reroutes
2026-03-25,Vietnam Airlines,VI7903,Tehran,Beijing,Iran,China,Middle East,Asia Pacific,Airbus A320neo,215,ATC flow restrictions — congestion
2026-03-25,Etihad Airways,ET389,Paris,Dubai,France,UAE,Europe,Middle East,Airbus A321neo,135,Fuel supply disruption
2026-03-25,LATAM Airlines,LA9440,New York,Doha,USA,Qatar,North America,Middle East,Boeing 777-300ER,180,Airport closure — military activity
2026-03-25,Kenya Airways,KE279,Doha,Los Angeles,Qatar,USA,Middle East,North America,Airbus A380-800,145,Airspace closure — NOTAM
2026-03-25,SAS,SA8654,Bahrain,Dubai,Bahrain,UAE,Middle East,Middle East,Boeing 787-10 Dreamliner,434,Diplomatic advisory — do not fly
2026-03-25,Cathay Pacific,CA4534,Dubai,Seoul,UAE,South Korea,Middle East,Asia Pacific,Boeing 777-200LR,159,Insurance restriction — war zone
2026-03-25,Korean Air,KO1032,Frankfurt,Beijing,Germany,China,Europe,Asia Pacific,Boeing 737-800,430,Insurance restriction — war zone
2026-03-25,Finnair,FI4321,Dubai,London,UAE,UK,Middle East,Europe,Airbus A330-300,395,Crew safety — company policy
2026-03-25,Wizz Air,WI4538,Lahore,Doha,Pakistan,Qatar,South Asia,Middle East,Boeing 787-10 Dreamliner,98,ATC flow restrictions — congestion
2026-03-25,Cargolux,CA7119,New York,Doha,USA,Qatar,North America,Middle East,Airbus A320neo,126,Airport closure — military activity
2026-03-25,Air India,AI6862,Moscow,Dubai,Russia,UAE,Europe,Middle East,Airbus A330-300,264,Crew duty-time exceedance after long reroutes
2026-03-25,China Southern,CH6173,Frankfurt,Dubai,Germany,UAE,Europe,Middle East,Airbus A321neo,323,Fuel supply disruption
2026-03-25,Korean Air,KO9793,Dubai,Bahrain,UAE,Bahrain,Middle East,Middle East,Airbus A321neo,98,Crew safety — company policy
2026-03-25,Malaysia Airlines,MA5294,Beijing,Frankfurt,China,Germany,Asia Pacific,Europe,Boeing 737-800,101,ATC flow restrictions — congestion
2026-03-26,Azul Brazilian Airlines,AZ1576,Beirut,Paris,Lebanon,France,Middle East,Europe,Boeing 737-800,321,Temporary corridor suspension — safety bulletin
2026-03-26,Swiss International Air Lines,SW5101,Istanbul,Tehran,Turkey,Iran,Middle East,Middle East,Airbus A350-900,421,Airport closure — military activity
2026-03-26,Iberia,IB2829,Singapore,Tokyo,Singapore,Japan,Asia Pacific,Asia Pacific,Boeing 787-9 Dreamliner,99,Fuel supply disruption
2026-03-26,flynas,FL8522,Bahrain,Dubai,Bahrain,UAE,Middle East,Middle East,Boeing 737-800,254,ATC flow restrictions — congestion
2026-03-26,Japan Airlines,JA9689,Dubai,Johannesburg,UAE,South Africa,Middle East,Africa,Boeing 787-9 Dreamliner,344,Airport closure — military activity
2026-03-26,KLM,KL6459,Sydney,Dubai,Australia,UAE,Asia Pacific,Middle East,Airbus A321neo,108,Diplomatic advisory — do not fly
2026-03-26,Thai Airways,TH6522,Seoul,London,South Korea,UK,Asia Pacific,Europe,Boeing 737 MAX 8,395,Temporary corridor suspension — safety bulletin
2026-03-26,Jazeera Airways,JA8528,Doha,Paris,Qatar,France,Middle East,Europe,Airbus A321neo,123,ATC flow restrictions — congestion
2026-03-26,Emirates SkyCargo,EM5551,Tokyo,Dubai,Japan,UAE,Asia Pacific,Middle East,Airbus A321neo,342,Crew duty-time exceedance after long reroutes
2026-03-26,LATAM Airlines,LA4930,Dubai,Istanbul,UAE,Turkey,Middle East,Middle East,Airbus A320neo,190,Security risk — conflict zone
2026-03-26,Kenya Airways,KE8876,Doha,Shanghai,Qatar,China,Middle East,Asia Pacific,Boeing 787-9 Dreamliner,178,Diplomatic advisory — do not fly
2026-03-26,Air Algerie,AI2214,Los Angeles,Doha,USA,Qatar,North America,Middle East,Boeing 737-800,322,Airspace closure — NOTAM
2026-03-26,China Southern,CH2280,Doha,Lahore,Qatar,Pakistan,Middle East,South Asia,Airbus A321neo,191,ATC flow restrictions — congestion
2026-03-26,Mahan Air,MA143,Beijing,Dubai,China,UAE,Asia Pacific,Middle East,Airbus A350-900,271,Government travel ban
2026-03-26,Jazeera Airways,JA5333,London,Kuala Lumpur,UK,Malaysia,Europe,Asia Pacific,Boeing 777-300ER,275,Airport closure — military activity
2026-03-26,Thai Airways,TH5394,Muscat,London,Oman,UK,Middle East,Europe,Boeing 777-200LR,118,Temporary corridor suspension — safety bulletin
2026-03-26,Air France,AI2865,Zurich,Dubai,Switzerland,UAE,Europe,Middle East,Boeing 777-200LR,185,ATC flow restrictions — congestion
2026-03-26,UPS Airlines,UP2638,Dubai,Toronto,UAE,Canada,Middle East,North America,Boeing 787-9 Dreamliner,247,Insurance restriction — war zone
2026-03-26,IndiGo,IN5338,Nairobi,London,Kenya,UK,Africa,Europe,Airbus A320neo,374,Security risk — conflict zone
2026-03-27,Cathay Pacific,CA2792,Dubai,Amman,UAE,Jordan,Middle East,Middle East,Airbus A321neo,311,Crew duty-time exceedance after long reroutes
2026-03-27,Aeroflot,AE9961,London,Doha,UK,Qatar,Europe,Middle East,Airbus A350-900,195,Insurance restriction — war zone
2026-03-27,Saudi Arabian Airlines,SA8148,Lisbon,Doha,Portugal,Qatar,Europe,Middle East,Boeing 737-800,240,Crew safety — company policy
2026-03-27,UPS Airlines,UP6795,Dubai,Chicago,UAE,USA,Middle East,North America,Airbus A340-600,365,Security risk — conflict zone
2026-03-27,Turkish Airlines,TU5975,Sydney,Dubai,Australia,UAE,Asia Pacific,Middle East,Airbus A330-300,288,Fuel supply disruption
2026-03-27,UPS Airlines,UP1889,Moscow,Tehran,Russia,Iran,Europe,Middle East,Airbus A320neo,376,Insurance restriction — war zone
2026-03-27,easyJet,EA2742,Los Angeles,London,USA,UK,North America,Europe,Boeing 737 MAX 8,192,Fuel supply disruption
2026-03-27,DHL Aviation,DH7679,Dubai,Hanoi,UAE,Vietnam,Middle East,Asia Pacific,Airbus A380-800,85,Insurance restriction — war zone
2026-03-27,Air Algerie,AI2092,Doha,São Paulo,Qatar,Brazil,Middle East,Latin America,Boeing 737-800,419,Airport closure — military activity
2026-03-27,KLM,KL9230,Frankfurt,Dubai,Germany,UAE,Europe,Middle East,Boeing 777-200LR,131,Diplomatic advisory — do not fly
2026-03-27,Copa Airlines,CO7516,Doha,Ho Chi Minh City,Qatar,Vietnam,Middle East,Asia Pacific,Airbus A330-300,99,Diplomatic advisory — do not fly
2026-03-27,Azul Brazilian Airlines,AZ5315,Nairobi,London,Kenya,UK,Africa,Europe,Boeing 787-9 Dreamliner,166,Insurance restriction — war zone
2026-03-27,Malaysia Airlines,MA6961,London,Johannesburg,UK,South Africa,Europe,Africa,Boeing 777-300ER,214,Security risk — conflict zone
2026-03-27,Finnair,FI5745,Delhi,Istanbul,India,Turkey,South Asia,Middle East,Airbus A321neo,163,Security risk — conflict zone
2026-03-27,Mahan Air,MA8559,Madrid,Dubai,Spain,UAE,Europe,Middle East,Boeing 777-300ER,339,Security risk — conflict zone
2026-03-27,DHL Aviation,DH2084,Shanghai,Dubai,China,UAE,Asia Pacific,Middle East,Boeing 777-200LR,291,Crew safety — company policy
2026-03-27,LATAM Airlines,LA9091,Doha,Los Angeles,Qatar,USA,Middle East,North America,Boeing 777-300ER,283,Diplomatic advisory — do not fly
2026-03-27,Pakistan International Airlines,PA7647,Cairo,Kuwait City,Egypt,Kuwait,North Africa,Middle East,Boeing 787-10 Dreamliner,316,Crew duty-time exceedance after long reroutes
2026-03-27,Finnair,FI745,Doha,Toronto,Qatar,Canada,Middle East,North America,Airbus A340-600,366,Airspace closure — NOTAM
2026-03-27,Cargolux,CA6178,Istanbul,Dubai,Turkey,UAE,Middle East,Middle East,Airbus A340-600,139,Insurance restriction — war zone
2026-03-27,Turkish Airlines,TU2410,Dubai,Bahrain,UAE,Bahrain,Middle East,Middle East,Airbus A321neo,315,Security risk — conflict zone
2026-03-27,Iberia,IB2848,Mexico City,Madrid,Mexico,Spain,Latin America,Europe,Airbus A320neo,316,Fuel supply disruption
2026-03-27,ANA,AN9803,Doha,Addis Ababa,Qatar,Ethiopia,Middle East,Africa,Airbus A320neo,235,Insurance restriction — war zone
2026-03-27,Kenya Airways,KE6625,Cairo,Dubai,Egypt,UAE,North Africa,Middle East,Boeing 777-300ER,324,Temporary corridor suspension — safety bulletin
2026-03-27,SAS,SA5123,Seoul,Doha,South Korea,Qatar,Asia Pacific,Middle East,Boeing 737 MAX 8,394,Temporary corridor suspension — safety bulletin
2026-03-27,Qatar Airways,QA6292,Doha,Moscow,Qatar,Russia,Middle East,Europe,Airbus A350-900,195,Government travel ban
2026-03-28,Air India,AI3745,Singapore,Dubai,Singapore,UAE,Asia Pacific,Middle East,Boeing 777-200LR,158,Temporary corridor suspension — safety bulletin
2026-03-28,Emirates,EM1648,Cairo,Dubai,Egypt,UAE,North Africa,Middle East,Airbus A380-800,300,Crew safety — company policy
2026-03-28,SpiceJet,SP3294,London,Tokyo,UK,Japan,Europe,Asia Pacific,Boeing 777-300ER,307,Security risk — conflict zone
2026-03-28,Finnair,FI7817,Kuwait City,London,Kuwait,UK,Middle East,Europe,Airbus A350-900,253,Crew safety — company policy
2026-03-28,Air Canada,AI5657,Dubai,Jakarta,UAE,Indonesia,Middle East,Asia Pacific,Airbus A330-300,389,Insurance restriction — war zone
2026-03-28,Thai Airways,TH3772,Moscow,Doha,Russia,Qatar,Europe,Middle East,Airbus A330-300,312,Airspace closure — NOTAM
2026-03-28,Air India,AI2245,London,Tokyo,UK,Japan,Europe,Asia Pacific,Airbus A380-800,226,Temporary corridor suspension — safety bulletin
2026-03-28,UPS Airlines,UP6081,Dubai,Vancouver,UAE,Canada,Middle East,North America,Boeing 787-10 Dreamliner,114,Airport closure — military activity
2026-03-28,American Airlines,AM9015,Mumbai,Doha,India,Qatar,South Asia,Middle East,Boeing 787-10 Dreamliner,232,Temporary corridor suspension — safety bulletin
2026-03-28,Emirates,EM407,Beijing,Dubai,China,UAE,Asia Pacific,Middle East,Airbus A350-900,180,Insurance restriction — war zone
2026-03-28,Turkish Airlines,TU4790,Bahrain,London,Bahrain,UK,Middle East,Europe,Airbus A321neo,363,Airspace closure — NOTAM
2026-03-28,Saudi Arabian Airlines,SA2438,Madrid,Dubai,Spain,UAE,Europe,Middle East,Boeing 777-200LR,268,Security risk — conflict zone
2026-03-28,Garuda Indonesia,GA8821,Singapore,Tokyo,Singapore,Japan,Asia Pacific,Asia Pacific,Airbus A321neo,168,Fuel supply disruption
2026-03-28,American Airlines,AM4338,Dubai,Mumbai,UAE,India,Middle East,South Asia,Airbus A320neo,81,Security risk — conflict zone
2026-03-28,LOT Polish Airlines,LO2747,Moscow,Doha,Russia,Qatar,Europe,Middle East,Airbus A350-900,175,Airport closure — military activity
2026-03-28,ANA,AN3609,Abu Dhabi,Sydney,UAE,Australia,Middle East,Asia Pacific,Airbus A350-900,156,Insurance restriction — war zone
2026-03-28,Saudi Arabian Airlines,SA9832,Tokyo,London,Japan,UK,Asia Pacific,Europe,Airbus A330-300,264,Government travel ban
2026-03-28,IndiGo,IN7695,Riyadh,Islamabad,Saudi Arabia,Pakistan,Middle East,South Asia,Boeing 737 MAX 8,327,Airport closure — military activity
2026-03-28,Copa Airlines,CO993,São Paulo,Doha,Brazil,Qatar,Latin America,Middle East,Boeing 777-300ER,138,ATC flow restrictions — congestion
2026-03-28,Iberia,IB4351,Riyadh,Islamabad,Saudi Arabia,Pakistan,Middle East,South Asia,Airbus A321neo,97,Insurance restriction — war zone
2026-03-28,flynas,FL5201,London,Seoul,UK,South Korea,Europe,Asia Pacific,Boeing 737-800,309,Airspace closure — NOTAM
2026-03-28,flydubai,FL5645,Beijing,Frankfurt,China,Germany,Asia Pacific,Europe,Airbus A330-300,284,Fuel supply disruption
2026-03-28,EgyptAir,EG4062,Toronto,London,Canada,UK,North America,Europe,Boeing 787-10 Dreamliner,441,Crew safety — company policy
2026-03-28,easyJet,EA5557,Los Angeles,Singapore,USA,Singapore,North America,Asia Pacific,Airbus A320neo,115,Security risk — conflict zone
2026-03-28,Delta Air Lines,DE2084,Ho Chi Minh City,Doha,Vietnam,Qatar,Asia Pacific,Middle East,Boeing 787-9 Dreamliner,381,Crew duty-time exceedance after long reroutes
2026-03-28,Lufthansa,LU4688,Tokyo,London,Japan,UK,Asia Pacific,Europe,Airbus A350-900,134,Government travel ban
2026-03-28,Qantas,QA4917,Dubai,Toronto,UAE,Canada,Middle East,North America,Airbus A330-300,211,Crew safety — company policy
2026-03-29,Thai Airways,TH2827,Dubai,Bahrain,UAE,Bahrain,Middle East,Middle East,Airbus A340-600,178,Airspace closure — NOTAM
2026-03-29,SAS,SA524,Doha,Paris,Qatar,France,Middle East,Europe,Airbus A330-300,390,Diplomatic advisory — do not fly
2026-03-29,WestJet,WE7638,Singapore,Tokyo,Singapore,Japan,Asia Pacific,Asia Pacific,Boeing 787-9 Dreamliner,199,Crew duty-time exceedance after long reroutes
2026-03-29,Wizz Air,WI9527,London,Tokyo,UK,Japan,Europe,Asia Pacific,Boeing 777-300ER,328,Insurance restriction — war zone
2026-03-29,Delta Air Lines,DE714,Mumbai,Doha,India,Qatar,South Asia,Middle East,Boeing 787-10 Dreamliner,367,Security risk — conflict zone
2026-03-29,Air Canada,AI7770,London,Tokyo,UK,Japan,Europe,Asia Pacific,Airbus A330-300,180,Crew duty-time exceedance after long reroutes
2026-03-29,Air India,AI8938,Johannesburg,London,South Africa,UK,Africa,Europe,Airbus A340-600,388,Fuel supply disruption
2026-03-29,Oman Air,OM6678,Tokyo,Singapore,Japan,Singapore,Asia Pacific,Asia Pacific,Boeing 787-9 Dreamliner,204,Airspace closure — NOTAM
2026-03-29,WestJet,WE9341,Tehran,Istanbul,Iran,Turkey,Middle East,Middle East,Boeing 737-800,389,Crew duty-time exceedance after long reroutes
2026-03-29,Kenya Airways,KE9406,Tehran,Istanbul,Iran,Turkey,Middle East,Middle East,Airbus A350-900,104,Security risk — conflict zone
2026-03-29,Oman Air,OM7456,London,Sydney,UK,Australia,Europe,Asia Pacific,Airbus A330-300,179,Temporary corridor suspension — safety bulletin
2026-03-29,Thai Airways,TH4869,Dubai,Helsinki,UAE,Finland,Middle East,Europe,Boeing 787-10 Dreamliner,389,Fuel supply disruption
2026-03-29,South African Airways,SO7751,Doha,Mumbai,Qatar,India,Middle East,South Asia,Airbus A330-300,219,Diplomatic advisory — do not fly
2026-03-29,Vietnam Airlines,VI1793,Doha,São Paulo,Qatar,Brazil,Middle East,Latin America,Airbus A330-300,354,Government travel ban
2026-03-29,Lufthansa,LU2701,Tehran,Beijing,Iran,China,Middle East,Asia Pacific,Airbus A350-900,255,Temporary corridor suspension — safety bulletin
2026-03-29,China Eastern,CH8045,Dubai,Sydney,UAE,Australia,Middle East,Asia Pacific,Airbus A340-600,191,Temporary corridor suspension — safety bulletin
2026-03-29,Kenya Airways,KE1793,Singapore,Auckland,Singapore,New Zealand,Asia Pacific,Asia Pacific,Airbus A350-900,237,Security risk — conflict zone
2026-03-29,WestJet,WE1828,London,Los Angeles,UK,USA,Europe,North America,Airbus A350-900,363,Fuel supply disruption
2026-03-29,LOT Polish Airlines,LO9306,Istanbul,Karachi,Turkey,Pakistan,Middle East,South Asia,Boeing 787-9 Dreamliner,395,Crew safety — company policy
2026-03-29,Vietnam Airlines,VI3268,New York,Riyadh,USA,Saudi Arabia,North America,Middle East,Airbus A340-600,449,Diplomatic advisory — do not fly
2026-03-29,Gulf Air,GU1813,Tokyo,London,Japan,UK,Asia Pacific,Europe,Boeing 787-9 Dreamliner,180,ATC flow restrictions — congestion
2026-03-30,flydubai,FL1909,Karachi,Istanbul,Pakistan,Turkey,South Asia,Middle East,Boeing 787-9 Dreamliner,327,Government travel ban
2026-03-30,Ryanair,RY9748,Dubai,Islamabad,UAE,Pakistan,Middle East,South Asia,Boeing 737-800,257,Temporary corridor suspension — safety bulletin
2026-03-30,LOT Polish Airlines,LO7769,Dubai,Guangzhou,UAE,China,Middle East,Asia Pacific,Airbus A321neo,305,Insurance restriction — war zone
2026-03-30,UPS Airlines,UP6476,London,Kuwait City,UK,Kuwait,Europe,Middle East,Airbus A320neo,360,Airport closure — military activity
2026-03-30,Malaysia Airlines,MA1779,Frankfurt,Dubai,Germany,UAE,Europe,Middle East,Boeing 737 MAX 8,191,Security risk — conflict zone
2026-03-30,Avianca,AV8389,Muscat,London,Oman,UK,Middle East,Europe,Airbus A321neo,366,Diplomatic advisory — do not fly
2026-03-30,Aeromexico,AE7384,Doha,Lahore,Qatar,Pakistan,Middle East,South Asia,Boeing 777-200LR,285,Airspace closure — NOTAM
2026-03-30,Air New Zealand,AI9449,Addis Ababa,Dubai,Ethiopia,UAE,Africa,Middle East,Boeing 737-800,134,Crew duty-time exceedance after long reroutes
2026-03-30,Finnair,FI4491,Dubai,Sydney,UAE,Australia,Middle East,Asia Pacific,Airbus A340-600,427,Government travel ban
2026-03-30,Qatar Airways,QA6664,Washington,Abu Dhabi,USA,UAE,North America,Middle East,Airbus A330-300,259,Fuel supply disruption
2026-03-30,ANA,AN4122,Nairobi,London,Kenya,UK,Africa,Europe,Boeing 737-800,361,Temporary corridor suspension — safety bulletin
2026-03-30,Emirates,EM9756,Istanbul,Dubai,Turkey,UAE,Middle East,Middle East,Airbus A350-900,102,Fuel supply disruption
2026-03-30,Delta Air Lines,DE2720,Bogotá,Madrid,Colombia,Spain,Latin America,Europe,Airbus A320neo,274,Crew duty-time exceedance after long reroutes
2026-03-30,Cathay Pacific,CA5012,Istanbul,Delhi,Turkey,India,Middle East,South Asia,Airbus A350-900,180,Government travel ban
2026-03-30,flydubai,FL635,Riyadh,Cairo,Saudi Arabia,Egypt,Middle East,North Africa,Airbus A350-900,176,Fuel supply disruption
2026-03-30,China Southern,CH1055,Dubai,Madrid,UAE,Spain,Middle East,Europe,Boeing 737 MAX 8,123,Fuel supply disruption
2026-03-30,British Airways,BR7203,Dubai,Bahrain,UAE,Bahrain,Middle East,Middle East,Airbus A350-900,299,Airspace closure — NOTAM
2026-03-30,Lufthansa,LU9430,Paris,Doha,France,Qatar,Europe,Middle East,Airbus A340-600,311,Crew duty-time exceedance after long reroutes
2026-03-31,easyJet,EA9395,Seoul,Dubai,South Korea,UAE,Asia Pacific,Middle East,Boeing 787-10 Dreamliner,152,ATC flow restrictions — congestion
2026-03-31,SpiceJet,SP6669,Kuwait City,London,Kuwait,UK,Middle East,Europe,Boeing 737 MAX 8,230,Temporary corridor suspension — safety bulletin
2026-03-31,Qatar Airways,QA7203,Frankfurt,Dubai,Germany,UAE,Europe,Middle East,Airbus A340-600,266,ATC flow restrictions — congestion
2026-03-31,Avianca,AV5027,Bahrain,Dubai,Bahrain,UAE,Middle East,Middle East,Airbus A350-900,103,Crew safety — company policy
2026-03-31,Air France,AI9029,Dubai,Chicago,UAE,USA,Middle East,North America,Boeing 787-9 Dreamliner,118,Government travel ban
2026-03-31,Gulf Air,GU7126,London,Doha,UK,Qatar,Europe,Middle East,Boeing 737 MAX 8,405,Airspace closure — NOTAM
2026-03-31,Kuwait Airways,KU2053,Tokyo,London,Japan,UK,Asia Pacific,Europe,Airbus A330-300,228,Fuel supply disruption
2026-03-31,TAP Air Portugal,TA7556,London,Mexico City,UK,Mexico,Europe,Latin America,Boeing 737 MAX 8,385,Diplomatic advisory — do not fly
2026-03-31,China Eastern,CH6763,Dubai,Delhi,UAE,India,Middle East,South Asia,Boeing 777-200LR,157,Temporary corridor suspension — safety bulletin
2026-03-31,Iran Air,IR9789,Dubai,Auckland,UAE,New Zealand,Middle East,Asia Pacific,Boeing 737-800,420,Crew safety — company policy
2026-03-31,Aeroflot,AE2936,Islamabad,Riyadh,Pakistan,Saudi Arabia,South Asia,Middle East,Airbus A320neo,321,Fuel supply disruption
2026-03-31,British Airways,BR5684,Sydney,Dubai,Australia,UAE,Asia Pacific,Middle East,Airbus A340-600,256,Crew safety — company policy
2026-03-31,SAS,SA8269,Cairo,Riyadh,Egypt,Saudi Arabia,North Africa,Middle East,Airbus A340-600,292,Government travel ban
2026-03-31,Korean Air,KO5227,Casablanca,Dubai,Morocco,UAE,Africa,Middle East,Boeing 737 MAX 8,96,Temporary corridor suspension — safety bulletin
2026-03-31,Azul Brazilian Airlines,AZ2816,Karachi,Istanbul,Pakistan,Turkey,South Asia,Middle East,Boeing 787-10 Dreamliner,264,Government travel ban
2026-03-31,Atlas Air,AT4236,Istanbul,Delhi,Turkey,India,Middle East,South Asia,Airbus A350-900,183,Airspace closure — NOTAM
2026-03-31,IndiGo,IN4697,Mumbai,Dubai,India,UAE,South Asia,Middle East,Airbus A340-600,288,Insurance restriction — war zone
2026-04-01,EgyptAir,EG8201,London,Dubai,UK,UAE,Europe,Middle East,Airbus A320neo,155,Fuel supply disruption
2026-04-01,Iran Air,IR8675,Riyadh,Cairo,Saudi Arabia,Egypt,Middle East,North Africa,Airbus A321neo,345,Diplomatic advisory — do not fly
2026-04-01,Qantas,QA6451,Dubai,Chicago,UAE,USA,Middle East,North America,Boeing 787-10 Dreamliner,177,Government travel ban
2026-04-01,Asiana Airlines,AS6251,Doha,Madrid,Qatar,Spain,Middle East,Europe,Boeing 777-300ER,307,Crew safety — company policy
2026-04-01,American Airlines,AM8964,Doha,Shanghai,Qatar,China,Middle East,Asia Pacific,Boeing 737-800,285,Crew safety — company policy
2026-04-01,Air France,AI7407,Kuwait City,London,Kuwait,UK,Middle East,Europe,Airbus A330-300,255,Government travel ban
2026-04-01,Emirates SkyCargo,EM1485,Mumbai,Doha,India,Qatar,South Asia,Middle East,Boeing 737-800,165,Airspace closure — NOTAM
2026-04-01,Mahan Air,MA4800,Dubai,Karachi,UAE,Pakistan,Middle East,South Asia,Airbus A321neo,410,Airspace closure — NOTAM
2026-04-01,flynas,FL3216,Dubai,Frankfurt,UAE,Germany,Middle East,Europe,Airbus A330-300,317,Temporary corridor suspension — safety bulletin
2026-04-01,South African Airways,SO1019,Madrid,Bogotá,Spain,Colombia,Europe,Latin America,Boeing 787-10 Dreamliner,199,Airspace closure — NOTAM
2026-04-01,LATAM Airlines,LA5269,Dubai,Helsinki,UAE,Finland,Middle East,Europe,Boeing 787-9 Dreamliner,286,Crew safety — company policy
2026-04-01,Kenya Airways,KE7752,Muscat,London,Oman,UK,Middle East,Europe,Boeing 787-10 Dreamliner,345,ATC flow restrictions — congestion
2026-04-01,Oman Air,OM5888,São Paulo,Dubai,Brazil,UAE,Latin America,Middle East,Airbus A380-800,410,Insurance restriction — war zone
2026-04-01,Pakistan International Airlines,PA4482,New York,Dubai,USA,UAE,North America,Middle East,Airbus A350-900,80,Government travel ban
2026-04-01,easyJet,EA1206,Toronto,London,Canada,UK,North America,Europe,Airbus A340-600,177,Crew safety — company policy
2026-04-01,Air France,AI720,Dubai,Vancouver,UAE,Canada,Middle East,North America,Airbus A380-800,112,Airport closure — military activity
2026-04-01,South African Airways,SO7633,Dubai,Moscow,UAE,Russia,Middle East,Europe,Boeing 737 MAX 8,447,Security risk — conflict zone
2026-04-01,Emirates,EM9955,Beijing,Tehran,China,Iran,Asia Pacific,Middle East,Boeing 777-300ER,123,Fuel supply disruption
2026-04-01,Air Arabia,AI1148,Dubai,Frankfurt,UAE,Germany,Middle East,Europe,Boeing 787-9 Dreamliner,213,Government travel ban
2026-04-01,Aeroflot,AE8112,Abu Dhabi,London,UAE,UK,Middle East,Europe,Boeing 737-800,169,Diplomatic advisory — do not fly
2026-04-01,Turkish Airlines,TU5452,Doha,Chicago,Qatar,USA,Middle East,North America,Airbus A330-300,254,Airspace closure — NOTAM
2026-04-01,Cathay Pacific,CA8649,Abu Dhabi,Washington,UAE,USA,Middle East,North America,Boeing 787-10 Dreamliner,381,Temporary corridor suspension — safety bulletin
2026-04-01,Saudi Arabian Airlines,SA2948,São Paulo,Dubai,Brazil,UAE,Latin America,Middle East,Boeing 777-300ER,350,Insurance restriction — war zone
2026-04-01,Air Algerie,AI8611,Singapore,Dubai,Singapore,UAE,Asia Pacific,Middle East,Boeing 777-200LR,332,Security risk — conflict zone
2026-04-02,WestJet,WE5193,Dubai,Guangzhou,UAE,China,Middle East,Asia Pacific,Airbus A330-300,267,Crew safety — company policy
2026-04-02,Etihad Airways,ET7745,Abu Dhabi,Washington,UAE,USA,Middle East,North America,Airbus A350-900,96,Airport closure — military activity
2026-04-02,Air India,AI1308,Zurich,Dubai,Switzerland,UAE,Europe,Middle East,Airbus A321neo,423,Fuel supply disruption
2026-04-02,EgyptAir,EG7211,Dubai,Moscow,UAE,Russia,Middle East,Europe,Airbus A350-900,115,Temporary corridor suspension — safety bulletin
2026-04-02,Mahan Air,MA2439,Singapore,London,Singapore,UK,Asia Pacific,Europe,Boeing 777-300ER,227,Temporary corridor suspension — safety bulletin
2026-04-02,Aeromexico,AE2677,Dubai,Chicago,UAE,USA,Middle East,North America,Boeing 777-200LR,342,Crew safety — company policy
2026-04-02,Korean Air,KO739,Cairo,Riyadh,Egypt,Saudi Arabia,North Africa,Middle East,Boeing 787-10 Dreamliner,392,Insurance restriction — war zone
2026-04-02,Air New Zealand,AI4744,Riyadh,Cairo,Saudi Arabia,Egypt,Middle East,North Africa,Boeing 777-300ER,274,Diplomatic advisory — do not fly
2026-04-02,Gulf Air,GU4177,São Paulo,Dubai,Brazil,UAE,Latin America,Middle East,Airbus A321neo,300,Insurance restriction — war zone
2026-04-02,Iran Air,IR2663,Dubai,São Paulo,UAE,Brazil,Middle East,Latin America,Boeing 777-300ER,338,Airport closure — military activity
2026-04-02,Qatar Airways,QA7295,Riyadh,Cairo,Saudi Arabia,Egypt,Middle East,North Africa,Boeing 777-300ER,221,Airspace closure — NOTAM
2026-04-02,flydubai,FL4553,London,Toronto,UK,Canada,Europe,North America,Boeing 787-10 Dreamliner,191,Crew safety — company policy
2026-04-02,easyJet,EA3390,Shanghai,Dubai,China,UAE,Asia Pacific,Middle East,Airbus A350-900,320,Diplomatic advisory — do not fly
2026-04-02,British Airways,BR9053,Dubai,Toronto,UAE,Canada,Middle East,North America,Boeing 787-9 Dreamliner,142,Government travel ban
2026-04-02,Emirates,EM2302,London,Bahrain,UK,Bahrain,Europe,Middle East,Boeing 777-300ER,316,Security risk — conflict zone
2026-04-02,Ryanair,RY8344,Helsinki,Dubai,Finland,UAE,Europe,Middle East,Boeing 737 MAX 8,117,Crew safety — company policy
2026-04-02,Air India,AI9646,Dubai,Warsaw,UAE,Poland,Middle East,Europe,Airbus A321neo,112,Government travel ban
2026-04-02,Lufthansa,LU5056,Istanbul,Delhi,Turkey,India,Middle East,South Asia,Boeing 737-800,165,ATC flow restrictions — congestion
2026-04-02,Kuwait Airways,KU4170,London,Mexico City,UK,Mexico,Europe,Latin America,Airbus A350-900,114,Diplomatic advisory — do not fly
2026-04-03,Iberia,IB7712,Cairo,Riyadh,Egypt,Saudi Arabia,North Africa,Middle East,Airbus A340-600,191,Airspace closure — NOTAM
2026-04-03,Ryanair,RY4149,Doha,Shanghai,Qatar,China,Middle East,Asia Pacific,Airbus A320neo,156,Crew safety — company policy
2026-04-03,DHL Aviation,DH1939,Riyadh,London,Saudi Arabia,UK,Middle East,Europe,Boeing 777-200LR,374,Temporary corridor suspension — safety bulletin
2026-04-03,flydubai,FL2956,Johannesburg,London,South Africa,UK,Africa,Europe,Boeing 737-800,350,Temporary corridor suspension — safety bulletin
2026-04-03,South African Airways,SO2516,Doha,Chicago,Qatar,USA,Middle East,North America,Airbus A350-900,357,Airport closure — military activity
2026-04-03,Iberia,IB4065,Los Angeles,Doha,USA,Qatar,North America,Middle East,Airbus A320neo,123,Crew safety — company policy
2026-04-03,Lufthansa,LU4418,Dubai,Karachi,UAE,Pakistan,Middle East,South Asia,Airbus A350-900,379,Airspace closure — NOTAM
2026-04-03,Air Algerie,AI1915,London,Toronto,UK,Canada,Europe,North America,Airbus A321neo,379,Crew safety — company policy
2026-04-03,Finnair,FI3366,Dubai,New York,UAE,USA,Middle East,North America,Boeing 737 MAX 8,252,Diplomatic advisory — do not fly
2026-04-03,Kuwait Airways,KU7333,Toronto,Dubai,Canada,UAE,North America,Middle East,Boeing 777-200LR,373,Government travel ban
2026-04-03,flydubai,FL1279,Dubai,Delhi,UAE,India,Middle East,South Asia,Boeing 787-10 Dreamliner,157,Security risk — conflict zone
2026-04-03,Cathay Pacific,CA567,Helsinki,Dubai,Finland,UAE,Europe,Middle East,Airbus A320neo,169,Fuel supply disruption
2026-04-03,Pakistan International Airlines,PA1396,Dubai,Madrid,UAE,Spain,Middle East,Europe,Boeing 737-800,413,ATC flow restrictions — congestion
2026-04-03,Finnair,FI662,Muscat,London,Oman,UK,Middle East,Europe,Airbus A320neo,160,Airport closure — military activity
2026-04-03,Air China,AI9852,Dubai,Jakarta,UAE,Indonesia,Middle East,Asia Pacific,Airbus A380-800,399,Airport closure — military activity
2026-04-03,Iran Air,IR7214,Kuwait City,Cairo,Kuwait,Egypt,Middle East,North Africa,Airbus A380-800,324,Fuel supply disruption
2026-04-03,Finnair,FI4725,Dubai,London,UAE,UK,Middle East,Europe,Boeing 777-300ER,417,Crew safety — company policy
2026-04-03,Aeroflot,AE8797,Lisbon,Doha,Portugal,Qatar,Europe,Middle East,Airbus A350-900,151,Fuel supply disruption
2026-04-03,Avianca,AV9416,Auckland,Singapore,New Zealand,Singapore,Asia Pacific,Asia Pacific,Airbus A350-900,155,Insurance restriction — war zone
2026-04-03,Qatar Airways,QA4163,Singapore,Sydney,Singapore,Australia,Asia Pacific,Asia Pacific,Boeing 777-200LR,211,Diplomatic advisory — do not fly
2026-04-03,Azul Brazilian Airlines,AZ2826,Doha,Ho Chi Minh City,Qatar,Vietnam,Middle East,Asia Pacific,Boeing 737 MAX 8,432,Security risk — conflict zone
2026-04-03,SpiceJet,SP3102,Helsinki,Dubai,Finland,UAE,Europe,Middle East,Boeing 777-300ER,334,Security risk — conflict zone
2026-04-03,Cargolux,CA6388,Dubai,Santiago,UAE,Chile,Middle East,Latin America,Airbus A340-600,322,Crew duty-time exceedance after long reroutes
2026-04-03,Wizz Air,WI2358,Paris,Beirut,France,Lebanon,Europe,Middle East,Airbus A340-600,333,Crew duty-time exceedance after long reroutes
2026-04-04,Iran Air,IR8456,London,Bahrain,UK,Bahrain,Europe,Middle East,Airbus A350-900,422,Temporary corridor suspension — safety bulletin
2026-04-04,Iran Air,IR4887,Casablanca,Dubai,Morocco,UAE,Africa,Middle East,Boeing 737 MAX 8,120,Airspace closure — NOTAM
2026-04-04,Iberia,IB6656,Tehran,Istanbul,Iran,Turkey,Middle East,Middle East,Airbus A321neo,273,Security risk — conflict zone
2026-04-04,British Airways,BR3970,New York,Dubai,USA,UAE,North America,Middle East,Airbus A320neo,432,Temporary corridor suspension — safety bulletin
2026-04-04,LOT Polish Airlines,LO5327,Madrid,Bogotá,Spain,Colombia,Europe,Latin America,Boeing 777-200LR,274,Government travel ban
2026-04-04,Saudi Arabian Airlines,SA737,Los Angeles,Doha,USA,Qatar,North America,Middle East,Boeing 777-300ER,236,Airspace closure — NOTAM
2026-04-04,Oman Air,OM3808,Tokyo,Dubai,Japan,UAE,Asia Pacific,Middle East,Boeing 737 MAX 8,319,Security risk — conflict zone
2026-04-04,LOT Polish Airlines,LO3809,London,Bahrain,UK,Bahrain,Europe,Middle East,Airbus A340-600,373,Crew safety — company policy
2026-04-04,Kenya Airways,KE1145,Stockholm,Dubai,Sweden,UAE,Europe,Middle East,Airbus A320neo,318,Airport closure — military activity
2026-04-04,Southwest Airlines,SO1112,Mexico City,Madrid,Mexico,Spain,Latin America,Europe,Boeing 737-800,327,Airport closure — military activity
2026-04-04,Saudi Arabian Airlines,SA1048,Johannesburg,Dubai,South Africa,UAE,Africa,Middle East,Boeing 737 MAX 8,281,Airspace closure — NOTAM
2026-04-04,Qatar Airways,QA4336,Dubai,Santiago,UAE,Chile,Middle East,Latin America,Airbus A380-800,432,Temporary corridor suspension — safety bulletin
2026-04-04,Royal Air Maroc,RO2105,Dubai,Islamabad,UAE,Pakistan,Middle East,South Asia,Boeing 737-800,206,Security risk — conflict zone
2026-04-04,Turkish Airlines,TU1707,Guangzhou,Dubai,China,UAE,Asia Pacific,Middle East,Boeing 777-300ER,179,ATC flow restrictions — congestion
2026-04-04,Japan Airlines,JA6351,Addis Ababa,Doha,Ethiopia,Qatar,Africa,Middle East,Boeing 737-800,383,Government travel ban
2026-04-04,Air France,AI5256,Riyadh,New York,Saudi Arabia,USA,Middle East,North America,Boeing 737-800,196,Fuel supply disruption
2026-04-04,China Southern,CH5262,London,Beijing,UK,China,Europe,Asia Pacific,Airbus A340-600,283,ATC flow restrictions — congestion
2026-04-04,Kuwait Airways,KU1301,London,Sydney,UK,Australia,Europe,Asia Pacific,Airbus A320neo,359,Crew duty-time exceedance after long reroutes
2026-04-04,Emirates,EM5339,Dubai,Nairobi,UAE,Kenya,Middle East,Africa,Boeing 787-9 Dreamliner,254,Government travel ban
2026-04-04,Iran Air,IR1816,Singapore,Sydney,Singapore,Australia,Asia Pacific,Asia Pacific,Airbus A330-300,177,ATC flow restrictions — congestion
2026-04-04,Etihad Airways,ET8041,Singapore,Tokyo,Singapore,Japan,Asia Pacific,Asia Pacific,Boeing 737 MAX 8,193,ATC flow restrictions — congestion
2026-04-04,Qatar Airways,QA2474,Chicago,Doha,USA,Qatar,North America,Middle East,Airbus A340-600,264,Security risk — conflict zone
2026-04-04,UPS Airlines,UP653,Dubai,Santiago,UAE,Chile,Middle East,Latin America,Boeing 787-9 Dreamliner,364,Airspace closure — NOTAM
2026-04-04,Air India,AI111,Dubai,Stockholm,UAE,Sweden,Middle East,Europe,Boeing 737 MAX 8,217,Crew safety — company policy
2026-04-04,SAS,SA4952,London,Bahrain,UK,Bahrain,Europe,Middle East,Airbus A340-600,263,Crew safety — company policy
2026-04-04,Iberia,IB6218,Dubai,Warsaw,UAE,Poland,Middle East,Europe,Boeing 777-300ER,123,Government travel ban
2026-04-04,Jazeera Airways,JA2883,Lisbon,Doha,Portugal,Qatar,Europe,Middle East,Boeing 787-10 Dreamliner,369,Airport closure — military activity
2026-04-04,ANA,AN3975,Dubai,Jakarta,UAE,Indonesia,Middle East,Asia Pacific,Airbus A330-300,98,Fuel supply disruption
2026-04-05,China Eastern,CH1843,London,São Paulo,UK,Brazil,Europe,Latin America,Airbus A320neo,157,Airspace closure — NOTAM
2026-04-05,Emirates,EM6283,Bahrain,Dubai,Bahrain,UAE,Middle East,Middle East,Boeing 777-300ER,298,Diplomatic advisory — do not fly
2026-04-05,Iberia,IB7056,Abu Dhabi,London,UAE,UK,Middle East,Europe,Boeing 777-200LR,125,ATC flow restrictions — congestion
2026-04-05,Iberia,IB5017,Karachi,Istanbul,Pakistan,Turkey,South Asia,Middle East,Boeing 737 MAX 8,245,Temporary corridor suspension — safety bulletin
2026-04-05,Iberia,IB2608,Vancouver,Dubai,Canada,UAE,North America,Middle East,Airbus A340-600,153,Insurance restriction — war zone
2026-04-05,Delta Air Lines,DE6250,Riyadh,Cairo,Saudi Arabia,Egypt,Middle East,North Africa,Boeing 777-200LR,214,Airport closure — military activity
2026-04-05,Avianca,AV9017,Guangzhou,Dubai,China,UAE,Asia Pacific,Middle East,Airbus A340-600,190,Airport closure — military activity
2026-04-05,China Southern,CH5167,Tokyo,Singapore,Japan,Singapore,Asia Pacific,Asia Pacific,Airbus A350-900,143,Insurance restriction — war zone
2026-04-05,KLM,KL2600,New York,Dubai,USA,UAE,North America,Middle East,Airbus A320neo,128,Crew duty-time exceedance after long reroutes
2026-04-05,Saudi Arabian Airlines,SA8841,Warsaw,Dubai,Poland,UAE,Europe,Middle East,Airbus A340-600,294,Airspace closure — NOTAM
2026-04-05,LOT Polish Airlines,LO6806,Helsinki,Dubai,Finland,UAE,Europe,Middle East,Boeing 787-9 Dreamliner,225,ATC flow restrictions — congestion
2026-04-05,Qatar Airways,QA9607,Cairo,Riyadh,Egypt,Saudi Arabia,North Africa,Middle East,Airbus A321neo,412,Diplomatic advisory — do not fly
2026-04-05,Jazeera Airways,JA3048,Riyadh,New York,Saudi Arabia,USA,Middle East,North America,Airbus A340-600,263,Crew duty-time exceedance after long reroutes
2026-04-05,Emirates,EM9565,Dubai,Johannesburg,UAE,South Africa,Middle East,Africa,Airbus A320neo,312,ATC flow restrictions — congestion
2026-04-05,Qantas,QA9049,Doha,Ho Chi Minh City,Qatar,Vietnam,Middle East,Asia Pacific,Airbus A340-600,332,Temporary corridor suspension — safety bulletin
2026-04-05,Garuda Indonesia,GA4313,Muscat,London,Oman,UK,Middle East,Europe,Boeing 787-9 Dreamliner,190,Airport closure — military activity
2026-04-05,Air New Zealand,AI7280,Seoul,London,South Korea,UK,Asia Pacific,Europe,Airbus A380-800,389,Insurance restriction — war zone
2026-04-05,Swiss International Air Lines,SW5772,Riyadh,Cairo,Saudi Arabia,Egypt,Middle East,North Africa,Airbus A330-300,170,Airspace closure — NOTAM
2026-04-05,Avianca,AV4936,Delhi,Dubai,India,UAE,South Asia,Middle East,Airbus A350-900,248,ATC flow restrictions — congestion
2026-04-05,Finnair,FI8948,Toronto,London,Canada,UK,North America,Europe,Boeing 787-9 Dreamliner,317,Airspace closure — NOTAM
2026-04-05,Japan Airlines,JA6348,Kuala Lumpur,London,Malaysia,UK,Asia Pacific,Europe,Airbus A321neo,162,ATC flow restrictions — congestion
2026-04-05,SAS,SA8054,Doha,Paris,Qatar,France,Middle East,Europe,Airbus A350-900,385,Airspace closure — NOTAM
2026-04-06,Air Arabia,AI2191,Los Angeles,Doha,USA,Qatar,North America,Middle East,Airbus A330-300,282,Airport closure — military activity
2026-04-06,Air Canada,AI6473,Istanbul,Karachi,Turkey,Pakistan,Middle East,South Asia,Airbus A321neo,310,Crew duty-time exceedance after long reroutes
2026-04-06,British Airways,BR3617,Kuwait City,Cairo,Kuwait,Egypt,Middle East,North Africa,Airbus A340-600,264,Crew duty-time exceedance after long reroutes
2026-04-06,Aeroflot,AE5631,Beirut,Paris,Lebanon,France,Middle East,Europe,Boeing 777-200LR,142,Insurance restriction — war zone
2026-04-06,Ryanair,RY3738,Bahrain,Dubai,Bahrain,UAE,Middle East,Middle East,Airbus A340-600,94,Crew safety — company policy
2026-04-06,Saudi Arabian Airlines,SA3292,Madrid,Dubai,Spain,UAE,Europe,Middle East,Boeing 787-10 Dreamliner,160,Temporary corridor suspension — safety bulletin
2026-04-06,Malaysia Airlines,MA3780,Dubai,Auckland,UAE,New Zealand,Middle East,Asia Pacific,Airbus A330-300,397,Government travel ban
2026-04-06,LATAM Airlines,LA5810,Frankfurt,Dubai,Germany,UAE,Europe,Middle East,Airbus A320neo,289,Crew duty-time exceedance after long reroutes
2026-04-06,SAS,SA3616,Riyadh,Islamabad,Saudi Arabia,Pakistan,Middle East,South Asia,Boeing 787-9 Dreamliner,106,Crew duty-time exceedance after long reroutes
2026-04-06,Air Algerie,AI4469,Kuwait City,Mumbai,Kuwait,India,Middle East,South Asia,Airbus A380-800,386,Fuel supply disruption
2026-04-06,Atlas Air,AT9882,Dubai,Madrid,UAE,Spain,Middle East,Europe,Boeing 777-200LR,191,ATC flow restrictions — congestion
2026-04-06,Etihad Airways,ET9069,Istanbul,Delhi,Turkey,India,Middle East,South Asia,Airbus A340-600,253,Security risk — conflict zone
2026-04-06,Japan Airlines,JA9686,Dubai,Paris,UAE,France,Middle East,Europe,Airbus A380-800,217,Insurance restriction — war zone
2026-04-06,Atlas Air,AT402,Dubai,Jakarta,UAE,Indonesia,Middle East,Asia Pacific,Boeing 737-800,117,Airspace closure — NOTAM
2026-04-06,EgyptAir,EG2363,Johannesburg,Dubai,South Africa,UAE,Africa,Middle East,Boeing 737-800,140,Fuel supply disruption
2026-04-06,Aeroflot,AE3687,Doha,Los Angeles,Qatar,USA,Middle East,North America,Boeing 777-300ER,412,ATC flow restrictions — congestion
2026-04-06,Ryanair,RY7988,Dubai,Amman,UAE,Jordan,Middle East,Middle East,Boeing 777-200LR,354,Fuel supply disruption
2026-04-06,Saudi Arabian Airlines,SA885,London,Kuala Lumpur,UK,Malaysia,Europe,Asia Pacific,Boeing 737 MAX 8,276,Insurance restriction — war zone
2026-04-06,Emirates,EM2840,Paris,Beirut,France,Lebanon,Europe,Middle East,Boeing 737 MAX 8,194,Airport closure — military activity
2026-04-06,FedEx Express,FE3338,Paris,Casablanca,France,Morocco,Europe,Africa,Airbus A320neo,316,Airspace closure — NOTAM
2026-04-06,Qantas,QA9205,Abu Dhabi,Sydney,UAE,Australia,Middle East,Asia Pacific,Airbus A330-300,188,Airspace closure — NOTAM
2026-04-07,SpiceJet,SP1910,London,Toronto,UK,Canada,Europe,North America,Boeing 787-9 Dreamliner,204,Fuel supply disruption
2026-04-07,Finnair,FI8202,Dubai,New York,UAE,USA,Middle East,North America,Airbus A350-900,270,Insurance restriction — war zone
2026-04-07,EgyptAir,EG5096,Dubai,Jakarta,UAE,Indonesia,Middle East,Asia Pacific,Boeing 737-800,416,Diplomatic advisory — do not fly
2026-04-07,Air Arabia,AI7964,Singapore,Auckland,Singapore,New Zealand,Asia Pacific,Asia Pacific,Airbus A320neo,125,Insurance restriction — war zone
2026-04-07,Air China,AI6833,Dubai,Madrid,UAE,Spain,Middle East,Europe,Boeing 787-10 Dreamliner,311,Airspace closure — NOTAM
2026-04-07,Etihad Airways,ET5997,Riyadh,New York,Saudi Arabia,USA,Middle East,North America,Airbus A320neo,220,Airspace closure — NOTAM
2026-04-07,DHL Aviation,DH2141,Istanbul,Tehran,Turkey,Iran,Middle East,Middle East,Boeing 777-300ER,191,Airport closure — military activity
2026-04-07,Cargolux,CA8495,Dubai,New York,UAE,USA,Middle East,North America,Airbus A321neo,397,Security risk — conflict zone
2026-04-07,Aeromexico,AE488,Dubai,Cairo,UAE,Egypt,Middle East,North Africa,Boeing 787-10 Dreamliner,241,Airspace closure — NOTAM
2026-04-07,Air France,AI5414,Paris,Doha,France,Qatar,Europe,Middle East,Boeing 787-9 Dreamliner,126,Security risk — conflict zone
2026-04-07,Etihad Airways,ET8961,London,Dubai,UK,UAE,Europe,Middle East,Airbus A320neo,313,Government travel ban
2026-04-07,Air New Zealand,AI4454,Tehran,Istanbul,Iran,Turkey,Middle East,Middle East,Boeing 787-10 Dreamliner,409,Airspace closure — NOTAM
2026-04-07,United Airlines,UN3380,Dubai,Hanoi,UAE,Vietnam,Middle East,Asia Pacific,Boeing 777-200LR,424,Fuel supply disruption
2026-04-07,LATAM Airlines,LA1778,London,Abu Dhabi,UK,UAE,Europe,Middle East,Boeing 777-200LR,212,Airspace closure — NOTAM
2026-04-07,Jazeera Airways,JA8179,Vancouver,Dubai,Canada,UAE,North America,Middle East,Boeing 787-10 Dreamliner,410,ATC flow restrictions — congestion
2026-04-07,Jazeera Airways,JA6705,Hanoi,Dubai,Vietnam,UAE,Asia Pacific,Middle East,Airbus A340-600,138,Fuel supply disruption
2026-04-07,Royal Air Maroc,RO7847,New York,Dubai,USA,UAE,North America,Middle East,Airbus A320neo,354,Crew safety — company policy
2026-04-07,Aeroflot,AE4332,Dubai,Chicago,UAE,USA,Middle East,North America,Airbus A340-600,201,Insurance restriction — war zone
2026-04-08,Asiana Airlines,AS7997,Los Angeles,Doha,USA,Qatar,North America,Middle East,Boeing 737 MAX 8,132,Airspace closure — NOTAM
2026-04-08,Pakistan International Airlines,PA4331,Tehran,Moscow,Iran,Russia,Middle East,Europe,Airbus A330-300,424,Fuel supply disruption
2026-04-08,Air Canada,AI1766,Stockholm,Dubai,Sweden,UAE,Europe,Middle East,Airbus A330-300,291,Government travel ban
2026-04-08,Kenya Airways,KE3883,Addis Ababa,London,Ethiopia,UK,Africa,Europe,Boeing 777-300ER,167,Insurance restriction — war zone
2026-04-08,Qatar Airways,QA7940,Tokyo,Singapore,Japan,Singapore,Asia Pacific,Asia Pacific,Airbus A340-600,343,Temporary corridor suspension — safety bulletin
2026-04-08,Swiss International Air Lines,SW4404,São Paulo,London,Brazil,UK,Latin America,Europe,Boeing 737 MAX 8,343,Fuel supply disruption
2026-04-08,Vietnam Airlines,VI7770,Istanbul,Dubai,Turkey,UAE,Middle East,Middle East,Airbus A321neo,151,Crew safety — company policy
2026-04-08,Swiss International Air Lines,SW8302,Mumbai,Doha,India,Qatar,South Asia,Middle East,Airbus A320neo,256,Crew duty-time exceedance after long reroutes
2026-04-08,flydubai,FL4560,Doha,Lahore,Qatar,Pakistan,Middle East,South Asia,Boeing 787-9 Dreamliner,107,Temporary corridor suspension — safety bulletin
2026-04-08,Mahan Air,MA6820,Dubai,Tokyo,UAE,Japan,Middle East,Asia Pacific,Airbus A380-800,191,Fuel supply disruption
2026-04-08,Aeromexico,AE2546,Delhi,Istanbul,India,Turkey,South Asia,Middle East,Boeing 787-9 Dreamliner,384,Diplomatic advisory — do not fly
2026-04-08,Air New Zealand,AI3400,London,Johannesburg,UK,South Africa,Europe,Africa,Airbus A340-600,128,ATC flow restrictions — congestion
2026-04-08,flynas,FL1683,London,Los Angeles,UK,USA,Europe,North America,Boeing 787-9 Dreamliner,189,Airspace closure — NOTAM
2026-04-08,Ryanair,RY9684,Dubai,Istanbul,UAE,Turkey,Middle East,Middle East,Airbus A330-300,360,Fuel supply disruption
2026-04-08,Cathay Pacific,CA7476,Doha,Madrid,Qatar,Spain,Middle East,Europe,Airbus A321neo,431,Crew safety — company policy
2026-04-08,Emirates SkyCargo,EM5671,Doha,Chicago,Qatar,USA,Middle East,North America,Boeing 737 MAX 8,404,Airport closure — military activity
2026-04-08,China Southern,CH5666,Singapore,Dubai,Singapore,UAE,Asia Pacific,Middle East,Airbus A340-600,333,ATC flow restrictions — congestion
2026-04-08,easyJet,EA675,Shanghai,Paris,China,France,Asia Pacific,Europe,Boeing 737 MAX 8,140,Crew duty-time exceedance after long reroutes
2026-04-08,Azul Brazilian Airlines,AZ1517,London,Kuala Lumpur,UK,Malaysia,Europe,Asia Pacific,Airbus A340-600,326,Security risk — conflict zone
2026-04-08,Copa Airlines,CO155,Dubai,Delhi,UAE,India,Middle East,South Asia,Airbus A380-800,234,Airspace closure — NOTAM
2026-04-08,KLM,KL8327,Dubai,Toronto,UAE,Canada,Middle East,North America,Boeing 737-800,159,Insurance restriction — war zone
2026-04-08,easyJet,EA2249,Dubai,Warsaw,UAE,Poland,Middle East,Europe,Airbus A350-900,112,Crew duty-time exceedance after long reroutes
2026-04-08,Emirates,EM6490,London,Dubai,UK,UAE,Europe,Middle East,Airbus A350-900,306,Security risk — conflict zone
2026-04-08,Cargolux,CA680,Toronto,Doha,Canada,Qatar,North America,Middle East,Airbus A320neo,238,Temporary corridor suspension — safety bulletin
2026-04-08,Aeromexico,AE6582,Dubai,Nairobi,UAE,Kenya,Middle East,Africa,Boeing 777-300ER,228,Airspace closure — NOTAM
2026-04-08,FedEx Express,FE1918,Dubai,Madrid,UAE,Spain,Middle East,Europe,Boeing 787-9 Dreamliner,429,Temporary corridor suspension — safety bulletin
2026-04-08,Iran Air,IR4486,London,Sydney,UK,Australia,Europe,Asia Pacific,Airbus A330-300,335,Security risk — conflict zone
2026-04-08,Air Arabia,AI5299,Santiago,London,Chile,UK,Latin America,Europe,Airbus A321neo,383,ATC flow restrictions — congestion
2026-04-08,Cargolux,CA4592,Shanghai,Dubai,China,UAE,Asia Pacific,Middle East,Boeing 787-9 Dreamliner,205,Fuel supply disruption
2026-04-09,LOT Polish Airlines,LO6607,Sydney,London,Australia,UK,Asia Pacific,Europe,Airbus A340-600,395,Fuel supply disruption
2026-04-09,Etihad Airways,ET5118,Tokyo,Dubai,Japan,UAE,Asia Pacific,Middle East,Airbus A320neo,291,Temporary corridor suspension — safety bulletin
2026-04-09,Pakistan International Airlines,PA2983,Amman,Dubai,Jordan,UAE,Middle East,Middle East,Airbus A340-600,140,Crew safety — company policy
2026-04-09,flynas,FL7924,Dubai,Warsaw,UAE,Poland,Middle East,Europe,Airbus A380-800,346,Temporary corridor suspension — safety bulletin
2026-04-09,Avianca,AV6451,Abu Dhabi,London,UAE,UK,Middle East,Europe,Boeing 777-300ER,436,Fuel supply disruption
2026-04-09,Singapore Airlines,SI5378,London,Riyadh,UK,Saudi Arabia,Europe,Middle East,Boeing 787-9 Dreamliner,429,Security risk — conflict zone
2026-04-09,United Airlines,UN3208,Dubai,Kuala Lumpur,UAE,Malaysia,Middle East,Asia Pacific,Airbus A321neo,265,Diplomatic advisory — do not fly
2026-04-09,EgyptAir,EG705,Doha,Toronto,Qatar,Canada,Middle East,North America,Airbus A380-800,188,Fuel supply disruption
2026-04-09,Jazeera Airways,JA3566,Beijing,Dubai,China,UAE,Asia Pacific,Middle East,Boeing 787-10 Dreamliner,365,Temporary corridor suspension — safety bulletin
2026-04-09,Kenya Airways,KE8290,Amman,Dubai,Jordan,UAE,Middle East,Middle East,Airbus A321neo,231,Diplomatic advisory — do not fly
2026-04-09,Qatar Airways,QA3435,Dubai,Warsaw,UAE,Poland,Middle East,Europe,Airbus A330-300,204,Fuel supply disruption
2026-04-09,Finnair,FI5120,Kuwait City,Mumbai,Kuwait,India,Middle East,South Asia,Airbus A350-900,265,Crew safety — company policy
2026-04-09,Iberia,IB4677,Dubai,Casablanca,UAE,Morocco,Middle East,Africa,Boeing 737 MAX 8,380,ATC flow restrictions — congestion
2026-04-09,Jazeera Airways,JA956,Jakarta,Dubai,Indonesia,UAE,Asia Pacific,Middle East,Airbus A320neo,239,Airspace closure — NOTAM
2026-04-09,Cargolux,CA3715,London,Los Angeles,UK,USA,Europe,North America,Boeing 737-800,323,Diplomatic advisory — do not fly
2026-04-09,SpiceJet,SP1436,London,Abu Dhabi,UK,UAE,Europe,Middle East,Boeing 737-800,193,Airspace closure — NOTAM
2026-04-09,China Southern,CH6312,Dubai,Moscow,UAE,Russia,Middle East,Europe,Airbus A330-300,410,Airport closure — military activity
2026-04-09,EgyptAir,EG3634,Doha,São Paulo,Qatar,Brazil,Middle East,Latin America,Boeing 777-300ER,225,Airspace closure — NOTAM
2026-04-09,Korean Air,KO1918,London,Kuala Lumpur,UK,Malaysia,Europe,Asia Pacific,Boeing 787-9 Dreamliner,354,Government travel ban
2026-04-09,Oman Air,OM1987,Bangkok,Dubai,Thailand,UAE,Asia Pacific,Middle East,Airbus A340-600,240,Temporary corridor suspension — safety bulletin
2026-04-09,Air New Zealand,AI7102,Istanbul,Tehran,Turkey,Iran,Middle East,Middle East,Airbus A321neo,402,Temporary corridor suspension — safety bulletin
2026-04-09,Kenya Airways,KE5914,Dubai,Santiago,UAE,Chile,Middle East,Latin America,Boeing 777-200LR,203,Temporary corridor suspension — safety bulletin
2026-04-10,KLM,KL1390,Zurich,Dubai,Switzerland,UAE,Europe,Middle East,Boeing 737-800,201,Insurance restriction — war zone
2026-04-10,EgyptAir,EG9425,London,Bahrain,UK,Bahrain,Europe,Middle East,Boeing 787-10 Dreamliner,382,Security risk — conflict zone
2026-04-10,Emirates,EM6276,London,Los Angeles,UK,USA,Europe,North America,Boeing 777-200LR,427,Fuel supply disruption
2026-04-10,Swiss International Air Lines,SW7673,London,Santiago,UK,Chile,Europe,Latin America,Boeing 787-10 Dreamliner,229,Temporary corridor suspension — safety bulletin
2026-04-10,WestJet,WE6381,Doha,Chicago,Qatar,USA,Middle East,North America,Boeing 777-200LR,91,Airport closure — military activity
2026-04-10,Finnair,FI7179,London,Abu Dhabi,UK,UAE,Europe,Middle East,Airbus A340-600,282,Temporary corridor suspension — safety bulletin
2026-04-10,Air Algerie,AI9998,Dubai,Islamabad,UAE,Pakistan,Middle East,South Asia,Boeing 787-10 Dreamliner,281,Fuel supply disruption
2026-04-10,Azul Brazilian Airlines,AZ2540,Dubai,Sydney,UAE,Australia,Middle East,Asia Pacific,Airbus A320neo,165,Security risk — conflict zone
2026-04-10,Korean Air,KO860,Kuwait City,Mumbai,Kuwait,India,Middle East,South Asia,Boeing 737-800,321,Airspace closure — NOTAM
2026-04-10,Cathay Pacific,CA6543,Paris,Casablanca,France,Morocco,Europe,Africa,Boeing 777-200LR,355,Temporary corridor suspension — safety bulletin
2026-04-10,EgyptAir,EG8492,Nairobi,Dubai,Kenya,UAE,Africa,Middle East,Boeing 777-200LR,216,ATC flow restrictions — congestion
2026-04-10,Asiana Airlines,AS4918,Dubai,São Paulo,UAE,Brazil,Middle East,Latin America,Airbus A320neo,298,ATC flow restrictions — congestion
2026-04-10,Emirates,EM3669,Dubai,Cairo,UAE,Egypt,Middle East,North Africa,Airbus A350-900,95,Crew duty-time exceedance after long reroutes
2026-04-10,LOT Polish Airlines,LO6320,Mumbai,Doha,India,Qatar,South Asia,Middle East,Boeing 787-10 Dreamliner,262,Diplomatic advisory — do not fly
2026-04-10,Singapore Airlines,SI8614,Doha,London,Qatar,UK,Middle East,Europe,Airbus A350-900,231,Insurance restriction — war zone
2026-04-10,Air Algerie,AI4731,Zurich,Dubai,Switzerland,UAE,Europe,Middle East,Airbus A320neo,378,Crew safety — company policy
2026-04-10,Kenya Airways,KE7996,Mexico City,Madrid,Mexico,Spain,Latin America,Europe,Boeing 787-10 Dreamliner,135,ATC flow restrictions — congestion
2026-04-10,WestJet,WE729,Madrid,Bogotá,Spain,Colombia,Europe,Latin America,Airbus A340-600,350,Fuel supply disruption
2026-04-10,Ryanair,RY9301,Istanbul,Karachi,Turkey,Pakistan,Middle East,South Asia,Airbus A340-600,379,Security risk — conflict zone
2026-04-10,Emirates,EM2671,Doha,Paris,Qatar,France,Middle East,Europe,Boeing 777-200LR,177,Security risk — conflict zone
2026-04-10,Thai Airways,TH7019,Bangkok,Dubai,Thailand,UAE,Asia Pacific,Middle East,Airbus A330-300,241,Crew duty-time exceedance after long reroutes
2026-04-10,Aeromexico,AE9065,London,Tokyo,UK,Japan,Europe,Asia Pacific,Airbus A380-800,445,Insurance restriction — war zone
2026-04-10,Wizz Air,WI8845,Dubai,Zurich,UAE,Switzerland,Middle East,Europe,Airbus A330-300,354,Crew safety — company policy
2026-04-10,Qatar Airways,QA6695,Doha,Madrid,Qatar,Spain,Middle East,Europe,Airbus A320neo,271,Insurance restriction — war zone
2026-04-11,Southwest Airlines,SO9635,Dubai,Johannesburg,UAE,South Africa,Middle East,Africa,Boeing 737-800,328,Temporary corridor suspension — safety bulletin
2026-04-11,Korean Air,KO2209,Bangkok,Dubai,Thailand,UAE,Asia Pacific,Middle East,Boeing 777-200LR,180,ATC flow restrictions — congestion
2026-04-11,Air France,AI3145,Dubai,Moscow,UAE,Russia,Middle East,Europe,Boeing 777-200LR,350,Crew safety — company policy
2026-04-11,Qantas,QA804,Casablanca,Dubai,Morocco,UAE,Africa,Middle East,Boeing 737-800,352,Airport closure — military activity
2026-04-11,Air New Zealand,AI1118,Madrid,Doha,Spain,Qatar,Europe,Middle East,Airbus A350-900,325,Crew duty-time exceedance after long reroutes
2026-04-11,Saudi Arabian Airlines,SA9715,São Paulo,Dubai,Brazil,UAE,Latin America,Middle East,Airbus A321neo,332,Fuel supply disruption
2026-04-11,British Airways,BR5809,London,Seoul,UK,South Korea,Europe,Asia Pacific,Airbus A320neo,148,Airport closure — military activity
2026-04-11,Avianca,AV5696,Dubai,Shanghai,UAE,China,Middle East,Asia Pacific,Airbus A350-900,377,Temporary corridor suspension — safety bulletin
2026-04-11,China Eastern,CH4303,Dubai,Madrid,UAE,Spain,Middle East,Europe,Airbus A330-300,99,Government travel ban
2026-04-11,Air India,AI5573,Moscow,Tehran,Russia,Iran,Europe,Middle East,Boeing 777-300ER,207,Insurance restriction — war zone
2026-04-11,Aeroflot,AE465,Seoul,Doha,South Korea,Qatar,Asia Pacific,Middle East,Boeing 787-10 Dreamliner,198,Temporary corridor suspension — safety bulletin
2026-04-11,Atlas Air,AT7819,Mexico City,Madrid,Mexico,Spain,Latin America,Europe,Boeing 787-10 Dreamliner,359,Temporary corridor suspension — safety bulletin
2026-04-11,SpiceJet,SP6433,São Paulo,London,Brazil,UK,Latin America,Europe,Boeing 777-200LR,137,Fuel supply disruption
2026-04-11,Finnair,FI9822,Beirut,Paris,Lebanon,France,Middle East,Europe,Boeing 787-9 Dreamliner,216,Diplomatic advisory — do not fly
2026-04-11,Singapore Airlines,SI9765,Frankfurt,Dubai,Germany,UAE,Europe,Middle East,Boeing 737-800,399,Security risk — conflict zone
2026-04-11,Asiana Airlines,AS9816,Singapore,Auckland,Singapore,New Zealand,Asia Pacific,Asia Pacific,Boeing 777-300ER,437,ATC flow restrictions — congestion
2026-04-11,Air Algerie,AI8298,Sydney,London,Australia,UK,Asia Pacific,Europe,Airbus A350-900,444,Crew safety — company policy
2026-04-11,Air Arabia,AI3289,Doha,Lisbon,Qatar,Portugal,Middle East,Europe,Boeing 787-10 Dreamliner,239,Security risk — conflict zone
2026-04-11,Thai Airways,TH3037,Mumbai,Doha,India,Qatar,South Asia,Middle East,Boeing 787-9 Dreamliner,286,Insurance restriction — war zone
2026-04-11,Mahan Air,MA2287,Frankfurt,Dubai,Germany,UAE,Europe,Middle East,Airbus A330-300,179,Airport closure — military activity
2026-04-11,flynas,FL3519,Seoul,London,South Korea,UK,Asia Pacific,Europe,Boeing 737-800,132,Airspace closure — NOTAM
2026-04-11,China Southern,CH6526,Istanbul,Karachi,Turkey,Pakistan,Middle East,South Asia,Airbus A380-800,207,ATC flow restrictions — congestion
2026-04-11,Qantas,QA1374,Dubai,Warsaw,UAE,Poland,Middle East,Europe,Boeing 787-10 Dreamliner,150,Government travel ban
2026-04-11,British Airways,BR682,Auckland,Dubai,New Zealand,UAE,Asia Pacific,Middle East,Airbus A320neo,435,Fuel supply disruption
2026-04-12,Ethiopian Airlines,ET8750,Dubai,Kuala Lumpur,UAE,Malaysia,Middle East,Asia Pacific,Airbus A380-800,213,Government travel ban
2026-04-12,Qatar Airways,QA9100,Madrid,Dubai,Spain,UAE,Europe,Middle East,Airbus A320neo,294,ATC flow restrictions — congestion
2026-04-12,Southwest Airlines,SO1995,Hanoi,Dubai,Vietnam,UAE,Asia Pacific,Middle East,Boeing 777-300ER,111,Diplomatic advisory — do not fly
2026-04-12,Kuwait Airways,KU1075,Istanbul,Delhi,Turkey,India,Middle East,South Asia,Airbus A340-600,409,Airspace closure — NOTAM
2026-04-12,Pakistan International Airlines,PA5104,Los Angeles,London,USA,UK,North America,Europe,Boeing 777-300ER,346,Diplomatic advisory — do not fly
2026-04-12,Aeroflot,AE7320,Los Angeles,Doha,USA,Qatar,North America,Middle East,Airbus A330-300,120,Insurance restriction — war zone
2026-04-12,Jazeera Airways,JA5681,Dubai,Paris,UAE,France,Middle East,Europe,Boeing 777-300ER,170,ATC flow restrictions — congestion
2026-04-12,Lufthansa,LU1920,Dubai,Guangzhou,UAE,China,Middle East,Asia Pacific,Boeing 737-800,80,Security risk — conflict zone
2026-04-12,British Airways,BR7576,Madrid,Doha,Spain,Qatar,Europe,Middle East,Airbus A340-600,406,ATC flow restrictions — congestion
2026-04-12,Emirates SkyCargo,EM9896,Dubai,Singapore,UAE,Singapore,Middle East,Asia Pacific,Airbus A350-900,361,Crew duty-time exceedance after long reroutes
2026-04-12,easyJet,EA9792,Dubai,Karachi,UAE,Pakistan,Middle East,South Asia,Airbus A380-800,106,Airport closure — military activity
2026-04-12,Aeromexico,AE3403,Dubai,Shanghai,UAE,China,Middle East,Asia Pacific,Airbus A320neo,145,Diplomatic advisory — do not fly
2026-04-12,Gulf Air,GU4885,Bahrain,Dubai,Bahrain,UAE,Middle East,Middle East,Boeing 737 MAX 8,116,Government travel ban
2026-04-12,Atlas Air,AT2079,Madrid,Mexico City,Spain,Mexico,Europe,Latin America,Boeing 777-300ER,166,Airspace closure — NOTAM
2026-04-12,WestJet,WE680,Vancouver,Dubai,Canada,UAE,North America,Middle East,Airbus A330-300,121,Temporary corridor suspension — safety bulletin
2026-04-12,Turkish Airlines,TU546,Ho Chi Minh City,Doha,Vietnam,Qatar,Asia Pacific,Middle East,Airbus A350-900,107,Temporary corridor suspension — safety bulletin
2026-04-12,China Southern,CH9334,Dubai,Singapore,UAE,Singapore,Middle East,Asia Pacific,Boeing 787-10 Dreamliner,329,ATC flow restrictions — congestion
2026-04-12,Gulf Air,GU1498,Dubai,Bangkok,UAE,Thailand,Middle East,Asia Pacific,Airbus A321neo,330,Crew duty-time exceedance after long reroutes
2026-04-12,Gulf Air,GU298,Kuala Lumpur,Dubai,Malaysia,UAE,Asia Pacific,Middle East,Airbus A340-600,410,Security risk — conflict zone
2026-04-12,Lufthansa,LU2246,Dubai,Bahrain,UAE,Bahrain,Middle East,Middle East,Airbus A340-600,383,Airport closure — military activity
2026-04-12,Atlas Air,AT5735,Singapore,Los Angeles,Singapore,USA,Asia Pacific,North America,Airbus A380-800,144,Crew duty-time exceedance after long reroutes
2026-04-12,TAP Air Portugal,TA9037,Tokyo,London,Japan,UK,Asia Pacific,Europe,Airbus A320neo,139,Government travel ban
2026-04-12,Atlas Air,AT373,Sydney,London,Australia,UK,Asia Pacific,Europe,Boeing 737-800,298,Crew safety — company policy
2026-04-12,Cathay Pacific,CA7549,Dubai,Chicago,UAE,USA,Middle East,North America,Boeing 777-300ER,220,Airport closure — military activity
2026-04-12,LATAM Airlines,LA2355,London,Johannesburg,UK,South Africa,Europe,Africa,Airbus A380-800,156,Crew safety — company policy
2026-04-12,Vietnam Airlines,VI4328,Dubai,Bahrain,UAE,Bahrain,Middle East,Middle East,Boeing 787-9 Dreamliner,254,Government travel ban
2026-04-12,Gulf Air,GU9478,Dubai,Warsaw,UAE,Poland,Middle East,Europe,Boeing 777-300ER,358,Government travel ban
2026-04-12,TAP Air Portugal,TA5193,Kuwait City,Mumbai,Kuwait,India,Middle East,South Asia,Airbus A380-800,157,ATC flow restrictions — congestion
2026-04-12,LATAM Airlines,LA9830,Mexico City,London,Mexico,UK,Latin America,Europe,Boeing 787-10 Dreamliner,438,Government travel ban
2026-04-12,flydubai,FL7653,Riyadh,London,Saudi Arabia,UK,Middle East,Europe,Boeing 737 MAX 8,325,Crew duty-time exceedance after long reroutes
2026-04-13,Aeroflot,AE7528,Kuwait City,Cairo,Kuwait,Egypt,Middle East,North Africa,Boeing 787-10 Dreamliner,407,Diplomatic advisory — do not fly
2026-04-13,Mahan Air,MA8586,Dubai,Jakarta,UAE,Indonesia,Middle East,Asia Pacific,Airbus A320neo,275,Diplomatic advisory — do not fly
2026-04-13,Thai Airways,TH9550,Abu Dhabi,Washington,UAE,USA,Middle East,North America,Airbus A330-300,296,Airspace closure — NOTAM
2026-04-13,Aeroflot,AE9377,Riyadh,New York,Saudi Arabia,USA,Middle East,North America,Airbus A330-300,369,Government travel ban
2026-04-13,LATAM Airlines,LA725,Madrid,Dubai,Spain,UAE,Europe,Middle East,Boeing 737 MAX 8,403,Crew safety — company policy
2026-04-13,Kuwait Airways,KU2025,Dubai,Santiago,UAE,Chile,Middle East,Latin America,Boeing 777-200LR,259,Insurance restriction — war zone
2026-04-13,Wizz Air,WI3521,London,Abu Dhabi,UK,UAE,Europe,Middle East,Airbus A350-900,349,Insurance restriction — war zone
2026-04-13,Pakistan International Airlines,PA3800,Shanghai,Dubai,China,UAE,Asia Pacific,Middle East,Boeing 787-9 Dreamliner,98,Diplomatic advisory — do not fly
2026-04-13,Oman Air,OM7846,Dubai,Cairo,UAE,Egypt,Middle East,North Africa,Boeing 777-300ER,99,ATC flow restrictions — congestion
2026-04-13,Japan Airlines,JA4222,Riyadh,Islamabad,Saudi Arabia,Pakistan,Middle East,South Asia,Airbus A350-900,303,Airport closure — military activity
2026-04-13,LOT Polish Airlines,LO8942,Doha,London,Qatar,UK,Middle East,Europe,Airbus A330-300,132,ATC flow restrictions — congestion
2026-04-13,Kenya Airways,KE3029,London,Sydney,UK,Australia,Europe,Asia Pacific,Airbus A380-800,360,Temporary corridor suspension — safety bulletin
2026-04-13,Ryanair,RY168,Toronto,Dubai,Canada,UAE,North America,Middle East,Boeing 777-200LR,208,Crew safety — company policy
2026-04-13,Saudi Arabian Airlines,SA9408,Bogotá,Madrid,Colombia,Spain,Latin America,Europe,Boeing 737 MAX 8,324,Airspace closure — NOTAM
2026-04-13,Azul Brazilian Airlines,AZ4381,Cairo,Riyadh,Egypt,Saudi Arabia,North Africa,Middle East,Airbus A320neo,189,Temporary corridor suspension — safety bulletin
2026-04-13,TAP Air Portugal,TA9749,Bahrain,London,Bahrain,UK,Middle East,Europe,Boeing 777-300ER,147,Temporary corridor suspension — safety bulletin
2026-04-13,Avianca,AV499,London,Tokyo,UK,Japan,Europe,Asia Pacific,Boeing 777-200LR,143,Fuel supply disruption
2026-04-13,Royal Air Maroc,RO7278,Dubai,Warsaw,UAE,Poland,Middle East,Europe,Airbus A340-600,444,Crew duty-time exceedance after long reroutes
2026-04-13,Malaysia Airlines,MA5663,Dubai,Seoul,UAE,South Korea,Middle East,Asia Pacific,Boeing 737 MAX 8,226,Diplomatic advisory — do not fly
2026-04-13,Malaysia Airlines,MA2605,Jakarta,Dubai,Indonesia,UAE,Asia Pacific,Middle East,Boeing 787-9 Dreamliner,87,Temporary corridor suspension — safety bulletin
2026-04-13,Korean Air,KO377,Madrid,Dubai,Spain,UAE,Europe,Middle East,Airbus A340-600,436,ATC flow restrictions — congestion
2026-04-13,flydubai,FL987,Doha,Seoul,Qatar,South Korea,Middle East,Asia Pacific,Airbus A321neo,224,Security risk — conflict zone
2026-04-13,Air France,AI4606,London,Los Angeles,UK,USA,Europe,North America,Airbus A320neo,109,Airport closure — military activity
2026-04-13,Emirates SkyCargo,EM9890,Singapore,Auckland,Singapore,New Zealand,Asia Pacific,Asia Pacific,Boeing 777-300ER,290,Airport closure — military activity
2026-04-14,Oman Air,OM8548,London,Beijing,UK,China,Europe,Asia Pacific,Boeing 737-800,302,Diplomatic advisory — do not fly
2026-04-14,LOT Polish Airlines,LO9677,Kuala Lumpur,Dubai,Malaysia,UAE,Asia Pacific,Middle East,Airbus A380-800,323,Insurance restriction — war zone
2026-04-14,Qatar Airways,QA691,Doha,Mumbai,Qatar,India,Middle East,South Asia,Boeing 737 MAX 8,206,Crew duty-time exceedance after long reroutes
2026-04-14,Wizz Air,WI632,London,Sydney,UK,Australia,Europe,Asia Pacific,Boeing 777-200LR,141,Crew safety — company policy
2026-04-14,Air Algerie,AI6339,Tehran,Istanbul,Iran,Turkey,Middle East,Middle East,Airbus A330-300,304,Diplomatic advisory — do not fly
2026-04-14,Gulf Air,GU8686,Shanghai,Doha,China,Qatar,Asia Pacific,Middle East,Boeing 737-800,404,Airport closure — military activity
2026-04-14,Qatar Airways,QA4353,Istanbul,Dubai,Turkey,UAE,Middle East,Middle East,Airbus A380-800,254,Insurance restriction — war zone
2026-04-14,SAS,SA5450,Delhi,Dubai,India,UAE,South Asia,Middle East,Airbus A340-600,308,Crew safety — company policy
2026-04-14,Kenya Airways,KE3336,Doha,Toronto,Qatar,Canada,Middle East,North America,Airbus A340-600,286,Airport closure — military activity
2026-04-14,Thai Airways,TH1684,Lahore,Doha,Pakistan,Qatar,South Asia,Middle East,Boeing 787-9 Dreamliner,254,ATC flow restrictions — congestion
2026-04-14,China Southern,CH5519,Tokyo,Dubai,Japan,UAE,Asia Pacific,Middle East,Airbus A350-900,211,Security risk — conflict zone
2026-04-14,Swiss International Air Lines,SW4870,Singapore,Los Angeles,Singapore,USA,Asia Pacific,North America,Boeing 737 MAX 8,356,Airport closure — military activity
2026-04-14,Air Arabia,AI859,Seoul,Doha,South Korea,Qatar,Asia Pacific,Middle East,Boeing 787-9 Dreamliner,413,Crew safety — company policy
2026-04-14,Thai Airways,TH8508,London,Muscat,UK,Oman,Europe,Middle East,Airbus A330-300,267,Crew safety — company policy
2026-04-14,LOT Polish Airlines,LO7683,Frankfurt,Dubai,Germany,UAE,Europe,Middle East,Airbus A330-300,313,Crew duty-time exceedance after long reroutes
2026-04-14,TAP Air Portugal,TA1473,Seoul,Doha,South Korea,Qatar,Asia Pacific,Middle East,Airbus A340-600,268,Insurance restriction — war zone
2026-04-14,British Airways,BR3818,New York,Riyadh,USA,Saudi Arabia,North America,Middle East,Airbus A350-900,326,Government travel ban
2026-04-14,Azul Brazilian Airlines,AZ3840,Doha,London,Qatar,UK,Middle East,Europe,Boeing 737 MAX 8,281,Fuel supply disruption
2026-04-14,Atlas Air,AT6968,Addis Ababa,London,Ethiopia,UK,Africa,Europe,Airbus A330-300,423,Security risk — conflict zone
2026-04-15,Cargolux,CA7975,Beirut,Paris,Lebanon,France,Middle East,Europe,Airbus A350-900,297,Government travel ban
2026-04-15,Japan Airlines,JA8512,Toronto,Dubai,Canada,UAE,North America,Middle East,Boeing 787-10 Dreamliner,378,Security risk — conflict zone
2026-04-15,Air New Zealand,AI6945,Tehran,Beijing,Iran,China,Middle East,Asia Pacific,Airbus A340-600,399,Security risk — conflict zone
2026-04-15,Delta Air Lines,DE5938,Dubai,Frankfurt,UAE,Germany,Middle East,Europe,Boeing 787-9 Dreamliner,435,Fuel supply disruption
2026-04-15,KLM,KL8272,Kuwait City,Mumbai,Kuwait,India,Middle East,South Asia,Airbus A330-300,145,Government travel ban
2026-04-15,Qatar Airways,QA6624,Islamabad,Dubai,Pakistan,UAE,South Asia,Middle East,Boeing 737-800,435,Security risk — conflict zone
2026-04-15,FedEx Express,FE3743,Frankfurt,Beijing,Germany,China,Europe,Asia Pacific,Airbus A340-600,169,Diplomatic advisory — do not fly
2026-04-15,South African Airways,SO2864,London,Tokyo,UK,Japan,Europe,Asia Pacific,Airbus A380-800,335,Temporary corridor suspension — safety bulletin
2026-04-15,Air India,AI7628,Doha,São Paulo,Qatar,Brazil,Middle East,Latin America,Boeing 787-9 Dreamliner,361,Insurance restriction — war zone
2026-04-15,Emirates SkyCargo,EM309,Kuwait City,Cairo,Kuwait,Egypt,Middle East,North Africa,Boeing 737 MAX 8,294,Crew duty-time exceedance after long reroutes
2026-04-15,ANA,AN658,Istanbul,Delhi,Turkey,India,Middle East,South Asia,Airbus A350-900,196,Temporary corridor suspension — safety bulletin
2026-04-15,United Airlines,UN6864,Doha,Los Angeles,Qatar,USA,Middle East,North America,Boeing 737 MAX 8,358,Temporary corridor suspension — safety bulletin
2026-04-15,IndiGo,IN1102,Beijing,Tehran,China,Iran,Asia Pacific,Middle East,Boeing 777-200LR,139,ATC flow restrictions — congestion
2026-04-15,Copa Airlines,CO3133,Dubai,Karachi,UAE,Pakistan,Middle East,South Asia,Boeing 737 MAX 8,97,Insurance restriction — war zone
2026-04-15,EgyptAir,EG8663,Madrid,Dubai,Spain,UAE,Europe,Middle East,Airbus A320neo,181,Insurance restriction — war zone
2026-04-15,Aeroflot,AE5996,Tehran,Moscow,Iran,Russia,Middle East,Europe,Airbus A340-600,280,Airport closure — military activity
2026-04-15,Asiana Airlines,AS9424,Dubai,Zurich,UAE,Switzerland,Middle East,Europe,Boeing 777-200LR,341,Insurance restriction — war zone
2026-04-15,Air New Zealand,AI5221,New York,Dubai,USA,UAE,North America,Middle East,Boeing 777-200LR,101,Fuel supply disruption
2026-04-15,easyJet,EA7363,Istanbul,Delhi,Turkey,India,Middle East,South Asia,Airbus A340-600,189,Crew duty-time exceedance after long reroutes
2026-04-15,ANA,AN8915,Dubai,London,UAE,UK,Middle East,Europe,Boeing 787-9 Dreamliner,303,Airspace closure — NOTAM
2026-04-15,Avianca,AV5382,London,Mexico City,UK,Mexico,Europe,Latin America,Airbus A380-800,333,Temporary corridor suspension — safety bulletin
2026-04-15,Royal Air Maroc,RO4615,Nairobi,Dubai,Kenya,UAE,Africa,Middle East,Airbus A320neo,206,Airport closure — military activity
2026-04-15,DHL Aviation,DH6810,Ho Chi Minh City,Doha,Vietnam,Qatar,Asia Pacific,Middle East,Airbus A320neo,133,Government travel ban
2026-04-15,United Airlines,UN1012,Shanghai,Doha,China,Qatar,Asia Pacific,Middle East,Airbus A380-800,231,ATC flow restrictions — congestion
2026-04-16,Aeroflot,AE9949,Nairobi,Dubai,Kenya,UAE,Africa,Middle East,Airbus A321neo,94,Temporary corridor suspension — safety bulletin
2026-04-16,Asiana Airlines,AS9689,Bogotá,Madrid,Colombia,Spain,Latin America,Europe,Airbus A320neo,122,Security risk — conflict zone
2026-04-16,Vietnam Airlines,VI6665,London,Nairobi,UK,Kenya,Europe,Africa,Airbus A340-600,313,Temporary corridor suspension — safety bulletin
2026-04-16,Japan Airlines,JA9327,Auckland,Dubai,New Zealand,UAE,Asia Pacific,Middle East,Airbus A321neo,382,Diplomatic advisory — do not fly
2026-04-16,Avianca,AV7380,Seoul,Doha,South Korea,Qatar,Asia Pacific,Middle East,Airbus A320neo,311,Security risk — conflict zone
2026-04-16,DHL Aviation,DH618,Santiago,Dubai,Chile,UAE,Latin America,Middle East,Airbus A350-900,172,Fuel supply disruption
2026-04-16,Wizz Air,WI4949,Toronto,Dubai,Canada,UAE,North America,Middle East,Airbus A320neo,420,Government travel ban
2026-04-16,SpiceJet,SP1820,Johannesburg,Dubai,South Africa,UAE,Africa,Middle East,Boeing 787-10 Dreamliner,290,Security risk — conflict zone
2026-04-16,Turkish Airlines,TU3182,Dubai,Jakarta,UAE,Indonesia,Middle East,Asia Pacific,Airbus A350-900,376,Insurance restriction — war zone
2026-04-16,KLM,KL8039,Kuwait City,London,Kuwait,UK,Middle East,Europe,Boeing 787-9 Dreamliner,117,Diplomatic advisory — do not fly
2026-04-16,Air Canada,AI6868,London,Seoul,UK,South Korea,Europe,Asia Pacific,Boeing 737 MAX 8,83,Government travel ban
2026-04-16,Azul Brazilian Airlines,AZ525,Sydney,Abu Dhabi,Australia,UAE,Asia Pacific,Middle East,Airbus A321neo,345,Crew duty-time exceedance after long reroutes
2026-04-16,Kuwait Airways,KU4575,Singapore,London,Singapore,UK,Asia Pacific,Europe,Airbus A321neo,192,Government travel ban
2026-04-16,Qatar Airways,QA9133,Addis Ababa,London,Ethiopia,UK,Africa,Europe,Boeing 787-10 Dreamliner,444,Insurance restriction — war zone
2026-04-16,Saudi Arabian Airlines,SA4769,New York,Doha,USA,Qatar,North America,Middle East,Boeing 787-9 Dreamliner,85,Temporary corridor suspension — safety bulletin
2026-04-16,Atlas Air,AT6690,Singapore,Auckland,Singapore,New Zealand,Asia Pacific,Asia Pacific,Boeing 777-200LR,242,Temporary corridor suspension — safety bulletin
2026-04-16,Turkish Airlines,TU5166,Singapore,Sydney,Singapore,Australia,Asia Pacific,Asia Pacific,Boeing 777-300ER,191,ATC flow restrictions — congestion
2026-04-16,Southwest Airlines,SO7620,Dubai,Tokyo,UAE,Japan,Middle East,Asia Pacific,Boeing 737-800,131,Government travel ban
2026-04-16,Delta Air Lines,DE2867,London,Kuwait City,UK,Kuwait,Europe,Middle East,Boeing 777-300ER,152,Crew duty-time exceedance after long reroutes
2026-04-17,Mahan Air,MA3896,Madrid,Bogotá,Spain,Colombia,Europe,Latin America,Airbus A330-300,341,Temporary corridor suspension — safety bulletin
2026-04-17,SAS,SA1963,Singapore,Sydney,Singapore,Australia,Asia Pacific,Asia Pacific,Airbus A321neo,323,Crew duty-time exceedance after long reroutes
2026-04-17,Thai Airways,TH1130,Mexico City,Madrid,Mexico,Spain,Latin America,Europe,Airbus A320neo,95,Fuel supply disruption
2026-04-17,Wizz Air,WI416,Chicago,Doha,USA,Qatar,North America,Middle East,Airbus A321neo,184,Fuel supply disruption
2026-04-17,Kenya Airways,KE7815,Sydney,London,Australia,UK,Asia Pacific,Europe,Airbus A321neo,159,Airport closure — military activity
2026-04-17,Emirates SkyCargo,EM9458,Islamabad,Dubai,Pakistan,UAE,South Asia,Middle East,Boeing 777-300ER,360,Insurance restriction — war zone
2026-04-17,flynas,FL9150,Istanbul,Karachi,Turkey,Pakistan,Middle East,South Asia,Boeing 787-9 Dreamliner,142,Airport closure — military activity
2026-04-17,Garuda Indonesia,GA7531,São Paulo,Dubai,Brazil,UAE,Latin America,Middle East,Airbus A320neo,198,Crew safety — company policy
2026-04-17,Air France,AI6901,Auckland,Dubai,New Zealand,UAE,Asia Pacific,Middle East,Airbus A380-800,419,Government travel ban
2026-04-17,China Southern,CH9537,Moscow,Dubai,Russia,UAE,Europe,Middle East,Airbus A320neo,379,Fuel supply disruption
2026-04-17,Copa Airlines,CO7734,Frankfurt,Dubai,Germany,UAE,Europe,Middle East,Boeing 777-300ER,388,Airspace closure — NOTAM
2026-04-17,Air Canada,AI9830,Paris,Beirut,France,Lebanon,Europe,Middle East,Airbus A340-600,192,Insurance restriction — war zone
2026-04-17,Air France,AI7815,London,Beijing,UK,China,Europe,Asia Pacific,Airbus A320neo,177,Crew safety — company policy
2026-04-17,Kuwait Airways,KU8739,Johannesburg,London,South Africa,UK,Africa,Europe,Airbus A330-300,228,Diplomatic advisory — do not fly
2026-04-17,Pakistan International Airlines,PA4335,Dubai,Istanbul,UAE,Turkey,Middle East,Middle East,Airbus A320neo,269,ATC flow restrictions — congestion
2026-04-17,British Airways,BR4153,Beijing,Tehran,China,Iran,Asia Pacific,Middle East,Boeing 777-200LR,105,Insurance restriction — war zone
2026-04-17,Aeroflot,AE4228,Riyadh,London,Saudi Arabia,UK,Middle East,Europe,Airbus A380-800,107,Insurance restriction — war zone
2026-04-17,Singapore Airlines,SI1618,Seoul,Doha,South Korea,Qatar,Asia Pacific,Middle East,Airbus A380-800,302,Security risk — conflict zone
2026-04-17,Qatar Airways,QA9928,Delhi,Istanbul,India,Turkey,South Asia,Middle East,Boeing 737 MAX 8,139,Diplomatic advisory — do not fly
2026-04-17,Singapore Airlines,SI8161,Zurich,Dubai,Switzerland,UAE,Europe,Middle East,Boeing 787-10 Dreamliner,123,Insurance restriction — war zone
2026-04-17,KLM,KL6893,Tokyo,Dubai,Japan,UAE,Asia Pacific,Middle East,Airbus A330-300,327,Government travel ban
2026-04-17,Etihad Airways,ET2566,Sydney,Singapore,Australia,Singapore,Asia Pacific,Asia Pacific,Boeing 777-200LR,404,ATC flow restrictions — congestion
2026-04-17,Kuwait Airways,KU896,Singapore,Tokyo,Singapore,Japan,Asia Pacific,Asia Pacific,Airbus A330-300,83,Security risk — conflict zone
2026-04-17,Qantas,QA6356,Seoul,Dubai,South Korea,UAE,Asia Pacific,Middle East,Boeing 777-300ER,197,Crew duty-time exceedance after long reroutes
2026-04-17,flydubai,FL3657,Mumbai,Doha,India,Qatar,South Asia,Middle East,Boeing 737 MAX 8,156,Crew safety — company policy
2026-04-17,Avianca,AV8205,London,Kuala Lumpur,UK,Malaysia,Europe,Asia Pacific,Boeing 737 MAX 8,104,Fuel supply disruption
2026-04-18,Wizz Air,WI2897,Tehran,Istanbul,Iran,Turkey,Middle East,Middle East,Boeing 777-300ER,192,Airport closure — military activity
2026-04-18,Saudi Arabian Airlines,SA3347,Johannesburg,Dubai,South Africa,UAE,Africa,Middle East,Airbus A330-300,341,Security risk — conflict zone
2026-04-18,United Airlines,UN2951,Islamabad,Riyadh,Pakistan,Saudi Arabia,South Asia,Middle East,Boeing 737-800,226,Crew safety — company policy
2026-04-18,Thai Airways,TH3172,Singapore,Tokyo,Singapore,Japan,Asia Pacific,Asia Pacific,Boeing 737 MAX 8,233,Diplomatic advisory — do not fly
2026-04-18,Singapore Airlines,SI9554,Dubai,Warsaw,UAE,Poland,Middle East,Europe,Airbus A321neo,425,Fuel supply disruption
2026-04-18,South African Airways,SO9382,Singapore,Tokyo,Singapore,Japan,Asia Pacific,Asia Pacific,Boeing 787-10 Dreamliner,112,Insurance restriction — war zone
2026-04-18,Malaysia Airlines,MA994,London,Singapore,UK,Singapore,Europe,Asia Pacific,Airbus A340-600,178,Airspace closure — NOTAM
2026-04-18,Malaysia Airlines,MA7062,Doha,Chicago,Qatar,USA,Middle East,North America,Boeing 777-300ER,149,Crew duty-time exceedance after long reroutes
2026-04-18,Pakistan International Airlines,PA1836,Dubai,Cairo,UAE,Egypt,Middle East,North Africa,Boeing 787-10 Dreamliner,182,Airspace closure — NOTAM
2026-04-18,ANA,AN2730,Dubai,Mumbai,UAE,India,Middle East,South Asia,Airbus A330-300,108,Temporary corridor suspension — safety bulletin
2026-04-18,Saudi Arabian Airlines,SA7006,Shanghai,Paris,China,France,Asia Pacific,Europe,Airbus A350-900,448,Airspace closure — NOTAM
2026-04-18,Malaysia Airlines,MA1361,Dubai,Toronto,UAE,Canada,Middle East,North America,Airbus A330-300,369,Airspace closure — NOTAM
2026-04-18,Emirates SkyCargo,EM8903,Tokyo,Singapore,Japan,Singapore,Asia Pacific,Asia Pacific,Boeing 787-9 Dreamliner,405,ATC flow restrictions — congestion
2026-04-18,TAP Air Portugal,TA6003,Auckland,Dubai,New Zealand,UAE,Asia Pacific,Middle East,Boeing 787-10 Dreamliner,300,ATC flow restrictions — congestion
2026-04-18,Japan Airlines,JA9024,Karachi,Dubai,Pakistan,UAE,South Asia,Middle East,Airbus A380-800,180,Diplomatic advisory — do not fly
2026-04-18,Aeroflot,AE1863,Paris,Dubai,France,UAE,Europe,Middle East,Airbus A380-800,366,Fuel supply disruption
2026-04-18,United Airlines,UN4752,London,Abu Dhabi,UK,UAE,Europe,Middle East,Boeing 737-800,147,Airspace closure — NOTAM
2026-04-18,Air New Zealand,AI7722,Dubai,Zurich,UAE,Switzerland,Middle East,Europe,Airbus A380-800,128,Temporary corridor suspension — safety bulletin
2026-04-18,LOT Polish Airlines,LO2258,Santiago,Dubai,Chile,UAE,Latin America,Middle East,Boeing 787-9 Dreamliner,258,Crew duty-time exceedance after long reroutes
2026-04-18,Azul Brazilian Airlines,AZ3030,Bahrain,Dubai,Bahrain,UAE,Middle East,Middle East,Boeing 777-200LR,383,Insurance restriction — war zone
2026-04-18,Iberia,IB731,Paris,Doha,France,Qatar,Europe,Middle East,Airbus A320neo,206,Airport closure — military activity
2026-04-18,ANA,AN9882,Paris,Doha,France,Qatar,Europe,Middle East,Airbus A340-600,179,Crew duty-time exceedance after long reroutes
2026-04-18,flynas,FL7734,Dubai,London,UAE,UK,Middle East,Europe,Airbus A330-300,435,Crew duty-time exceedance after long reroutes
2026-04-18,Etihad Airways,ET1265,Dubai,Karachi,UAE,Pakistan,Middle East,South Asia,Airbus A321neo,346,Security risk — conflict zone
2026-04-19,Finnair,FI7196,Dubai,Seoul,UAE,South Korea,Middle East,Asia Pacific,Airbus A350-900,192,Insurance restriction — war zone
2026-04-19,Air China,AI3169,Dubai,Paris,UAE,France,Middle East,Europe,Airbus A321neo,296,Crew safety — company policy
2026-04-19,Delta Air Lines,DE9437,Dubai,Delhi,UAE,India,Middle East,South Asia,Airbus A320neo,396,Crew safety — company policy
2026-04-19,Pakistan International Airlines,PA7355,Addis Ababa,London,Ethiopia,UK,Africa,Europe,Boeing 777-200LR,168,Insurance restriction — war zone
2026-04-19,Malaysia Airlines,MA8782,Sydney,London,Australia,UK,Asia Pacific,Europe,Airbus A330-300,147,Airspace closure — NOTAM
2026-04-19,Mahan Air,MA4087,Johannesburg,Dubai,South Africa,UAE,Africa,Middle East,Airbus A330-300,121,Airspace closure — NOTAM
2026-04-19,Royal Air Maroc,RO1740,Cairo,Riyadh,Egypt,Saudi Arabia,North Africa,Middle East,Airbus A380-800,360,Security risk — conflict zone
2026-04-19,easyJet,EA2968,Dubai,Mumbai,UAE,India,Middle East,South Asia,Airbus A350-900,110,Security risk — conflict zone
2026-04-19,Singapore Airlines,SI7872,Riyadh,New York,Saudi Arabia,USA,Middle East,North America,Airbus A330-300,141,Temporary corridor suspension — safety bulletin
2026-04-19,flydubai,FL8285,Paris,Dubai,France,UAE,Europe,Middle East,Airbus A321neo,172,Crew duty-time exceedance after long reroutes
2026-04-19,Emirates SkyCargo,EM1133,Karachi,Dubai,Pakistan,UAE,South Asia,Middle East,Boeing 787-10 Dreamliner,130,Government travel ban
2026-04-19,Thai Airways,TH5712,London,Riyadh,UK,Saudi Arabia,Europe,Middle East,Boeing 777-300ER,401,Airport closure — military activity
2026-04-19,easyJet,EA7514,London,Addis Ababa,UK,Ethiopia,Europe,Africa,Boeing 787-9 Dreamliner,445,ATC flow restrictions — congestion
2026-04-19,easyJet,EA9775,Santiago,Dubai,Chile,UAE,Latin America,Middle East,Airbus A330-300,163,Government travel ban
2026-04-19,Cathay Pacific,CA2530,Tokyo,Dubai,Japan,UAE,Asia Pacific,Middle East,Airbus A380-800,373,Fuel supply disruption
2026-04-19,SpiceJet,SP6587,Doha,Mumbai,Qatar,India,Middle East,South Asia,Boeing 777-300ER,291,Fuel supply disruption
2026-04-19,EgyptAir,EG5069,Vancouver,Dubai,Canada,UAE,North America,Middle East,Boeing 787-9 Dreamliner,233,Crew duty-time exceedance after long reroutes
2026-04-19,Kenya Airways,KE4395,Dubai,Islamabad,UAE,Pakistan,Middle East,South Asia,Boeing 787-9 Dreamliner,412,Crew safety — company policy
2026-04-19,FedEx Express,FE2024,Guangzhou,Dubai,China,UAE,Asia Pacific,Middle East,Airbus A321neo,368,Airspace closure — NOTAM
2026-04-19,Air India,AI8610,Dubai,São Paulo,UAE,Brazil,Middle East,Latin America,Airbus A340-600,399,Diplomatic advisory — do not fly
2026-04-19,Thai Airways,TH812,London,Nairobi,UK,Kenya,Europe,Africa,Airbus A380-800,397,Security risk — conflict zone
2026-04-19,Etihad Airways,ET8469,Abu Dhabi,Sydney,UAE,Australia,Middle East,Asia Pacific,Boeing 787-10 Dreamliner,281,ATC flow restrictions — congestion
2026-04-19,Cargolux,CA8036,London,Bahrain,UK,Bahrain,Europe,Middle East,Boeing 737-800,441,Airspace closure — NOTAM
2026-04-19,Korean Air,KO8149,Cairo,Dubai,Egypt,UAE,North Africa,Middle East,Boeing 737 MAX 8,170,Temporary corridor suspension — safety bulletin
2026-04-19,Atlas Air,AT2774,Doha,Seoul,Qatar,South Korea,Middle East,Asia Pacific,Airbus A340-600,376,Security risk — conflict zone
2026-04-19,Vietnam Airlines,VI1290,Doha,Lisbon,Qatar,Portugal,Middle East,Europe,Airbus A330-300,144,Airport closure — military activity
2026-04-19,Air France,AI5351,London,São Paulo,UK,Brazil,Europe,Latin America,Airbus A330-300,146,Temporary corridor suspension — safety bulletin
2026-04-19,Cathay Pacific,CA8561,Muscat,London,Oman,UK,Middle East,Europe,Airbus A380-800,106,Diplomatic advisory — do not fly
2026-04-19,UPS Airlines,UP522,Mexico City,London,Mexico,UK,Latin America,Europe,Airbus A340-600,354,Airspace closure — NOTAM
2026-04-19,UPS Airlines,UP1451,Moscow,Doha,Russia,Qatar,Europe,Middle East,Boeing 787-10 Dreamliner,343,Crew duty-time exceedance after long reroutes
2026-04-20,ANA,AN5541,Riyadh,London,Saudi Arabia,UK,Middle East,Europe,Boeing 737 MAX 8,91,Insurance restriction — war zone
2026-04-20,Air India,AI9296,Tokyo,Dubai,Japan,UAE,Asia Pacific,Middle East,Boeing 787-9 Dreamliner,217,Airport closure — military activity
2026-04-20,flydubai,FL2063,Doha,New York,Qatar,USA,Middle East,North America,Airbus A340-600,115,Crew safety — company policy
2026-04-20,Air Algerie,AI9604,Casablanca,Paris,Morocco,France,Africa,Europe,Airbus A330-300,88,Temporary corridor suspension — safety bulletin
2026-04-20,EgyptAir,EG1318,Dubai,London,UAE,UK,Middle East,Europe,Airbus A380-800,314,Temporary corridor suspension — safety bulletin
2026-04-20,ANA,AN5375,Bahrain,Dubai,Bahrain,UAE,Middle East,Middle East,Airbus A350-900,199,Airspace closure — NOTAM
2026-04-20,flydubai,FL4710,Doha,Toronto,Qatar,Canada,Middle East,North America,Boeing 777-200LR,226,Insurance restriction — war zone
2026-04-20,Copa Airlines,CO1881,Dubai,Karachi,UAE,Pakistan,Middle East,South Asia,Boeing 737 MAX 8,101,Security risk — conflict zone
2026-04-20,Kuwait Airways,KU4743,Mumbai,Doha,India,Qatar,South Asia,Middle East,Boeing 777-200LR,106,Diplomatic advisory — do not fly
2026-04-20,Air France,AI8129,London,Dubai,UK,UAE,Europe,Middle East,Airbus A321neo,302,Government travel ban
2026-04-20,Japan Airlines,JA7381,Cairo,Riyadh,Egypt,Saudi Arabia,North Africa,Middle East,Boeing 737-800,154,Temporary corridor suspension — safety bulletin
2026-04-20,Cathay Pacific,CA364,Santiago,London,Chile,UK,Latin America,Europe,Airbus A350-900,200,Airport closure — military activity
2026-04-20,Qantas,QA3406,Dubai,Kuala Lumpur,UAE,Malaysia,Middle East,Asia Pacific,Boeing 737 MAX 8,229,Security risk — conflict zone
2026-04-20,Finnair,FI5921,Doha,Mumbai,Qatar,India,Middle East,South Asia,Airbus A340-600,361,Government travel ban
2026-04-20,Delta Air Lines,DE4186,Casablanca,Dubai,Morocco,UAE,Africa,Middle East,Boeing 787-9 Dreamliner,131,Crew safety — company policy
2026-04-20,Cathay Pacific,CA9948,Dubai,São Paulo,UAE,Brazil,Middle East,Latin America,Airbus A321neo,243,Government travel ban
2026-04-20,Atlas Air,AT9476,Frankfurt,Dubai,Germany,UAE,Europe,Middle East,Airbus A330-300,191,Crew duty-time exceedance after long reroutes
2026-04-20,FedEx Express,FE7035,Johannesburg,London,South Africa,UK,Africa,Europe,Boeing 777-200LR,426,Government travel ban
2026-04-20,flydubai,FL3237,Toronto,Doha,Canada,Qatar,North America,Middle East,Boeing 737-800,366,Temporary corridor suspension — safety bulletin
2026-04-20,Air Arabia,AI7355,Istanbul,Tehran,Turkey,Iran,Middle East,Middle East,Airbus A320neo,352,ATC flow restrictions — congestion
2026-04-20,Aeroflot,AE5648,New York,Dubai,USA,UAE,North America,Middle East,Boeing 737-800,240,Airport closure — military activity
2026-04-20,KLM,KL7069,Dubai,New York,UAE,USA,Middle East,North America,Airbus A350-900,409,ATC flow restrictions — congestion
2026-04-20,Korean Air,KO6258,Dubai,Hanoi,UAE,Vietnam,Middle East,Asia Pacific,Boeing 777-300ER,384,Fuel supply disruption
2026-04-20,Ryanair,RY8239,London,Addis Ababa,UK,Ethiopia,Europe,Africa,Airbus A320neo,446,Airport closure — military activity
2026-04-20,China Eastern,CH271,Doha,Lahore,Qatar,Pakistan,Middle East,South Asia,Airbus A340-600,221,Government travel ban
2026-04-21,Atlas Air,AT1009,Dubai,Bangkok,UAE,Thailand,Middle East,Asia Pacific,Airbus A380-800,89,Temporary corridor suspension — safety bulletin
2026-04-21,Swiss International Air Lines,SW7812,Dubai,Moscow,UAE,Russia,Middle East,Europe,Boeing 787-9 Dreamliner,242,Insurance restriction — war zone
2026-04-21,WestJet,WE8909,Shanghai,Dubai,China,UAE,Asia Pacific,Middle East,Boeing 777-200LR,90,Airport closure — military activity
2026-04-21,Cargolux,CA7872,Dubai,New York,UAE,USA,Middle East,North America,Airbus A350-900,305,Crew duty-time exceedance after long reroutes
2026-04-21,Japan Airlines,JA2663,Delhi,Istanbul,India,Turkey,South Asia,Middle East,Airbus A321neo,306,Crew duty-time exceedance after long reroutes
2026-04-21,Emirates,EM6086,Sydney,Dubai,Australia,UAE,Asia Pacific,Middle East,Boeing 777-300ER,396,Security risk — conflict zone
2026-04-21,Saudi Arabian Airlines,SA2102,Karachi,Dubai,Pakistan,UAE,South Asia,Middle East,Boeing 737-800,159,Crew duty-time exceedance after long reroutes
2026-04-21,Garuda Indonesia,GA4538,Addis Ababa,Doha,Ethiopia,Qatar,Africa,Middle East,Boeing 737 MAX 8,314,Airspace closure — NOTAM
2026-04-21,Avianca,AV2920,Doha,Paris,Qatar,France,Middle East,Europe,Boeing 777-300ER,133,Fuel supply disruption
2026-04-21,easyJet,EA5633,Riyadh,Islamabad,Saudi Arabia,Pakistan,Middle East,South Asia,Boeing 787-9 Dreamliner,293,Crew safety — company policy
2026-04-21,Atlas Air,AT7110,Dubai,Cairo,UAE,Egypt,Middle East,North Africa,Airbus A350-900,173,Airspace closure — NOTAM
2026-04-21,Atlas Air,AT9392,Casablanca,Dubai,Morocco,UAE,Africa,Middle East,Boeing 737 MAX 8,424,Airport closure — military activity
2026-04-21,Wizz Air,WI4395,Toronto,Dubai,Canada,UAE,North America,Middle East,Boeing 737-800,294,Government travel ban
2026-04-21,Royal Air Maroc,RO7551,London,Kuala Lumpur,UK,Malaysia,Europe,Asia Pacific,Boeing 737-800,212,ATC flow restrictions — congestion
2026-04-21,UPS Airlines,UP3676,Doha,Madrid,Qatar,Spain,Middle East,Europe,Airbus A321neo,107,Diplomatic advisory — do not fly
2026-04-21,Emirates,EM6757,Tehran,Moscow,Iran,Russia,Middle East,Europe,Boeing 777-300ER,164,Crew safety — company policy
2026-04-21,Emirates,EM7634,Auckland,Dubai,New Zealand,UAE,Asia Pacific,Middle East,Airbus A380-800,310,Crew duty-time exceedance after long reroutes
2026-04-21,LATAM Airlines,LA3467,Addis Ababa,Doha,Ethiopia,Qatar,Africa,Middle East,Airbus A320neo,161,Airport closure — military activity
2026-04-21,Copa Airlines,CO3539,Bahrain,London,Bahrain,UK,Middle East,Europe,Airbus A380-800,275,Insurance restriction — war zone
2026-04-21,UPS Airlines,UP1943,Doha,Lisbon,Qatar,Portugal,Middle East,Europe,Airbus A350-900,434,Airport closure — military activity
2026-04-21,Wizz Air,WI1912,London,Addis Ababa,UK,Ethiopia,Europe,Africa,Airbus A320neo,377,Security risk — conflict zone
2026-04-21,Ryanair,RY1557,Dubai,Cairo,UAE,Egypt,Middle East,North Africa,Airbus A330-300,159,Security risk — conflict zone
2026-04-21,Thai Airways,TH3211,Cairo,Riyadh,Egypt,Saudi Arabia,North Africa,Middle East,Boeing 787-9 Dreamliner,307,Airspace closure — NOTAM
2026-04-21,South African Airways,SO4979,Paris,Dubai,France,UAE,Europe,Middle East,Airbus A340-600,190,Temporary corridor suspension — safety bulletin
2026-04-21,Kuwait Airways,KU7291,Stockholm,Dubai,Sweden,UAE,Europe,Middle East,Airbus A350-900,417,Crew safety — company policy
2026-04-22,Azul Brazilian Airlines,AZ228,Doha,New York,Qatar,USA,Middle East,North America,Boeing 777-300ER,225,Crew duty-time exceedance after long reroutes
2026-04-22,Azul Brazilian Airlines,AZ1881,Santiago,Dubai,Chile,UAE,Latin America,Middle East,Boeing 787-9 Dreamliner,129,Diplomatic advisory — do not fly
2026-04-22,Jazeera Airways,JA7762,Dubai,Zurich,UAE,Switzerland,Middle East,Europe,Airbus A321neo,87,Insurance restriction — war zone
2026-04-22,Wizz Air,WI5830,Dubai,Frankfurt,UAE,Germany,Middle East,Europe,Boeing 787-9 Dreamliner,257,Airport closure — military activity
2026-04-22,Air India,AI7190,Delhi,Dubai,India,UAE,South Asia,Middle East,Boeing 787-9 Dreamliner,364,Airspace closure — NOTAM
2026-04-22,Air India,AI3457,Moscow,Dubai,Russia,UAE,Europe,Middle East,Boeing 787-9 Dreamliner,192,Security risk — conflict zone
2026-04-22,United Airlines,UN9640,Vancouver,Dubai,Canada,UAE,North America,Middle East,Boeing 737-800,331,ATC flow restrictions — congestion
2026-04-22,Gulf Air,GU1271,Karachi,Istanbul,Pakistan,Turkey,South Asia,Middle East,Airbus A321neo,124,Fuel supply disruption
2026-04-22,British Airways,BR8225,Lisbon,Doha,Portugal,Qatar,Europe,Middle East,Boeing 737-800,432,Diplomatic advisory — do not fly
2026-04-22,Malaysia Airlines,MA3262,Doha,Moscow,Qatar,Russia,Middle East,Europe,Boeing 787-10 Dreamliner,176,Temporary corridor suspension — safety bulletin
2026-04-22,FedEx Express,FE9950,Jakarta,Dubai,Indonesia,UAE,Asia Pacific,Middle East,Airbus A380-800,343,ATC flow restrictions — congestion
2026-04-22,Etihad Airways,ET2294,Frankfurt,Beijing,Germany,China,Europe,Asia Pacific,Airbus A380-800,204,Crew safety — company policy
2026-04-22,Japan Airlines,JA8146,London,Kuala Lumpur,UK,Malaysia,Europe,Asia Pacific,Airbus A330-300,235,Security risk — conflict zone
2026-04-22,Air France,AI5934,Tehran,Istanbul,Iran,Turkey,Middle East,Middle East,Airbus A320neo,284,Security risk — conflict zone
2026-04-22,LATAM Airlines,LA3828,Sydney,Abu Dhabi,Australia,UAE,Asia Pacific,Middle East,Boeing 777-200LR,450,Airspace closure — NOTAM
2026-04-22,KLM,KL4524,Seoul,London,South Korea,UK,Asia Pacific,Europe,Boeing 787-10 Dreamliner,354,Government travel ban
2026-04-22,Aeroflot,AE2270,Nairobi,London,Kenya,UK,Africa,Europe,Boeing 737 MAX 8,318,Security risk — conflict zone
2026-04-22,Wizz Air,WI7179,Dubai,Nairobi,UAE,Kenya,Middle East,Africa,Boeing 787-9 Dreamliner,267,ATC flow restrictions — congestion
2026-04-22,Qatar Airways,QA6091,Nairobi,London,Kenya,UK,Africa,Europe,Boeing 737 MAX 8,406,Government travel ban
2026-04-22,Saudi Arabian Airlines,SA9891,Chicago,Doha,USA,Qatar,North America,Middle East,Boeing 777-200LR,341,Airspace closure — NOTAM
2026-04-22,Air Algerie,AI4927,Abu Dhabi,London,UAE,UK,Middle East,Europe,Boeing 737 MAX 8,209,Security risk — conflict zone
2026-04-22,ANA,AN7624,Karachi,Istanbul,Pakistan,Turkey,South Asia,Middle East,Boeing 787-10 Dreamliner,314,Temporary corridor suspension — safety bulletin
2026-04-22,Avianca,AV2699,Cairo,Riyadh,Egypt,Saudi Arabia,North Africa,Middle East,Airbus A350-900,446,Airspace closure — NOTAM
2026-04-22,Oman Air,OM4780,Dubai,Paris,UAE,France,Middle East,Europe,Airbus A321neo,171,Crew safety — company policy
2026-04-22,Thai Airways,TH7622,Zurich,Dubai,Switzerland,UAE,Europe,Middle East,Boeing 787-10 Dreamliner,446,Airport closure — military activity
2026-04-22,TAP Air Portugal,TA1024,Dubai,Karachi,UAE,Pakistan,Middle East,South Asia,Boeing 787-10 Dreamliner,86,Temporary corridor suspension — safety bulletin
2026-04-22,Singapore Airlines,SI4794,London,São Paulo,UK,Brazil,Europe,Latin America,Boeing 737-800,207,Insurance restriction — war zone
2026-04-22,Asiana Airlines,AS6877,Shanghai,Doha,China,Qatar,Asia Pacific,Middle East,Airbus A320neo,350,Crew safety — company policy
2026-04-22,Finnair,FI5741,Dubai,Bangkok,UAE,Thailand,Middle East,Asia Pacific,Boeing 787-9 Dreamliner,146,Crew duty-time exceedance after long reroutes
2026-04-22,Emirates,EM162,Chicago,Dubai,USA,UAE,North America,Middle East,Airbus A380-800,245,Crew duty-time exceedance after long reroutes
2026-04-23,Aeromexico,AE1859,Dubai,Amman,UAE,Jordan,Middle East,Middle East,Boeing 737-800,320,ATC flow restrictions — congestion
2026-04-23,TAP Air Portugal,TA3986,Stockholm,Dubai,Sweden,UAE,Europe,Middle East,Boeing 777-200LR,410,Security risk — conflict zone
2026-04-23,Kenya Airways,KE4844,Cairo,Dubai,Egypt,UAE,North Africa,Middle East,Boeing 737 MAX 8,90,Insurance restriction — war zone
2026-04-23,Azul Brazilian Airlines,AZ3669,Jakarta,Dubai,Indonesia,UAE,Asia Pacific,Middle East,Boeing 787-10 Dreamliner,176,Fuel supply disruption
2026-04-23,Copa Airlines,CO8115,Doha,Mumbai,Qatar,India,Middle East,South Asia,Boeing 737 MAX 8,300,Airspace closure — NOTAM
2026-04-23,Air Algerie,AI6247,Ho Chi Minh City,Doha,Vietnam,Qatar,Asia Pacific,Middle East,Airbus A380-800,160,Diplomatic advisory — do not fly
2026-04-23,Iran Air,IR9413,Dubai,Karachi,UAE,Pakistan,Middle East,South Asia,Airbus A340-600,205,ATC flow restrictions — congestion
2026-04-23,Japan Airlines,JA8334,Dubai,Sydney,UAE,Australia,Middle East,Asia Pacific,Airbus A321neo,90,Fuel supply disruption
2026-04-23,Asiana Airlines,AS1245,Dubai,Shanghai,UAE,China,Middle East,Asia Pacific,Boeing 737 MAX 8,414,Airspace closure — NOTAM
2026-04-23,Air India,AI6476,Guangzhou,Dubai,China,UAE,Asia Pacific,Middle East,Boeing 787-10 Dreamliner,176,Airspace closure — NOTAM
2026-04-23,Air France,AI2221,Dubai,Santiago,UAE,Chile,Middle East,Latin America,Airbus A350-900,246,Crew duty-time exceedance after long reroutes
2026-04-23,Emirates SkyCargo,EM5490,Delhi,Dubai,India,UAE,South Asia,Middle East,Airbus A330-300,120,Diplomatic advisory — do not fly
2026-04-23,Malaysia Airlines,MA3148,London,Tokyo,UK,Japan,Europe,Asia Pacific,Boeing 787-10 Dreamliner,311,Insurance restriction — war zone
2026-04-23,Cargolux,CA3185,Seoul,Dubai,South Korea,UAE,Asia Pacific,Middle East,Airbus A350-900,215,Insurance restriction — war zone
2026-04-23,South African Airways,SO576,Paris,Dubai,France,UAE,Europe,Middle East,Boeing 737 MAX 8,385,Fuel supply disruption
2026-04-23,Mahan Air,MA2902,Guangzhou,Dubai,China,UAE,Asia Pacific,Middle East,Boeing 737-800,418,Crew duty-time exceedance after long reroutes
2026-04-23,Ryanair,RY7015,Toronto,Dubai,Canada,UAE,North America,Middle East,Boeing 777-200LR,420,Airport closure — military activity
2026-04-23,Lufthansa,LU4150,Seoul,London,South Korea,UK,Asia Pacific,Europe,Airbus A380-800,402,Crew duty-time exceedance after long reroutes
2026-04-24,Mahan Air,MA635,Kuwait City,London,Kuwait,UK,Middle East,Europe,Airbus A330-300,244,Crew duty-time exceedance after long reroutes
2026-04-24,Copa Airlines,CO7583,Dubai,Auckland,UAE,New Zealand,Middle East,Asia Pacific,Boeing 737-800,101,Crew safety — company policy
2026-04-24,Southwest Airlines,SO9614,Cairo,Riyadh,Egypt,Saudi Arabia,North Africa,Middle East,Airbus A320neo,107,Diplomatic advisory — do not fly
2026-04-24,Asiana Airlines,AS3191,Riyadh,Islamabad,Saudi Arabia,Pakistan,Middle East,South Asia,Airbus A340-600,402,Airspace closure — NOTAM
2026-04-24,Iberia,IB7427,Dubai,Sydney,UAE,Australia,Middle East,Asia Pacific,Boeing 777-200LR,217,Security risk — conflict zone
2026-04-24,Air China,AI5499,Mexico City,Madrid,Mexico,Spain,Latin America,Europe,Boeing 787-10 Dreamliner,93,Airspace closure — NOTAM
2026-04-24,Ryanair,RY2558,Dubai,Frankfurt,UAE,Germany,Middle East,Europe,Airbus A350-900,105,Temporary corridor suspension — safety bulletin
2026-04-24,Air India,AI2613,Tehran,Moscow,Iran,Russia,Middle East,Europe,Boeing 737 MAX 8,445,Crew duty-time exceedance after long reroutes
2026-04-24,China Southern,CH2564,Riyadh,Cairo,Saudi Arabia,Egypt,Middle East,North Africa,Boeing 787-10 Dreamliner,290,Temporary corridor suspension — safety bulletin
2026-04-24,China Eastern,CH5967,Moscow,Tehran,Russia,Iran,Europe,Middle East,Airbus A340-600,408,Crew duty-time exceedance after long reroutes
2026-04-24,SAS,SA544,Kuwait City,Mumbai,Kuwait,India,Middle East,South Asia,Airbus A330-300,362,Temporary corridor suspension — safety bulletin
2026-04-24,DHL Aviation,DH867,Hanoi,Dubai,Vietnam,UAE,Asia Pacific,Middle East,Airbus A340-600,415,Government travel ban
2026-04-24,Air France,AI8321,Frankfurt,Beijing,Germany,China,Europe,Asia Pacific,Boeing 787-10 Dreamliner,91,ATC flow restrictions — congestion
2026-04-24,China Southern,CH9966,Hanoi,Dubai,Vietnam,UAE,Asia Pacific,Middle East,Boeing 777-200LR,125,Airport closure — military activity
2026-04-24,Thai Airways,TH7693,Moscow,Tehran,Russia,Iran,Europe,Middle East,Airbus A321neo,432,Airspace closure — NOTAM
2026-04-24,United Airlines,UN2948,Moscow,Tehran,Russia,Iran,Europe,Middle East,Airbus A320neo,291,Insurance restriction — war zone
2026-04-24,Ethiopian Airlines,ET4217,São Paulo,London,Brazil,UK,Latin America,Europe,Boeing 787-10 Dreamliner,89,Airport closure — military activity
2026-04-24,Air Arabia,AI3595,Moscow,Doha,Russia,Qatar,Europe,Middle East,Boeing 777-200LR,281,ATC flow restrictions — congestion
2026-04-24,Cathay Pacific,CA7353,Cairo,Riyadh,Egypt,Saudi Arabia,North Africa,Middle East,Airbus A320neo,251,ATC flow restrictions — congestion
2026-04-24,British Airways,BR4708,Beijing,Frankfurt,China,Germany,Asia Pacific,Europe,Boeing 737 MAX 8,114,Government travel ban
2026-04-25,Finnair,FI5875,Dubai,Johannesburg,UAE,South Africa,Middle East,Africa,Airbus A380-800,382,Crew duty-time exceedance after long reroutes
2026-04-25,Air Algerie,AI5395,Mexico City,Madrid,Mexico,Spain,Latin America,Europe,Boeing 737-800,99,Airport closure — military activity
2026-04-25,Royal Air Maroc,RO8243,Doha,Paris,Qatar,France,Middle East,Europe,Boeing 737-800,129,Security risk — conflict zone
2026-04-25,Qantas,QA5938,Addis Ababa,London,Ethiopia,UK,Africa,Europe,Boeing 787-10 Dreamliner,103,Airport closure — military activity
2026-04-25,United Airlines,UN6672,Dubai,Bahrain,UAE,Bahrain,Middle East,Middle East,Airbus A321neo,419,Airspace closure — NOTAM
2026-04-25,LOT Polish Airlines,LO8895,Karachi,Istanbul,Pakistan,Turkey,South Asia,Middle East,Airbus A340-600,296,Fuel supply disruption
2026-04-25,Wizz Air,WI7991,Mumbai,Dubai,India,UAE,South Asia,Middle East,Airbus A321neo,99,ATC flow restrictions — congestion
2026-04-25,United Airlines,UN1272,Delhi,Istanbul,India,Turkey,South Asia,Middle East,Airbus A380-800,310,ATC flow restrictions — congestion
2026-04-25,Royal Air Maroc,RO3335,Mumbai,Doha,India,Qatar,South Asia,Middle East,Boeing 777-300ER,119,Crew safety — company policy
2026-04-25,Thai Airways,TH9887,Kuwait City,Cairo,Kuwait,Egypt,Middle East,North Africa,Airbus A330-300,290,Airport closure — military activity
2026-04-25,United Airlines,UN7687,Toronto,Doha,Canada,Qatar,North America,Middle East,Airbus A320neo,387,Government travel ban
2026-04-25,Atlas Air,AT2003,Nairobi,London,Kenya,UK,Africa,Europe,Airbus A320neo,301,Airport closure — military activity
2026-04-26,LOT Polish Airlines,LO4103,Dubai,Zurich,UAE,Switzerland,Middle East,Europe,Airbus A321neo,114,Temporary corridor suspension — safety bulletin
2026-04-26,Malaysia Airlines,MA8732,London,Beijing,UK,China,Europe,Asia Pacific,Airbus A380-800,397,Crew safety — company policy
2026-04-26,Asiana Airlines,AS8286,Moscow,Tehran,Russia,Iran,Europe,Middle East,Airbus A330-300,307,Diplomatic advisory — do not fly
2026-04-26,China Southern,CH2360,Nairobi,London,Kenya,UK,Africa,Europe,Airbus A340-600,131,Airspace closure — NOTAM
2026-04-26,Royal Air Maroc,RO1428,Tokyo,Singapore,Japan,Singapore,Asia Pacific,Asia Pacific,Boeing 787-9 Dreamliner,303,ATC flow restrictions — congestion
2026-04-26,flydubai,FL5696,Santiago,London,Chile,UK,Latin America,Europe,Airbus A320neo,194,Government travel ban
2026-04-26,DHL Aviation,DH4276,Singapore,Los Angeles,Singapore,USA,Asia Pacific,North America,Boeing 777-300ER,110,Crew safety — company policy
2026-04-26,Aeroflot,AE6774,Los Angeles,London,USA,UK,North America,Europe,Boeing 787-9 Dreamliner,268,Airspace closure — NOTAM
2026-04-26,Air France,AI8434,Mumbai,Doha,India,Qatar,South Asia,Middle East,Boeing 737-800,202,Crew duty-time exceedance after long reroutes
2026-04-26,Gulf Air,GU8078,Dubai,Santiago,UAE,Chile,Middle East,Latin America,Boeing 777-300ER,447,Temporary corridor suspension — safety bulletin
2026-04-26,Garuda Indonesia,GA6177,Singapore,Auckland,Singapore,New Zealand,Asia Pacific,Asia Pacific,Boeing 787-9 Dreamliner,418,Crew duty-time exceedance after long reroutes
2026-04-26,Air Canada,AI1094,Doha,Toronto,Qatar,Canada,Middle East,North America,Boeing 777-300ER,332,Crew safety — company policy
2026-04-26,Japan Airlines,JA8033,Doha,London,Qatar,UK,Middle East,Europe,Boeing 777-300ER,178,Fuel supply disruption
2026-04-26,Pakistan International Airlines,PA6913,Dubai,Karachi,UAE,Pakistan,Middle East,South Asia,Boeing 737-800,168,Temporary corridor suspension — safety bulletin
2026-04-26,Atlas Air,AT3421,Doha,New York,Qatar,USA,Middle East,North America,Airbus A330-300,254,Airspace closure — NOTAM
2026-04-26,Qantas,QA8863,Frankfurt,Dubai,Germany,UAE,Europe,Middle East,Boeing 737 MAX 8,226,ATC flow restrictions — congestion
2026-04-26,Vietnam Airlines,VI8374,Doha,Paris,Qatar,France,Middle East,Europe,Boeing 787-10 Dreamliner,154,Crew safety — company policy
2026-04-26,Kenya Airways,KE9332,Mumbai,Kuwait City,India,Kuwait,South Asia,Middle East,Boeing 787-9 Dreamliner,323,Crew duty-time exceedance after long reroutes
2026-04-26,Cathay Pacific,CA4753,Dubai,Singapore,UAE,Singapore,Middle East,Asia Pacific,Airbus A321neo,314,Temporary corridor suspension — safety bulletin
2026-04-26,LATAM Airlines,LA5505,Vancouver,Dubai,Canada,UAE,North America,Middle East,Boeing 777-200LR,252,Airspace closure — NOTAM
2026-04-26,Wizz Air,WI2280,Singapore,Sydney,Singapore,Australia,Asia Pacific,Asia Pacific,Boeing 777-300ER,289,ATC flow restrictions — congestion
2026-04-27,Air China,AI8448,Dubai,Mumbai,UAE,India,Middle East,South Asia,Airbus A320neo,262,Government travel ban
2026-04-27,SpiceJet,SP2513,London,Addis Ababa,UK,Ethiopia,Europe,Africa,Boeing 787-10 Dreamliner,246,Security risk — conflict zone
2026-04-27,Asiana Airlines,AS580,Jakarta,Dubai,Indonesia,UAE,Asia Pacific,Middle East,Boeing 787-9 Dreamliner,277,Crew duty-time exceedance after long reroutes
2026-04-27,Wizz Air,WI5954,Dubai,Vancouver,UAE,Canada,Middle East,North America,Airbus A321neo,89,ATC flow restrictions — congestion
2026-04-27,Emirates,EM2463,Dubai,Bahrain,UAE,Bahrain,Middle East,Middle East,Boeing 777-200LR,347,Security risk — conflict zone
2026-04-27,UPS Airlines,UP9344,Johannesburg,London,South Africa,UK,Africa,Europe,Airbus A321neo,283,Fuel supply disruption
2026-04-27,Air Arabia,AI4139,Paris,Dubai,France,UAE,Europe,Middle East,Airbus A321neo,109,ATC flow restrictions — congestion
2026-04-27,United Airlines,UN5400,Johannesburg,Dubai,South Africa,UAE,Africa,Middle East,Airbus A380-800,117,Crew duty-time exceedance after long reroutes
2026-04-27,Korean Air,KO7825,London,Nairobi,UK,Kenya,Europe,Africa,Airbus A330-300,255,Temporary corridor suspension — safety bulletin
2026-04-27,Qantas,QA3356,Vancouver,Dubai,Canada,UAE,North America,Middle East,Boeing 787-9 Dreamliner,116,Crew duty-time exceedance after long reroutes
2026-04-27,Ethiopian Airlines,ET5561,Madrid,Dubai,Spain,UAE,Europe,Middle East,Airbus A321neo,216,Crew duty-time exceedance after long reroutes
2026-04-27,Azul Brazilian Airlines,AZ6317,London,Sydney,UK,Australia,Europe,Asia Pacific,Boeing 777-200LR,353,Crew safety — company policy
2026-04-27,Finnair,FI2148,Sydney,London,Australia,UK,Asia Pacific,Europe,Airbus A330-300,272,ATC flow restrictions — congestion
2026-04-27,LOT Polish Airlines,LO4788,Lahore,Doha,Pakistan,Qatar,South Asia,Middle East,Boeing 777-200LR,303,Temporary corridor suspension — safety bulletin
2026-04-28,Jazeera Airways,JA7141,Tokyo,Singapore,Japan,Singapore,Asia Pacific,Asia Pacific,Boeing 737 MAX 8,174,Fuel supply disruption
2026-04-28,Jazeera Airways,JA5181,London,Sydney,UK,Australia,Europe,Asia Pacific,Boeing 787-9 Dreamliner,445,Crew safety — company policy
2026-04-28,Iberia,IB4918,London,Los Angeles,UK,USA,Europe,North America,Airbus A380-800,286,Insurance restriction — war zone
2026-04-28,Finnair,FI7126,Moscow,Tehran,Russia,Iran,Europe,Middle East,Airbus A330-300,105,Diplomatic advisory — do not fly
2026-04-28,Ethiopian Airlines,ET1776,Moscow,Dubai,Russia,UAE,Europe,Middle East,Airbus A340-600,195,Government travel ban
2026-04-28,British Airways,BR2491,Cairo,Riyadh,Egypt,Saudi Arabia,North Africa,Middle East,Boeing 737-800,281,Temporary corridor suspension — safety bulletin
2026-04-28,Qatar Airways,QA2584,Dubai,Guangzhou,UAE,China,Middle East,Asia Pacific,Boeing 787-9 Dreamliner,383,Government travel ban
2026-04-28,Air France,AI1044,São Paulo,Dubai,Brazil,UAE,Latin America,Middle East,Airbus A330-300,441,Diplomatic advisory — do not fly
2026-04-28,Saudi Arabian Airlines,SA8591,Dubai,Nairobi,UAE,Kenya,Middle East,Africa,Airbus A340-600,361,Diplomatic advisory — do not fly
2026-04-28,Korean Air,KO8434,Dubai,Nairobi,UAE,Kenya,Middle East,Africa,Boeing 787-9 Dreamliner,223,Temporary corridor suspension — safety bulletin
2026-04-28,Saudi Arabian Airlines,SA5612,Beijing,Tehran,China,Iran,Asia Pacific,Middle East,Airbus A350-900,201,Security risk — conflict zone
2026-04-28,Atlas Air,AT2809,Dubai,Mumbai,UAE,India,Middle East,South Asia,Airbus A330-300,387,Airport closure — military activity
2026-04-28,Air Canada,AI4843,London,Sydney,UK,Australia,Europe,Asia Pacific,Airbus A380-800,290,Airport closure — military activity
2026-04-28,KLM,KL2930,Dubai,Istanbul,UAE,Turkey,Middle East,Middle East,Boeing 737-800,181,ATC flow restrictions — congestion
2026-04-28,Air Canada,AI3890,Karachi,Dubai,Pakistan,UAE,South Asia,Middle East,Airbus A350-900,132,Government travel ban
2026-04-28,Avianca,AV3684,Moscow,Doha,Russia,Qatar,Europe,Middle East,Boeing 737 MAX 8,314,Crew safety — company policy
2026-04-28,Ethiopian Airlines,ET4143,Doha,Lahore,Qatar,Pakistan,Middle East,South Asia,Boeing 777-300ER,181,Crew duty-time exceedance after long reroutes
2026-04-28,British Airways,BR1791,Doha,Seoul,Qatar,South Korea,Middle East,Asia Pacific,Boeing 777-200LR,421,Temporary corridor suspension — safety bulletin
2026-04-28,EgyptAir,EG1608,Frankfurt,Beijing,Germany,China,Europe,Asia Pacific,Boeing 787-9 Dreamliner,339,Crew safety — company policy
2026-04-28,United Airlines,UN9804,Dubai,Chicago,UAE,USA,Middle East,North America,Airbus A340-600,310,Security risk — conflict zone
2026-04-28,Avianca,AV8905,Doha,Moscow,Qatar,Russia,Middle East,Europe,Boeing 737-800,164,Airport closure — military activity
2026-04-28,Iberia,IB2921,Paris,Beirut,France,Lebanon,Europe,Middle East,Boeing 777-300ER,138,Airport closure — military activity
2026-04-28,Oman Air,OM5479,Muscat,London,Oman,UK,Middle East,Europe,Airbus A320neo,222,Temporary corridor suspension — safety bulletin
2026-04-28,Wizz Air,WI7030,Karachi,Dubai,Pakistan,UAE,South Asia,Middle East,Airbus A380-800,217,Diplomatic advisory — do not fly
2026-04-28,Air India,AI7467,Kuala Lumpur,London,Malaysia,UK,Asia Pacific,Europe,Airbus A380-800,275,Government travel ban
2026-04-28,TAP Air Portugal,TA6918,Kuwait City,London,Kuwait,UK,Middle East,Europe,Airbus A320neo,328,Airspace closure — NOTAM
2026-04-28,SAS,SA7995,Bogotá,Madrid,Colombia,Spain,Latin America,Europe,Airbus A350-900,439,ATC flow restrictions — congestion
2026-04-29,Etihad Airways,ET4189,Riyadh,Cairo,Saudi Arabia,Egypt,Middle East,North Africa,Airbus A340-600,326,Crew duty-time exceedance after long reroutes
2026-04-29,United Airlines,UN5252,Beirut,Paris,Lebanon,France,Middle East,Europe,Boeing 737-800,192,Airport closure — military activity
2026-04-29,Malaysia Airlines,MA1799,London,São Paulo,UK,Brazil,Europe,Latin America,Airbus A320neo,338,Fuel supply disruption
2026-04-29,Delta Air Lines,DE4531,Doha,Paris,Qatar,France,Middle East,Europe,Airbus A350-900,378,ATC flow restrictions — congestion
2026-04-29,South African Airways,SO5489,Shanghai,Paris,China,France,Asia Pacific,Europe,Boeing 777-200LR,94,Airport closure — military activity
2026-04-29,United Airlines,UN3059,Madrid,Mexico City,Spain,Mexico,Europe,Latin America,Boeing 777-200LR,424,Temporary corridor suspension — safety bulletin
2026-04-29,Wizz Air,WI2386,Dubai,Frankfurt,UAE,Germany,Middle East,Europe,Boeing 737 MAX 8,335,Government travel ban
2026-04-29,Gulf Air,GU3209,Lisbon,Doha,Portugal,Qatar,Europe,Middle East,Airbus A380-800,229,Airport closure — military activity
2026-04-29,Royal Air Maroc,RO2805,Dubai,Amman,UAE,Jordan,Middle East,Middle East,Boeing 777-200LR,90,Airport closure — military activity
2026-04-29,Iran Air,IR3865,Dubai,Guangzhou,UAE,China,Middle East,Asia Pacific,Airbus A320neo,129,Diplomatic advisory — do not fly
2026-04-29,Air India,AI8681,Lisbon,Doha,Portugal,Qatar,Europe,Middle East,Airbus A380-800,350,Diplomatic advisory — do not fly
2026-04-29,Emirates SkyCargo,EM1563,Cairo,Dubai,Egypt,UAE,North Africa,Middle East,Boeing 777-200LR,211,Government travel ban
2026-04-29,Gulf Air,GU4446,London,Nairobi,UK,Kenya,Europe,Africa,Boeing 737-800,327,Fuel supply disruption
2026-04-29,Emirates SkyCargo,EM8155,Karachi,Dubai,Pakistan,UAE,South Asia,Middle East,Airbus A330-300,339,Government travel ban
2026-04-29,Gulf Air,GU8792,São Paulo,Doha,Brazil,Qatar,Latin America,Middle East,Boeing 737 MAX 8,288,Crew duty-time exceedance after long reroutes
2026-04-29,Aeromexico,AE1944,Istanbul,Dubai,Turkey,UAE,Middle East,Middle East,Boeing 787-10 Dreamliner,199,Crew safety — company policy
2026-04-29,EgyptAir,EG3779,Delhi,Dubai,India,UAE,South Asia,Middle East,Airbus A321neo,305,Security risk — conflict zone
2026-04-29,Copa Airlines,CO1905,Frankfurt,Dubai,Germany,UAE,Europe,Middle East,Boeing 787-9 Dreamliner,252,Fuel supply disruption
2026-04-29,Iberia,IB3474,Karachi,Dubai,Pakistan,UAE,South Asia,Middle East,Airbus A380-800,218,Temporary corridor suspension — safety bulletin
2026-04-29,LATAM Airlines,LA2752,Dubai,Johannesburg,UAE,South Africa,Middle East,Africa,Airbus A340-600,153,Airport closure — military activity
2026-04-29,Jazeera Airways,JA2856,Riyadh,Islamabad,Saudi Arabia,Pakistan,Middle East,South Asia,Boeing 777-200LR,299,ATC flow restrictions — congestion
2026-04-30,Oman Air,OM3000,Shanghai,Paris,China,France,Asia Pacific,Europe,Airbus A320neo,187,ATC flow restrictions — congestion
2026-04-30,Turkish Airlines,TU4590,Dubai,Warsaw,UAE,Poland,Middle East,Europe,Boeing 777-300ER,308,ATC flow restrictions — congestion
2026-04-30,Vietnam Airlines,VI7677,London,Beijing,UK,China,Europe,Asia Pacific,Boeing 787-9 Dreamliner,256,ATC flow restrictions — congestion
2026-04-30,Cargolux,CA9454,Dubai,Tokyo,UAE,Japan,Middle East,Asia Pacific,Boeing 787-10 Dreamliner,357,Insurance restriction — war zone
2026-04-30,Air China,AI4753,Cairo,Dubai,Egypt,UAE,North Africa,Middle East,Airbus A321neo,170,Airport closure — military activity
2026-04-30,Pakistan International Airlines,PA4526,Delhi,Dubai,India,UAE,South Asia,Middle East,Boeing 777-300ER,427,Airport closure — military activity
2026-04-30,FedEx Express,FE1971,Tokyo,Singapore,Japan,Singapore,Asia Pacific,Asia Pacific,Boeing 737 MAX 8,335,Government travel ban
2026-04-30,Thai Airways,TH6029,Mumbai,Dubai,India,UAE,South Asia,Middle East,Boeing 787-9 Dreamliner,106,Airspace closure — NOTAM
2026-04-30,Atlas Air,AT7452,London,Johannesburg,UK,South Africa,Europe,Africa,Boeing 777-300ER,376,Airspace closure — NOTAM
2026-04-30,Etihad Airways,ET249,Shanghai,Doha,China,Qatar,Asia Pacific,Middle East,Boeing 787-10 Dreamliner,443,Diplomatic advisory — do not fly
2026-04-30,Air France,AI3511,Cairo,Riyadh,Egypt,Saudi Arabia,North Africa,Middle East,Airbus A330-300,405,Temporary corridor suspension — safety bulletin
2026-04-30,Singapore Airlines,SI9622,Dubai,Seoul,UAE,South Korea,Middle East,Asia Pacific,Airbus A320neo,320,Diplomatic advisory — do not fly
2026-04-30,Iran Air,IR4078,São Paulo,Dubai,Brazil,UAE,Latin America,Middle East,Airbus A330-300,109,Crew safety — company policy
2026-04-30,EgyptAir,EG4025,São Paulo,Doha,Brazil,Qatar,Latin America,Middle East,Boeing 787-10 Dreamliner,240,Airport closure — military activity
2026-04-30,TAP Air Portugal,TA483,London,Singapore,UK,Singapore,Europe,Asia Pacific,Boeing 777-300ER,432,Fuel supply disruption
2026-04-30,Japan Airlines,JA5258,Los Angeles,Singapore,USA,Singapore,North America,Asia Pacific,Airbus A320neo,328,Crew safety — company policy
2026-04-30,Air Arabia,AI1909,Bahrain,Dubai,Bahrain,UAE,Middle East,Middle East,Boeing 787-9 Dreamliner,378,Diplomatic advisory — do not fly
2026-04-30,Aeromexico,AE4064,Lahore,Doha,Pakistan,Qatar,South Asia,Middle East,Airbus A321neo,379,Airport closure — military activity
2026-04-30,Japan Airlines,JA2854,Mumbai,Doha,India,Qatar,South Asia,Middle East,Boeing 777-200LR,98,Temporary corridor suspension — safety bulletin
2026-04-30,Southwest Airlines,SO6476,Abu Dhabi,Sydney,UAE,Australia,Middle East,Asia Pacific,Airbus A340-600,377,Airport closure — military activity
2026-04-30,China Eastern,CH6968,Tokyo,London,Japan,UK,Asia Pacific,Europe,Airbus A380-800,96,Government travel ban
2026-04-30,Gulf Air,GU589,Bangkok,Dubai,Thailand,UAE,Asia Pacific,Middle East,Airbus A350-900,150,Fuel supply disruption
2026-04-30,Air India,AI1686,Madrid,Dubai,Spain,UAE,Europe,Middle East,Boeing 737 MAX 8,290,Airspace closure — NOTAM
2026-04-30,Aeroflot,AE8318,Nairobi,London,Kenya,UK,Africa,Europe,Airbus A320neo,238,Airport closure — military activity
2026-04-30,Air China,AI8510,Dubai,Beijing,UAE,China,Middle East,Asia Pacific,Airbus A330-300,222,Airspace closure — NOTAM
2026-04-30,Azul Brazilian Airlines,AZ889,Frankfurt,Dubai,Germany,UAE,Europe,Middle East,Boeing 737-800,219,Government travel ban
2026-04-30,China Southern,CH4982,Doha,Shanghai,Qatar,China,Middle East,Asia Pacific,Airbus A350-900,414,Government travel ban
2026-04-30,flydubai,FL7282,Karachi,Dubai,Pakistan,UAE,South Asia,Middle East,Boeing 787-10 Dreamliner,447,Diplomatic advisory — do not fly
2026-05-01,British Airways,BR2468,Madrid,Mexico City,Spain,Mexico,Europe,Latin America,Airbus A320neo,115,ATC flow restrictions — congestion
2026-05-01,Aeroflot,AE4350,Dubai,Singapore,UAE,Singapore,Middle East,Asia Pacific,Boeing 737 MAX 8,182,Security risk — conflict zone
2026-05-01,American Airlines,AM4512,Dubai,Addis Ababa,UAE,Ethiopia,Middle East,Africa,Boeing 737-800,352,Diplomatic advisory — do not fly
2026-05-01,Malaysia Airlines,MA6999,Dubai,Delhi,UAE,India,Middle East,South Asia,Airbus A350-900,202,Government travel ban
2026-05-01,Finnair,FI2204,Cairo,Kuwait City,Egypt,Kuwait,North Africa,Middle East,Airbus A321neo,251,ATC flow restrictions — congestion
2026-05-01,Aeromexico,AE1549,Los Angeles,London,USA,UK,North America,Europe,Airbus A330-300,300,Insurance restriction — war zone
2026-05-01,flydubai,FL6758,Addis Ababa,Doha,Ethiopia,Qatar,Africa,Middle East,Airbus A340-600,298,ATC flow restrictions — congestion
2026-05-01,Singapore Airlines,SI3809,Doha,New York,Qatar,USA,Middle East,North America,Airbus A320neo,399,Insurance restriction — war zone
2026-05-01,South African Airways,SO8328,Johannesburg,Dubai,South Africa,UAE,Africa,Middle East,Boeing 777-200LR,216,ATC flow restrictions — congestion
2026-05-01,Air India,AI4005,Dubai,Tokyo,UAE,Japan,Middle East,Asia Pacific,Boeing 737-800,225,Fuel supply disruption
2026-05-01,Mahan Air,MA8444,São Paulo,Doha,Brazil,Qatar,Latin America,Middle East,Airbus A320neo,280,Insurance restriction — war zone
2026-05-01,American Airlines,AM8308,London,Tokyo,UK,Japan,Europe,Asia Pacific,Airbus A320neo,159,Crew duty-time exceedance after long reroutes
2026-05-01,Southwest Airlines,SO2556,Dubai,Bahrain,UAE,Bahrain,Middle East,Middle East,Boeing 737-800,183,Diplomatic advisory — do not fly
2026-05-01,Pakistan International Airlines,PA6317,Los Angeles,Singapore,USA,Singapore,North America,Asia Pacific,Airbus A340-600,366,Fuel supply disruption
2026-05-01,flydubai,FL9015,London,Beijing,UK,China,Europe,Asia Pacific,Airbus A321neo,422,Government travel ban
2026-05-01,British Airways,BR8266,Singapore,Sydney,Singapore,Australia,Asia Pacific,Asia Pacific,Airbus A380-800,292,Airspace closure — NOTAM
2026-05-01,KLM,KL3116,Dubai,Toronto,UAE,Canada,Middle East,North America,Airbus A321neo,448,Airport closure — military activity
2026-05-02,KLM,KL259,Mumbai,Dubai,India,UAE,South Asia,Middle East,Boeing 787-10 Dreamliner,433,ATC flow restrictions — congestion
2026-05-02,Swiss International Air Lines,SW8627,Frankfurt,Dubai,Germany,UAE,Europe,Middle East,Boeing 777-300ER,261,Crew duty-time exceedance after long reroutes
2026-05-02,FedEx Express,FE2829,Helsinki,Dubai,Finland,UAE,Europe,Middle East,Boeing 737-800,183,Insurance restriction — war zone
2026-05-02,Ryanair,RY339,Shanghai,Doha,China,Qatar,Asia Pacific,Middle East,Airbus A380-800,141,Diplomatic advisory — do not fly
2026-05-02,Singapore Airlines,SI5550,Moscow,Dubai,Russia,UAE,Europe,Middle East,Airbus A350-900,411,Fuel supply disruption
2026-05-02,FedEx Express,FE4594,Dubai,Karachi,UAE,Pakistan,Middle East,South Asia,Airbus A321neo,273,Insurance restriction — war zone
2026-05-02,Japan Airlines,JA3792,Dubai,Paris,UAE,France,Middle East,Europe,Airbus A321neo,209,Security risk — conflict zone
2026-05-02,Vietnam Airlines,VI3509,Auckland,Singapore,New Zealand,Singapore,Asia Pacific,Asia Pacific,Airbus A321neo,229,Government travel ban
2026-05-02,Azul Brazilian Airlines,AZ9136,Doha,São Paulo,Qatar,Brazil,Middle East,Latin America,Boeing 737-800,314,Airport closure — military activity
2026-05-02,Kenya Airways,KE9042,Sydney,Singapore,Australia,Singapore,Asia Pacific,Asia Pacific,Boeing 737-800,262,Airport closure — military activity
2026-05-02,Air Canada,AI4648,Doha,Lisbon,Qatar,Portugal,Middle East,Europe,Airbus A321neo,268,Insurance restriction — war zone
2026-05-02,Emirates,EM8898,Dubai,Cairo,UAE,Egypt,Middle East,North Africa,Boeing 777-200LR,285,Security risk — conflict zone
2026-05-02,Ryanair,RY2829,Dubai,Johannesburg,UAE,South Africa,Middle East,Africa,Airbus A321neo,287,Crew safety — company policy
2026-05-02,Etihad Airways,ET7047,Toronto,Dubai,Canada,UAE,North America,Middle East,Airbus A320neo,244,Airspace closure — NOTAM
2026-05-02,Copa Airlines,CO7168,Delhi,Dubai,India,UAE,South Asia,Middle East,Boeing 737-800,144,Crew duty-time exceedance after long reroutes
2026-05-02,Swiss International Air Lines,SW104,Riyadh,Cairo,Saudi Arabia,Egypt,Middle East,North Africa,Boeing 777-200LR,275,Fuel supply disruption
2026-05-02,Saudi Arabian Airlines,SA1575,Tehran,Moscow,Iran,Russia,Middle East,Europe,Boeing 777-200LR,419,Diplomatic advisory — do not fly
2026-05-02,flynas,FL5132,Kuala Lumpur,Dubai,Malaysia,UAE,Asia Pacific,Middle East,Airbus A350-900,260,Government travel ban
2026-05-02,Ethiopian Airlines,ET5353,Mumbai,Dubai,India,UAE,South Asia,Middle East,Boeing 777-200LR,316,Insurance restriction — war zone
2026-05-02,Finnair,FI484,Dubai,Singapore,UAE,Singapore,Middle East,Asia Pacific,Airbus A320neo,399,Airport closure — military activity
2026-05-02,Japan Airlines,JA3934,Casablanca,Dubai,Morocco,UAE,Africa,Middle East,Airbus A340-600,157,Temporary corridor suspension — safety bulletin
2026-05-02,EgyptAir,EG7776,Madrid,Bogotá,Spain,Colombia,Europe,Latin America,Airbus A320neo,359,Temporary corridor suspension — safety bulletin
2026-05-02,Lufthansa,LU2878,Dubai,Mumbai,UAE,India,Middle East,South Asia,Airbus A321neo,230,Crew duty-time exceedance after long reroutes
2026-05-03,Kuwait Airways,KU9466,Sydney,Abu Dhabi,Australia,UAE,Asia Pacific,Middle East,Boeing 737-800,164,Government travel ban
2026-05-03,Iran Air,IR6830,Doha,Toronto,Qatar,Canada,Middle East,North America,Boeing 737-800,407,Security risk — conflict zone
2026-05-03,Saudi Arabian Airlines,SA6594,Johannesburg,London,South Africa,UK,Africa,Europe,Boeing 777-200LR,149,Fuel supply disruption
2026-05-03,Malaysia Airlines,MA2140,Nairobi,London,Kenya,UK,Africa,Europe,Boeing 787-9 Dreamliner,189,Airspace closure — NOTAM
2026-05-03,Kuwait Airways,KU1035,Santiago,London,Chile,UK,Latin America,Europe,Airbus A380-800,327,Airspace closure — NOTAM
2026-05-03,Pakistan International Airlines,PA4627,Dubai,Kuala Lumpur,UAE,Malaysia,Middle East,Asia Pacific,Airbus A380-800,150,Security risk — conflict zone
2026-05-03,China Eastern,CH9220,Paris,Shanghai,France,China,Europe,Asia Pacific,Airbus A321neo,120,Fuel supply disruption
2026-05-03,Iberia,IB4065,Lahore,Doha,Pakistan,Qatar,South Asia,Middle East,Airbus A320neo,447,Fuel supply disruption
2026-05-03,Emirates SkyCargo,EM2533,Johannesburg,London,South Africa,UK,Africa,Europe,Boeing 777-200LR,315,Diplomatic advisory — do not fly
2026-05-03,Avianca,AV4887,Cairo,Dubai,Egypt,UAE,North Africa,Middle East,Boeing 787-9 Dreamliner,247,Temporary corridor suspension — safety bulletin
2026-05-03,South African Airways,SO7855,Paris,Doha,France,Qatar,Europe,Middle East,Airbus A330-300,168,Security risk — conflict zone
2026-05-03,Cargolux,CA236,Dubai,Toronto,UAE,Canada,Middle East,North America,Boeing 737-800,165,ATC flow restrictions — congestion
2026-05-03,SpiceJet,SP3031,Abu Dhabi,London,UAE,UK,Middle East,Europe,Airbus A350-900,328,ATC flow restrictions — congestion
2026-05-03,flydubai,FL3251,Dubai,Casablanca,UAE,Morocco,Middle East,Africa,Boeing 737 MAX 8,210,Airspace closure — NOTAM
2026-05-03,Lufthansa,LU5632,Cairo,Kuwait City,Egypt,Kuwait,North Africa,Middle East,Boeing 777-200LR,419,Airspace closure — NOTAM
2026-05-03,United Airlines,UN352,Doha,New York,Qatar,USA,Middle East,North America,Boeing 787-9 Dreamliner,111,Security risk — conflict zone
2026-05-03,South African Airways,SO8321,Tokyo,Singapore,Japan,Singapore,Asia Pacific,Asia Pacific,Airbus A330-300,397,Fuel supply disruption
2026-05-03,Jazeera Airways,JA6425,Doha,Seoul,Qatar,South Korea,Middle East,Asia Pacific,Boeing 777-300ER,223,Crew duty-time exceedance after long reroutes
2026-05-04,Southwest Airlines,SO9949,London,São Paulo,UK,Brazil,Europe,Latin America,Boeing 737 MAX 8,166,Insurance restriction — war zone
2026-05-04,Korean Air,KO1726,Riyadh,Cairo,Saudi Arabia,Egypt,Middle East,North Africa,Airbus A340-600,387,Insurance restriction — war zone
2026-05-04,Pakistan International Airlines,PA3311,Dubai,Paris,UAE,France,Middle East,Europe,Boeing 777-300ER,332,Government travel ban
2026-05-04,Wizz Air,WI3168,New York,Doha,USA,Qatar,North America,Middle East,Boeing 737-800,235,Temporary corridor suspension — safety bulletin
2026-05-04,SAS,SA3978,Cairo,Riyadh,Egypt,Saudi Arabia,North Africa,Middle East,Airbus A380-800,307,Fuel supply disruption
2026-05-04,easyJet,EA1667,Shanghai,Dubai,China,UAE,Asia Pacific,Middle East,Airbus A330-300,187,Diplomatic advisory — do not fly
2026-05-04,WestJet,WE959,London,Riyadh,UK,Saudi Arabia,Europe,Middle East,Airbus A320neo,134,Diplomatic advisory — do not fly
2026-05-04,Kuwait Airways,KU5184,New York,Dubai,USA,UAE,North America,Middle East,Boeing 737 MAX 8,256,Crew duty-time exceedance after long reroutes
2026-05-04,Royal Air Maroc,RO2331,London,Addis Ababa,UK,Ethiopia,Europe,Africa,Airbus A330-300,188,Crew safety — company policy
2026-05-04,Korean Air,KO4829,Muscat,London,Oman,UK,Middle East,Europe,Airbus A321neo,264,Security risk — conflict zone
2026-05-04,Atlas Air,AT2810,London,Los Angeles,UK,USA,Europe,North America,Airbus A380-800,404,Security risk — conflict zone
2026-05-04,Malaysia Airlines,MA2111,Madrid,Doha,Spain,Qatar,Europe,Middle East,Boeing 787-10 Dreamliner,252,Diplomatic advisory — do not fly
2026-05-04,EgyptAir,EG9312,Sydney,Abu Dhabi,Australia,UAE,Asia Pacific,Middle East,Boeing 787-9 Dreamliner,358,Security risk — conflict zone
2026-05-04,Royal Air Maroc,RO1158,Dubai,Delhi,UAE,India,Middle East,South Asia,Airbus A320neo,132,Government travel ban
2026-05-04,Finnair,FI9283,Doha,São Paulo,Qatar,Brazil,Middle East,Latin America,Airbus A330-300,233,Diplomatic advisory — do not fly
2026-05-04,Copa Airlines,CO8221,Dubai,Casablanca,UAE,Morocco,Middle East,Africa,Airbus A350-900,221,Insurance restriction — war zone
2026-05-04,Lufthansa,LU1868,Cairo,Riyadh,Egypt,Saudi Arabia,North Africa,Middle East,Airbus A320neo,234,Insurance restriction — war zone
2026-05-04,Air Algerie,AI6326,Mumbai,Dubai,India,UAE,South Asia,Middle East,Boeing 737 MAX 8,249,Crew duty-time exceedance after long reroutes
2026-05-04,American Airlines,AM1101,Los Angeles,London,USA,UK,North America,Europe,Airbus A350-900,273,Crew safety — company policy
2026-05-04,Jazeera Airways,JA9640,Dubai,São Paulo,UAE,Brazil,Middle East,Latin America,Boeing 777-300ER,447,Insurance restriction — war zone
2026-05-04,China Southern,CH3527,London,Abu Dhabi,UK,UAE,Europe,Middle East,Boeing 737-800,309,Crew duty-time exceedance after long reroutes
2026-05-04,Ethiopian Airlines,ET7063,Dubai,Guangzhou,UAE,China,Middle East,Asia Pacific,Boeing 737 MAX 8,271,Airspace closure — NOTAM
2026-05-04,UPS Airlines,UP9083,Doha,Addis Ababa,Qatar,Ethiopia,Middle East,Africa,Boeing 737-800,291,Diplomatic advisory — do not fly
2026-05-04,Delta Air Lines,DE7119,Riyadh,Islamabad,Saudi Arabia,Pakistan,Middle East,South Asia,Boeing 787-10 Dreamliner,231,Crew safety — company policy
2026-05-04,SpiceJet,SP3246,Frankfurt,Dubai,Germany,UAE,Europe,Middle East,Airbus A320neo,162,Airspace closure — NOTAM
2026-05-04,Kenya Airways,KE1345,Singapore,Auckland,Singapore,New Zealand,Asia Pacific,Asia Pacific,Boeing 787-9 Dreamliner,407,Security risk — conflict zone
2026-05-05,Kuwait Airways,KU8171,Addis Ababa,London,Ethiopia,UK,Africa,Europe,Airbus A330-300,163,Fuel supply disruption
2026-05-05,Mahan Air,MA1816,Shanghai,Dubai,China,UAE,Asia Pacific,Middle East,Airbus A340-600,92,ATC flow restrictions — congestion
2026-05-05,Qatar Airways,QA7662,Tehran,Moscow,Iran,Russia,Middle East,Europe,Airbus A380-800,435,Government travel ban
2026-05-05,Air Arabia,AI6843,Dubai,Auckland,UAE,New Zealand,Middle East,Asia Pacific,Airbus A340-600,328,Airspace closure — NOTAM
2026-05-05,United Airlines,UN1855,Madrid,Dubai,Spain,UAE,Europe,Middle East,Airbus A380-800,340,Crew safety — company policy
2026-05-05,SpiceJet,SP8026,Karachi,Istanbul,Pakistan,Turkey,South Asia,Middle East,Boeing 777-200LR,420,Fuel supply disruption
2026-05-05,flynas,FL5944,Karachi,Dubai,Pakistan,UAE,South Asia,Middle East,Boeing 737-800,290,Government travel ban
2026-05-05,SpiceJet,SP1740,Bangkok,Dubai,Thailand,UAE,Asia Pacific,Middle East,Boeing 737-800,311,Fuel supply disruption
2026-05-05,Etihad Airways,ET6895,Paris,Doha,France,Qatar,Europe,Middle East,Airbus A350-900,426,Airspace closure — NOTAM
2026-05-05,Aeromexico,AE9993,Paris,Doha,France,Qatar,Europe,Middle East,Airbus A320neo,308,Airspace closure — NOTAM
2026-05-05,flydubai,FL3437,Delhi,Dubai,India,UAE,South Asia,Middle East,Airbus A380-800,296,Government travel ban
2026-05-05,Air Algerie,AI9129,Madrid,Mexico City,Spain,Mexico,Europe,Latin America,Boeing 737 MAX 8,349,Insurance restriction — war zone
2026-05-05,Copa Airlines,CO1274,Chicago,Dubai,USA,UAE,North America,Middle East,Boeing 777-200LR,433,Security risk — conflict zone
2026-05-05,TAP Air Portugal,TA2177,Moscow,Dubai,Russia,UAE,Europe,Middle East,Airbus A330-300,385,Government travel ban
2026-05-05,Aeroflot,AE1701,Kuala Lumpur,Dubai,Malaysia,UAE,Asia Pacific,Middle East,Boeing 777-300ER,129,Fuel supply disruption
2026-05-05,Azul Brazilian Airlines,AZ6469,Dubai,Singapore,UAE,Singapore,Middle East,Asia Pacific,Boeing 777-300ER,141,Diplomatic advisory — do not fly
2026-05-05,Malaysia Airlines,MA6663,São Paulo,London,Brazil,UK,Latin America,Europe,Boeing 787-9 Dreamliner,91,Airport closure — military activity
2026-05-05,Emirates,EM1587,Tokyo,Dubai,Japan,UAE,Asia Pacific,Middle East,Boeing 777-200LR,144,Diplomatic advisory — do not fly
2026-05-05,Air India,AI110,Moscow,Dubai,Russia,UAE,Europe,Middle East,Airbus A320neo,266,Security risk — conflict zone
2026-05-05,flydubai,FL2817,Bangkok,Dubai,Thailand,UAE,Asia Pacific,Middle East,Boeing 777-200LR,103,Security risk — conflict zone
2026-05-05,Vietnam Airlines,VI8200,Shanghai,Dubai,China,UAE,Asia Pacific,Middle East,Airbus A321neo,432,Government travel ban
2026-05-05,Iran Air,IR9302,Istanbul,Tehran,Turkey,Iran,Middle East,Middle East,Airbus A380-800,133,ATC flow restrictions — congestion
2026-05-05,SpiceJet,SP9126,Warsaw,Dubai,Poland,UAE,Europe,Middle East,Airbus A320neo,422,Crew safety — company policy
2026-05-05,FedEx Express,FE2957,Dubai,São Paulo,UAE,Brazil,Middle East,Latin America,Boeing 777-200LR,242,ATC flow restrictions — congestion
2026-05-05,Air Canada,AI1130,Johannesburg,Dubai,South Africa,UAE,Africa,Middle East,Airbus A320neo,104,Government travel ban
2026-05-06,South African Airways,SO7253,Dubai,Hanoi,UAE,Vietnam,Middle East,Asia Pacific,Boeing 787-10 Dreamliner,334,Fuel supply disruption
2026-05-06,Delta Air Lines,DE7913,Riyadh,New York,Saudi Arabia,USA,Middle East,North America,Boeing 777-200LR,210,Crew safety — company policy
2026-05-06,Copa Airlines,CO7387,Auckland,Dubai,New Zealand,UAE,Asia Pacific,Middle East,Boeing 777-200LR,204,Insurance restriction — war zone
2026-05-06,LOT Polish Airlines,LO2267,Beijing,Frankfurt,China,Germany,Asia Pacific,Europe,Airbus A350-900,439,Crew duty-time exceedance after long reroutes
2026-05-06,IndiGo,IN1655,Kuwait City,London,Kuwait,UK,Middle East,Europe,Airbus A330-300,245,Crew duty-time exceedance after long reroutes
2026-05-06,flynas,FL2308,Dubai,Singapore,UAE,Singapore,Middle East,Asia Pacific,Boeing 737 MAX 8,205,Insurance restriction — war zone
2026-05-06,Air Canada,AI5048,Doha,Los Angeles,Qatar,USA,Middle East,North America,Boeing 777-300ER,398,Crew safety — company policy
2026-05-06,Singapore Airlines,SI234,London,Muscat,UK,Oman,Europe,Middle East,Boeing 737 MAX 8,103,Temporary corridor suspension — safety bulletin
2026-05-06,Pakistan International Airlines,PA7362,London,Beijing,UK,China,Europe,Asia Pacific,Airbus A330-300,392,ATC flow restrictions — congestion
2026-05-06,flydubai,FL5920,Karachi,Dubai,Pakistan,UAE,South Asia,Middle East,Boeing 737 MAX 8,151,Security risk — conflict zone
2026-05-06,Azul Brazilian Airlines,AZ7279,Doha,Lahore,Qatar,Pakistan,Middle East,South Asia,Airbus A320neo,359,Airport closure — military activity
2026-05-06,Air Arabia,AI2905,Dubai,Nairobi,UAE,Kenya,Middle East,Africa,Boeing 737 MAX 8,385,Airspace closure — NOTAM
2026-05-06,easyJet,EA9800,Madrid,Dubai,Spain,UAE,Europe,Middle East,Airbus A321neo,245,Government travel ban
2026-05-06,Turkish Airlines,TU3037,Moscow,Dubai,Russia,UAE,Europe,Middle East,Boeing 777-200LR,135,Temporary corridor suspension — safety bulletin
2026-05-06,Air India,AI280,Dubai,Bangkok,UAE,Thailand,Middle East,Asia Pacific,Boeing 777-300ER,268,Crew safety — company policy
2026-05-06,Royal Air Maroc,RO7653,Seoul,Dubai,South Korea,UAE,Asia Pacific,Middle East,Airbus A330-300,171,Airspace closure — NOTAM
2026-05-06,Turkish Airlines,TU9401,Doha,Mumbai,Qatar,India,Middle East,South Asia,Boeing 787-9 Dreamliner,425,Crew safety — company policy
2026-05-06,United Airlines,UN8785,Kuala Lumpur,Dubai,Malaysia,UAE,Asia Pacific,Middle East,Boeing 787-10 Dreamliner,449,Government travel ban
2026-05-06,China Eastern,CH8225,Sydney,Singapore,Australia,Singapore,Asia Pacific,Asia Pacific,Airbus A380-800,433,Airport closure — military activity
2026-05-07,American Airlines,AM1497,London,Santiago,UK,Chile,Europe,Latin America,Boeing 737 MAX 8,307,Temporary corridor suspension — safety bulletin
2026-05-07,Cargolux,CA4386,Paris,Beirut,France,Lebanon,Europe,Middle East,Boeing 777-200LR,335,Crew safety — company policy
2026-05-07,Aeromexico,AE8047,Delhi,Dubai,India,UAE,South Asia,Middle East,Boeing 787-9 Dreamliner,374,Diplomatic advisory — do not fly
2026-05-07,Malaysia Airlines,MA5812,Riyadh,London,Saudi Arabia,UK,Middle East,Europe,Boeing 787-10 Dreamliner,82,Insurance restriction — war zone
2026-05-07,DHL Aviation,DH5318,Paris,Casablanca,France,Morocco,Europe,Africa,Airbus A380-800,87,Government travel ban
2026-05-07,Gulf Air,GU3888,Dubai,Zurich,UAE,Switzerland,Middle East,Europe,Airbus A321neo,437,Fuel supply disruption
2026-05-07,Ryanair,RY334,Mumbai,Kuwait City,India,Kuwait,South Asia,Middle East,Airbus A340-600,142,Crew safety — company policy
2026-05-07,easyJet,EA2136,Bogotá,Madrid,Colombia,Spain,Latin America,Europe,Boeing 777-200LR,393,Temporary corridor suspension — safety bulletin
2026-05-07,Wizz Air,WI4650,Dubai,Madrid,UAE,Spain,Middle East,Europe,Airbus A321neo,208,Crew safety — company policy
2026-05-07,WestJet,WE5045,Helsinki,Dubai,Finland,UAE,Europe,Middle East,Boeing 737-800,433,Insurance restriction — war zone
2026-05-07,SpiceJet,SP3076,São Paulo,Dubai,Brazil,UAE,Latin America,Middle East,Airbus A330-300,377,Airport closure — military activity
2026-05-07,South African Airways,SO5333,Islamabad,Dubai,Pakistan,UAE,South Asia,Middle East,Airbus A380-800,296,Fuel supply disruption
2026-05-07,British Airways,BR3056,Kuala Lumpur,London,Malaysia,UK,Asia Pacific,Europe,Airbus A380-800,389,Diplomatic advisory — do not fly
2026-05-07,DHL Aviation,DH714,Madrid,Mexico City,Spain,Mexico,Europe,Latin America,Boeing 787-10 Dreamliner,168,Security risk — conflict zone
2026-05-07,Azul Brazilian Airlines,AZ607,Moscow,Doha,Russia,Qatar,Europe,Middle East,Airbus A340-600,174,Security risk — conflict zone
2026-05-07,Japan Airlines,JA2933,Doha,Paris,Qatar,France,Middle East,Europe,Boeing 777-300ER,216,Temporary corridor suspension — safety bulletin
2026-05-07,Gulf Air,GU4980,Dubai,Karachi,UAE,Pakistan,Middle East,South Asia,Airbus A321neo,322,Temporary corridor suspension — safety bulletin
2026-05-07,Aeromexico,AE338,New York,Doha,USA,Qatar,North America,Middle East,Airbus A330-300,143,Airspace closure — NOTAM
2026-05-07,Cargolux,CA3650,Johannesburg,Dubai,South Africa,UAE,Africa,Middle East,Airbus A320neo,140,ATC flow restrictions — congestion
2026-05-07,China Eastern,CH5035,Doha,Lahore,Qatar,Pakistan,Middle East,South Asia,Airbus A350-900,215,Crew duty-time exceedance after long reroutes
2026-05-07,Emirates,EM9765,London,Tokyo,UK,Japan,Europe,Asia Pacific,Airbus A350-900,107,Crew safety — company policy
2026-05-07,SpiceJet,SP4494,Johannesburg,London,South Africa,UK,Africa,Europe,Boeing 787-10 Dreamliner,294,Crew safety — company policy
2026-05-07,Southwest Airlines,SO3727,Beijing,Frankfurt,China,Germany,Asia Pacific,Europe,Airbus A350-900,319,Government travel ban
2026-05-08,Iran Air,IR7407,Abu Dhabi,London,UAE,UK,Middle East,Europe,Boeing 777-300ER,267,Fuel supply disruption
2026-05-08,Garuda Indonesia,GA6953,Washington,Abu Dhabi,USA,UAE,North America,Middle East,Airbus A380-800,382,ATC flow restrictions — congestion
2026-05-08,Turkish Airlines,TU5925,Riyadh,New York,Saudi Arabia,USA,Middle East,North America,Boeing 787-10 Dreamliner,151,Airspace closure — NOTAM
2026-05-08,South African Airways,SO1913,Doha,Madrid,Qatar,Spain,Middle East,Europe,Boeing 737 MAX 8,110,Fuel supply disruption
2026-05-08,Ryanair,RY8500,Doha,New York,Qatar,USA,Middle East,North America,Airbus A321neo,256,Government travel ban
2026-05-08,South African Airways,SO3963,London,Singapore,UK,Singapore,Europe,Asia Pacific,Boeing 787-9 Dreamliner,311,Airport closure — military activity
2026-05-08,Iberia,IB9309,Doha,Shanghai,Qatar,China,Middle East,Asia Pacific,Boeing 787-10 Dreamliner,444,Security risk — conflict zone
2026-05-08,Emirates,EM2004,Dubai,Frankfurt,UAE,Germany,Middle East,Europe,Boeing 737-800,321,Airspace closure — NOTAM
2026-05-08,Royal Air Maroc,RO7808,Delhi,Dubai,India,UAE,South Asia,Middle East,Airbus A350-900,184,Fuel supply disruption
2026-05-08,Ethiopian Airlines,ET416,Warsaw,Dubai,Poland,UAE,Europe,Middle East,Airbus A320neo,133,ATC flow restrictions — congestion
2026-05-08,KLM,KL978,Singapore,Auckland,Singapore,New Zealand,Asia Pacific,Asia Pacific,Airbus A380-800,428,Insurance restriction — war zone
2026-05-08,WestJet,WE8492,Doha,São Paulo,Qatar,Brazil,Middle East,Latin America,Airbus A330-300,165,Airspace closure — NOTAM
2026-05-08,Aeroflot,AE6833,Dubai,Tokyo,UAE,Japan,Middle East,Asia Pacific,Boeing 787-9 Dreamliner,140,ATC flow restrictions — congestion
2026-05-08,Wizz Air,WI1431,Dubai,Cairo,UAE,Egypt,Middle East,North Africa,Boeing 777-200LR,132,Crew duty-time exceedance after long reroutes
2026-05-08,SpiceJet,SP1681,Lisbon,Doha,Portugal,Qatar,Europe,Middle East,Boeing 737-800,244,Crew safety — company policy
2026-05-08,Japan Airlines,JA855,Bogotá,Madrid,Colombia,Spain,Latin America,Europe,Airbus A380-800,147,Insurance restriction — war zone
2026-05-08,Cathay Pacific,CA6448,London,Bahrain,UK,Bahrain,Europe,Middle East,Boeing 737 MAX 8,432,Government travel ban
2026-05-08,ANA,AN6556,Paris,Dubai,France,UAE,Europe,Middle East,Airbus A320neo,312,Airspace closure — NOTAM
2026-05-08,Swiss International Air Lines,SW6756,São Paulo,Dubai,Brazil,UAE,Latin America,Middle East,Airbus A321neo,212,Security risk — conflict zone
2026-05-08,Air India,AI1928,Dubai,Addis Ababa,UAE,Ethiopia,Middle East,Africa,Airbus A340-600,257,Crew safety — company policy
2026-05-08,Asiana Airlines,AS8053,Riyadh,Islamabad,Saudi Arabia,Pakistan,Middle East,South Asia,Airbus A350-900,436,Insurance restriction — war zone
2026-05-08,American Airlines,AM1230,Dubai,Sydney,UAE,Australia,Middle East,Asia Pacific,Boeing 737-800,199,Fuel supply disruption
2026-05-08,Air Algerie,AI5378,London,Singapore,UK,Singapore,Europe,Asia Pacific,Boeing 787-10 Dreamliner,370,Airport closure — military activity
2026-05-08,Azul Brazilian Airlines,AZ7866,Nairobi,London,Kenya,UK,Africa,Europe,Boeing 777-300ER,156,Temporary corridor suspension — safety bulletin
2026-05-09,Air Arabia,AI3305,Johannesburg,Dubai,South Africa,UAE,Africa,Middle East,Airbus A380-800,401,Security risk — conflict zone
2026-05-09,Avianca,AV2448,Los Angeles,Doha,USA,Qatar,North America,Middle East,Airbus A340-600,317,Security risk — conflict zone
2026-05-09,Iberia,IB9547,New York,Riyadh,USA,Saudi Arabia,North America,Middle East,Boeing 737 MAX 8,84,Crew safety — company policy
2026-05-09,flydubai,FL6115,Paris,Shanghai,France,China,Europe,Asia Pacific,Boeing 777-300ER,384,Temporary corridor suspension — safety bulletin
2026-05-09,Thai Airways,TH4940,Madrid,Doha,Spain,Qatar,Europe,Middle East,Airbus A320neo,234,Government travel ban
2026-05-09,Qantas,QA2539,Karachi,Dubai,Pakistan,UAE,South Asia,Middle East,Airbus A320neo,149,Fuel supply disruption
2026-05-09,Air Arabia,AI1405,Dubai,Kuala Lumpur,UAE,Malaysia,Middle East,Asia Pacific,Airbus A380-800,307,Airspace closure — NOTAM
2026-05-09,Swiss International Air Lines,SW3883,London,Los Angeles,UK,USA,Europe,North America,Boeing 777-200LR,147,Diplomatic advisory — do not fly
2026-05-09,United Airlines,UN5357,Amman,Dubai,Jordan,UAE,Middle East,Middle East,Airbus A380-800,280,Airport closure — military activity
2026-05-09,Air Canada,AI7070,Paris,Shanghai,France,China,Europe,Asia Pacific,Airbus A320neo,438,Insurance restriction — war zone
2026-05-09,IndiGo,IN7781,Vancouver,Dubai,Canada,UAE,North America,Middle East,Airbus A340-600,151,Airspace closure — NOTAM
2026-05-09,Cathay Pacific,CA3051,Singapore,Auckland,Singapore,New Zealand,Asia Pacific,Asia Pacific,Airbus A380-800,334,Airspace closure — NOTAM
2026-05-09,ANA,AN2256,Bangkok,Dubai,Thailand,UAE,Asia Pacific,Middle East,Boeing 787-9 Dreamliner,279,Crew safety — company policy
2026-05-09,American Airlines,AM7810,Madrid,Doha,Spain,Qatar,Europe,Middle East,Boeing 737 MAX 8,151,Fuel supply disruption
2026-05-09,EgyptAir,EG4433,Riyadh,Cairo,Saudi Arabia,Egypt,Middle East,North Africa,Boeing 777-300ER,240,Government travel ban
2026-05-09,China Eastern,CH2783,Chicago,Dubai,USA,UAE,North America,Middle East,Boeing 777-300ER,398,Insurance restriction — war zone
2026-05-09,Royal Air Maroc,RO5933,Warsaw,Dubai,Poland,UAE,Europe,Middle East,Boeing 737 MAX 8,429,ATC flow restrictions — congestion
2026-05-09,United Airlines,UN9368,Dubai,Beijing,UAE,China,Middle East,Asia Pacific,Boeing 787-10 Dreamliner,365,Crew duty-time exceedance after long reroutes
2026-05-09,Pakistan International Airlines,PA4899,Dubai,Hanoi,UAE,Vietnam,Middle East,Asia Pacific,Boeing 777-300ER,322,Temporary corridor suspension — safety bulletin
2026-05-09,Singapore Airlines,SI8674,Amman,Dubai,Jordan,UAE,Middle East,Middle East,Boeing 777-300ER,196,Security risk — conflict zone
2026-05-09,Qatar Airways,QA2441,London,Bahrain,UK,Bahrain,Europe,Middle East,Airbus A340-600,143,Diplomatic advisory — do not fly
2026-05-10,Air New Zealand,AI224,Warsaw,Dubai,Poland,UAE,Europe,Middle East,Airbus A340-600,366,Airspace closure — NOTAM
2026-05-10,Air Arabia,AI7929,London,Beijing,UK,China,Europe,Asia Pacific,Airbus A321neo,384,Diplomatic advisory — do not fly
2026-05-10,WestJet,WE3722,Warsaw,Dubai,Poland,UAE,Europe,Middle East,Airbus A330-300,132,ATC flow restrictions — congestion
2026-05-10,Cargolux,CA9398,Tokyo,Dubai,Japan,UAE,Asia Pacific,Middle East,Boeing 787-10 Dreamliner,224,Security risk — conflict zone
2026-05-10,American Airlines,AM6073,Addis Ababa,London,Ethiopia,UK,Africa,Europe,Boeing 737-800,334,Airspace closure — NOTAM
2026-05-10,Air France,AI9838,Riyadh,Islamabad,Saudi Arabia,Pakistan,Middle East,South Asia,Airbus A321neo,134,Airport closure — military activity
2026-05-10,EgyptAir,EG5281,Dubai,Casablanca,UAE,Morocco,Middle East,Africa,Airbus A350-900,314,Government travel ban
2026-05-10,LATAM Airlines,LA7374,Stockholm,Dubai,Sweden,UAE,Europe,Middle East,Boeing 737 MAX 8,112,Fuel supply disruption
2026-05-10,Pakistan International Airlines,PA3922,Santiago,Dubai,Chile,UAE,Latin America,Middle East,Boeing 787-10 Dreamliner,204,Crew safety — company policy
2026-05-10,TAP Air Portugal,TA4310,Mumbai,Kuwait City,India,Kuwait,South Asia,Middle East,Airbus A350-900,378,Airspace closure — NOTAM
2026-05-10,Aeroflot,AE2886,Doha,Toronto,Qatar,Canada,Middle East,North America,Airbus A330-300,287,Security risk — conflict zone
2026-05-10,Azul Brazilian Airlines,AZ9695,London,Seoul,UK,South Korea,Europe,Asia Pacific,Airbus A340-600,226,Insurance restriction — war zone
2026-05-10,Korean Air,KO2893,Sydney,Dubai,Australia,UAE,Asia Pacific,Middle East,Airbus A350-900,82,Temporary corridor suspension — safety bulletin
2026-05-10,Air Algerie,AI210,Johannesburg,Dubai,South Africa,UAE,Africa,Middle East,Boeing 787-10 Dreamliner,137,Temporary corridor suspension — safety bulletin
2026-05-10,Garuda Indonesia,GA1287,Hanoi,Dubai,Vietnam,UAE,Asia Pacific,Middle East,Airbus A380-800,263,Insurance restriction — war zone
2026-05-10,Korean Air,KO7080,Shanghai,Dubai,China,UAE,Asia Pacific,Middle East,Boeing 787-9 Dreamliner,107,Airport closure — military activity
2026-05-10,Aeroflot,AE858,São Paulo,Doha,Brazil,Qatar,Latin America,Middle East,Airbus A340-600,417,Crew safety — company policy
2026-05-10,South African Airways,SO1486,Islamabad,Riyadh,Pakistan,Saudi Arabia,South Asia,Middle East,Airbus A340-600,333,Crew safety — company policy
2026-05-10,LATAM Airlines,LA4029,London,Toronto,UK,Canada,Europe,North America,Airbus A330-300,387,Security risk — conflict zone
2026-05-11,Saudi Arabian Airlines,SA1762,London,Nairobi,UK,Kenya,Europe,Africa,Boeing 787-9 Dreamliner,191,Diplomatic advisory — do not fly
2026-05-11,Iran Air,IR7941,Dubai,Kuala Lumpur,UAE,Malaysia,Middle East,Asia Pacific,Boeing 787-10 Dreamliner,333,Temporary corridor suspension — safety bulletin
2026-05-11,Air Arabia,AI8037,Madrid,Doha,Spain,Qatar,Europe,Middle East,Airbus A320neo,185,Diplomatic advisory — do not fly
2026-05-11,China Eastern,CH5974,Delhi,Istanbul,India,Turkey,South Asia,Middle East,Boeing 737 MAX 8,123,Crew safety — company policy
2026-05-11,Oman Air,OM1028,Cairo,Kuwait City,Egypt,Kuwait,North Africa,Middle East,Boeing 737-800,168,Insurance restriction — war zone
2026-05-11,Finnair,FI1491,Riyadh,Islamabad,Saudi Arabia,Pakistan,Middle East,South Asia,Airbus A330-300,273,Insurance restriction — war zone
2026-05-11,TAP Air Portugal,TA197,Tehran,Beijing,Iran,China,Middle East,Asia Pacific,Boeing 737 MAX 8,255,Security risk — conflict zone
2026-05-11,Iran Air,IR4688,London,Kuala Lumpur,UK,Malaysia,Europe,Asia Pacific,Boeing 787-10 Dreamliner,139,ATC flow restrictions — congestion
2026-05-11,ANA,AN465,Kuala Lumpur,London,Malaysia,UK,Asia Pacific,Europe,Boeing 737-800,152,Crew duty-time exceedance after long reroutes
2026-05-11,LATAM Airlines,LA6884,London,Kuwait City,UK,Kuwait,Europe,Middle East,Airbus A320neo,409,Diplomatic advisory — do not fly
2026-05-11,Air New Zealand,AI4091,Dubai,Vancouver,UAE,Canada,Middle East,North America,Airbus A321neo,196,Temporary corridor suspension — safety bulletin
2026-05-11,Wizz Air,WI4155,Addis Ababa,Dubai,Ethiopia,UAE,Africa,Middle East,Boeing 777-300ER,293,Fuel supply disruption
2026-05-11,Japan Airlines,JA6036,Doha,São Paulo,Qatar,Brazil,Middle East,Latin America,Boeing 737 MAX 8,295,Airport closure — military activity
2026-05-11,Aeroflot,AE294,Paris,Doha,France,Qatar,Europe,Middle East,Airbus A380-800,149,Airspace closure — NOTAM
2026-05-11,Qatar Airways,QA187,Karachi,Dubai,Pakistan,UAE,South Asia,Middle East,Boeing 737 MAX 8,153,Security risk — conflict zone
2026-05-11,flynas,FL3296,Dubai,Addis Ababa,UAE,Ethiopia,Middle East,Africa,Airbus A321neo,356,Airspace closure — NOTAM
2026-05-11,American Airlines,AM9665,London,Muscat,UK,Oman,Europe,Middle East,Airbus A321neo,134,ATC flow restrictions — congestion
2026-05-12,Qatar Airways,QA2787,London,Beijing,UK,China,Europe,Asia Pacific,Boeing 777-300ER,133,Airspace closure — NOTAM
2026-05-12,Atlas Air,AT5077,Moscow,Tehran,Russia,Iran,Europe,Middle East,Boeing 737 MAX 8,240,Diplomatic advisory — do not fly
2026-05-12,EgyptAir,EG8104,Bahrain,Dubai,Bahrain,UAE,Middle East,Middle East,Airbus A330-300,440,Government travel ban
2026-05-12,Avianca,AV2264,Doha,London,Qatar,UK,Middle East,Europe,Airbus A330-300,82,ATC flow restrictions — congestion
2026-05-12,Cathay Pacific,CA1112,Singapore,London,Singapore,UK,Asia Pacific,Europe,Boeing 777-200LR,163,Airport closure — military activity
2026-05-12,Gulf Air,GU725,London,Los Angeles,UK,USA,Europe,North America,Airbus A321neo,295,ATC flow restrictions — congestion
2026-05-12,Asiana Airlines,AS3195,London,Sydney,UK,Australia,Europe,Asia Pacific,Airbus A320neo,291,Airport closure — military activity
2026-05-12,Oman Air,OM3450,London,Santiago,UK,Chile,Europe,Latin America,Boeing 787-10 Dreamliner,113,Fuel supply disruption
2026-05-12,Cathay Pacific,CA9153,Bahrain,London,Bahrain,UK,Middle East,Europe,Airbus A321neo,238,Insurance restriction — war zone
2026-05-12,Saudi Arabian Airlines,SA1033,Santiago,London,Chile,UK,Latin America,Europe,Airbus A320neo,257,Government travel ban
2026-05-12,Cathay Pacific,CA8869,Karachi,Dubai,Pakistan,UAE,South Asia,Middle East,Airbus A380-800,293,ATC flow restrictions — congestion
2026-05-12,Garuda Indonesia,GA7823,Bahrain,London,Bahrain,UK,Middle East,Europe,Boeing 787-9 Dreamliner,149,Government travel ban
2026-05-12,Copa Airlines,CO4493,London,Beijing,UK,China,Europe,Asia Pacific,Airbus A330-300,384,Fuel supply disruption
2026-05-12,Aeroflot,AE9382,Beijing,Tehran,China,Iran,Asia Pacific,Middle East,Boeing 787-10 Dreamliner,145,Diplomatic advisory — do not fly
2026-05-12,Copa Airlines,CO5836,Sydney,Singapore,Australia,Singapore,Asia Pacific,Asia Pacific,Airbus A330-300,285,Airport closure — military activity
2026-05-12,Gulf Air,GU4591,Addis Ababa,London,Ethiopia,UK,Africa,Europe,Airbus A321neo,322,Crew safety — company policy
2026-05-12,Air India,AI4399,Karachi,Dubai,Pakistan,UAE,South Asia,Middle East,Boeing 737 MAX 8,366,Security risk — conflict zone
2026-05-12,Copa Airlines,CO3680,Doha,Addis Ababa,Qatar,Ethiopia,Middle East,Africa,Boeing 777-200LR,97,Temporary corridor suspension — safety bulletin
2026-05-12,Japan Airlines,JA8045,Los Angeles,London,USA,UK,North America,Europe,Boeing 777-300ER,249,Airspace closure — NOTAM
2026-05-12,Air Arabia,AI7484,Johannesburg,Dubai,South Africa,UAE,Africa,Middle East,Boeing 737-800,185,Temporary corridor suspension — safety bulletin
2026-05-12,Copa Airlines,CO4646,Mumbai,Dubai,India,UAE,South Asia,Middle East,Boeing 737-800,101,Security risk — conflict zone
2026-05-12,Asiana Airlines,AS577,Helsinki,Dubai,Finland,UAE,Europe,Middle East,Boeing 787-9 Dreamliner,200,Crew safety — company policy
2026-05-12,Thai Airways,TH853,London,São Paulo,UK,Brazil,Europe,Latin America,Boeing 737-800,177,Diplomatic advisory — do not fly
2026-05-12,flydubai,FL5127,Singapore,Auckland,Singapore,New Zealand,Asia Pacific,Asia Pacific,Boeing 777-200LR,410,ATC flow restrictions — congestion
2026-05-12,Royal Air Maroc,RO5001,Cairo,Kuwait City,Egypt,Kuwait,North Africa,Middle East,Airbus A321neo,322,Fuel supply disruption
2026-05-12,Qantas,QA8867,Beirut,Paris,Lebanon,France,Middle East,Europe,Airbus A330-300,186,Crew duty-time exceedance after long reroutes
2026-05-12,Delta Air Lines,DE134,Dubai,Cairo,UAE,Egypt,Middle East,North Africa,Airbus A380-800,226,Security risk — conflict zone
2026-05-12,DHL Aviation,DH4255,Dubai,Addis Ababa,UAE,Ethiopia,Middle East,Africa,Airbus A321neo,374,Crew duty-time exceedance after long reroutes
2026-05-13,Air China,AI6293,Beirut,Paris,Lebanon,France,Middle East,Europe,Airbus A380-800,335,Security risk — conflict zone
2026-05-13,Etihad Airways,ET1394,Ho Chi Minh City,Doha,Vietnam,Qatar,Asia Pacific,Middle East,Airbus A321neo,277,Airport closure — military activity
2026-05-13,Lufthansa,LU573,Vancouver,Dubai,Canada,UAE,North America,Middle East,Airbus A330-300,203,Crew safety — company policy
2026-05-13,DHL Aviation,DH2916,Doha,Moscow,Qatar,Russia,Middle East,Europe,Airbus A321neo,151,Insurance restriction — war zone
2026-05-13,LOT Polish Airlines,LO4628,Dubai,Paris,UAE,France,Middle East,Europe,Airbus A321neo,163,ATC flow restrictions — congestion
2026-05-13,South African Airways,SO4972,Sydney,Singapore,Australia,Singapore,Asia Pacific,Asia Pacific,Boeing 737-800,308,Crew duty-time exceedance after long reroutes
2026-05-13,SAS,SA9958,Seoul,Dubai,South Korea,UAE,Asia Pacific,Middle East,Boeing 777-200LR,360,Airport closure — military activity
2026-05-13,Kuwait Airways,KU5010,Toronto,Dubai,Canada,UAE,North America,Middle East,Airbus A330-300,81,Diplomatic advisory — do not fly
2026-05-13,Thai Airways,TH5640,Tehran,Moscow,Iran,Russia,Middle East,Europe,Airbus A340-600,267,Diplomatic advisory — do not fly
2026-05-13,South African Airways,SO7434,Islamabad,Dubai,Pakistan,UAE,South Asia,Middle East,Airbus A350-900,229,Insurance restriction — war zone
2026-05-13,Ryanair,RY7991,Doha,Shanghai,Qatar,China,Middle East,Asia Pacific,Boeing 777-300ER,96,Crew duty-time exceedance after long reroutes
2026-05-13,Thai Airways,TH7464,Seoul,London,South Korea,UK,Asia Pacific,Europe,Airbus A380-800,439,Insurance restriction — war zone
2026-05-13,Emirates SkyCargo,EM2632,Dubai,Bangkok,UAE,Thailand,Middle East,Asia Pacific,Boeing 787-9 Dreamliner,407,Diplomatic advisory — do not fly
2026-05-13,EgyptAir,EG9450,Riyadh,London,Saudi Arabia,UK,Middle East,Europe,Boeing 737-800,358,Airport closure — military activity
2026-05-13,China Southern,CH5846,Singapore,London,Singapore,UK,Asia Pacific,Europe,Airbus A340-600,208,Airspace closure — NOTAM
2026-05-13,Swiss International Air Lines,SW3152,Toronto,Doha,Canada,Qatar,North America,Middle East,Boeing 787-10 Dreamliner,261,Airspace closure — NOTAM
2026-05-13,LOT Polish Airlines,LO5629,Karachi,Dubai,Pakistan,UAE,South Asia,Middle East,Boeing 787-10 Dreamliner,339,Temporary corridor suspension — safety bulletin
2026-05-13,Azul Brazilian Airlines,AZ1576,Shanghai,Doha,China,Qatar,Asia Pacific,Middle East,Airbus A350-900,230,Crew duty-time exceedance after long reroutes
2026-05-13,flydubai,FL510,Karachi,Dubai,Pakistan,UAE,South Asia,Middle East,Airbus A380-800,170,Government travel ban
2026-05-13,Lufthansa,LU5826,Moscow,Doha,Russia,Qatar,Europe,Middle East,Airbus A330-300,206,Temporary corridor suspension — safety bulletin
2026-05-13,Air India,AI4546,Sydney,Singapore,Australia,Singapore,Asia Pacific,Asia Pacific,Airbus A320neo,410,Diplomatic advisory — do not fly
2026-05-13,Iran Air,IR8802,Johannesburg,Dubai,South Africa,UAE,Africa,Middle East,Airbus A330-300,192,Airspace closure — NOTAM
2026-05-13,Kenya Airways,KE3502,Delhi,Istanbul,India,Turkey,South Asia,Middle East,Boeing 787-9 Dreamliner,301,Fuel supply disruption
2026-05-13,United Airlines,UN9160,Riyadh,New York,Saudi Arabia,USA,Middle East,North America,Airbus A321neo,236,Airport closure — military activity
2026-05-13,Korean Air,KO8970,Doha,Chicago,Qatar,USA,Middle East,North America,Airbus A321neo,352,Airspace closure — NOTAM
2026-05-13,flynas,FL6499,Tehran,Moscow,Iran,Russia,Middle East,Europe,Airbus A321neo,449,ATC flow restrictions — congestion
2026-05-13,Singapore Airlines,SI3479,Dubai,Santiago,UAE,Chile,Middle East,Latin America,Airbus A350-900,109,Security risk — conflict zone
2026-05-13,Thai Airways,TH6246,London,Riyadh,UK,Saudi Arabia,Europe,Middle East,Airbus A320neo,100,Airspace closure — NOTAM
2026-05-13,EgyptAir,EG2381,Frankfurt,Dubai,Germany,UAE,Europe,Middle East,Boeing 777-300ER,258,Security risk — conflict zone
2026-05-14,Korean Air,KO205,London,Kuala Lumpur,UK,Malaysia,Europe,Asia Pacific,Boeing 777-200LR,102,Government travel ban
2026-05-14,Air New Zealand,AI2502,Riyadh,Cairo,Saudi Arabia,Egypt,Middle East,North Africa,Boeing 777-300ER,174,Temporary corridor suspension — safety bulletin
2026-05-14,FedEx Express,FE2262,New York,Dubai,USA,UAE,North America,Middle East,Boeing 777-300ER,358,Airspace closure — NOTAM
2026-05-14,Qatar Airways,QA6225,Dubai,Mumbai,UAE,India,Middle East,South Asia,Boeing 737 MAX 8,184,Fuel supply disruption
2026-05-14,Royal Air Maroc,RO4771,Hanoi,Dubai,Vietnam,UAE,Asia Pacific,Middle East,Boeing 777-300ER,127,Temporary corridor suspension — safety bulletin
2026-05-14,British Airways,BR7602,Paris,Casablanca,France,Morocco,Europe,Africa,Boeing 777-200LR,403,Airport closure — military activity
2026-05-14,Emirates,EM8354,Dubai,Hanoi,UAE,Vietnam,Middle East,Asia Pacific,Airbus A321neo,275,Government travel ban
2026-05-14,Southwest Airlines,SO3502,London,Seoul,UK,South Korea,Europe,Asia Pacific,Boeing 737-800,436,Diplomatic advisory — do not fly
2026-05-14,Kenya Airways,KE2376,Cairo,Riyadh,Egypt,Saudi Arabia,North Africa,Middle East,Boeing 777-300ER,421,Fuel supply disruption
2026-05-14,Turkish Airlines,TU602,Dubai,Frankfurt,UAE,Germany,Middle East,Europe,Boeing 737-800,137,Insurance restriction — war zone
2026-05-14,Pakistan International Airlines,PA9514,Frankfurt,Beijing,Germany,China,Europe,Asia Pacific,Airbus A320neo,392,Fuel supply disruption
2026-05-14,IndiGo,IN2849,Frankfurt,Beijing,Germany,China,Europe,Asia Pacific,Boeing 737-800,155,Security risk — conflict zone
2026-05-14,Mahan Air,MA711,London,Dubai,UK,UAE,Europe,Middle East,Boeing 777-200LR,371,Government travel ban
2026-05-14,flynas,FL4404,Madrid,Bogotá,Spain,Colombia,Europe,Latin America,Boeing 787-9 Dreamliner,411,Security risk — conflict zone
2026-05-14,Emirates SkyCargo,EM5251,Dubai,Addis Ababa,UAE,Ethiopia,Middle East,Africa,Boeing 777-200LR,126,Security risk — conflict zone
2026-05-14,Lufthansa,LU6086,Doha,Chicago,Qatar,USA,Middle East,North America,Boeing 787-9 Dreamliner,391,Crew duty-time exceedance after long reroutes
2026-05-14,Japan Airlines,JA4662,Singapore,Dubai,Singapore,UAE,Asia Pacific,Middle East,Boeing 737-800,340,Security risk — conflict zone
2026-05-14,Japan Airlines,JA2172,Delhi,Istanbul,India,Turkey,South Asia,Middle East,Airbus A330-300,231,Diplomatic advisory — do not fly
2026-05-14,Ryanair,RY1088,Islamabad,Dubai,Pakistan,UAE,South Asia,Middle East,Airbus A320neo,373,Airspace closure — NOTAM
2026-05-14,Air Algerie,AI742,Auckland,Dubai,New Zealand,UAE,Asia Pacific,Middle East,Airbus A350-900,180,Government travel ban
2026-05-14,Air Canada,AI8756,London,Bahrain,UK,Bahrain,Europe,Middle East,Boeing 777-200LR,81,Airspace closure — NOTAM
2026-05-14,flynas,FL3675,Dubai,Hanoi,UAE,Vietnam,Middle East,Asia Pacific,Airbus A340-600,407,Airport closure — military activity
2026-05-14,United Airlines,UN7143,Dubai,Shanghai,UAE,China,Middle East,Asia Pacific,Boeing 787-10 Dreamliner,217,Diplomatic advisory — do not fly
2026-05-15,Kenya Airways,KE6738,New York,Doha,USA,Qatar,North America,Middle East,Airbus A350-900,192,Temporary corridor suspension — safety bulletin
2026-05-15,Lufthansa,LU4661,London,Seoul,UK,South Korea,Europe,Asia Pacific,Airbus A380-800,412,Temporary corridor suspension — safety bulletin
2026-05-15,Southwest Airlines,SO7196,Karachi,Dubai,Pakistan,UAE,South Asia,Middle East,Boeing 787-10 Dreamliner,295,Security risk — conflict zone
2026-05-15,easyJet,EA8995,Chicago,Doha,USA,Qatar,North America,Middle East,Boeing 737 MAX 8,273,Airport closure — military activity
2026-05-15,United Airlines,UN2853,Muscat,London,Oman,UK,Middle East,Europe,Airbus A380-800,370,Crew safety — company policy
2026-05-15,Ethiopian Airlines,ET9152,Dubai,Cairo,UAE,Egypt,Middle East,North Africa,Boeing 787-10 Dreamliner,436,Airport closure — military activity
2026-05-15,Royal Air Maroc,RO3112,Tokyo,London,Japan,UK,Asia Pacific,Europe,Boeing 737 MAX 8,401,Crew safety — company policy
2026-05-15,EgyptAir,EG8453,Delhi,Istanbul,India,Turkey,South Asia,Middle East,Boeing 737-800,212,Airport closure — military activity
2026-05-15,TAP Air Portugal,TA3931,Nairobi,Dubai,Kenya,UAE,Africa,Middle East,Airbus A321neo,414,Insurance restriction — war zone
2026-05-15,WestJet,WE3805,Zurich,Dubai,Switzerland,UAE,Europe,Middle East,Boeing 787-9 Dreamliner,347,Airport closure — military activity
2026-05-15,Malaysia Airlines,MA2249,Karachi,Dubai,Pakistan,UAE,South Asia,Middle East,Boeing 777-200LR,423,Airspace closure — NOTAM
2026-05-15,Garuda Indonesia,GA2778,Islamabad,Riyadh,Pakistan,Saudi Arabia,South Asia,Middle East,Airbus A340-600,331,Crew safety — company policy
2026-05-15,Kuwait Airways,KU1664,New York,Riyadh,USA,Saudi Arabia,North America,Middle East,Airbus A340-600,381,Diplomatic advisory — do not fly
2026-05-15,Qatar Airways,QA7238,Dubai,Karachi,UAE,Pakistan,Middle East,South Asia,Airbus A380-800,355,ATC flow restrictions — congestion
2026-05-15,Ethiopian Airlines,ET4539,London,Sydney,UK,Australia,Europe,Asia Pacific,Boeing 737 MAX 8,158,Crew duty-time exceedance after long reroutes
2026-05-15,Qatar Airways,QA5806,Cairo,Dubai,Egypt,UAE,North Africa,Middle East,Boeing 787-9 Dreamliner,153,Temporary corridor suspension — safety bulletin
2026-05-16,China Southern,CH3013,Paris,Shanghai,France,China,Europe,Asia Pacific,Boeing 777-300ER,242,Security risk — conflict zone
2026-05-16,South African Airways,SO3430,Kuala Lumpur,London,Malaysia,UK,Asia Pacific,Europe,Boeing 777-300ER,311,ATC flow restrictions — congestion
2026-05-16,Japan Airlines,JA4692,Karachi,Dubai,Pakistan,UAE,South Asia,Middle East,Airbus A340-600,333,Government travel ban
2026-05-16,LATAM Airlines,LA3591,Dubai,Delhi,UAE,India,Middle East,South Asia,Boeing 737-800,389,Airport closure — military activity
2026-05-16,British Airways,BR8883,London,Santiago,UK,Chile,Europe,Latin America,Airbus A350-900,273,Crew duty-time exceedance after long reroutes
2026-05-16,Etihad Airways,ET2743,Dubai,Mumbai,UAE,India,Middle East,South Asia,Boeing 787-9 Dreamliner,173,ATC flow restrictions — congestion
2026-05-16,China Southern,CH5159,London,São Paulo,UK,Brazil,Europe,Latin America,Boeing 777-200LR,299,Insurance restriction — war zone
2026-05-16,DHL Aviation,DH4766,Warsaw,Dubai,Poland,UAE,Europe,Middle East,Boeing 737 MAX 8,174,Crew duty-time exceedance after long reroutes
2026-05-16,Finnair,FI4386,Ho Chi Minh City,Doha,Vietnam,Qatar,Asia Pacific,Middle East,Airbus A330-300,405,Insurance restriction — war zone
2026-05-16,Air France,AI8963,Ho Chi Minh City,Doha,Vietnam,Qatar,Asia Pacific,Middle East,Boeing 787-10 Dreamliner,256,Government travel ban
2026-05-16,SpiceJet,SP5542,Dubai,Seoul,UAE,South Korea,Middle East,Asia Pacific,Airbus A330-300,322,Diplomatic advisory — do not fly
2026-05-16,ANA,AN645,Sydney,Dubai,Australia,UAE,Asia Pacific,Middle East,Boeing 737 MAX 8,381,Temporary corridor suspension — safety bulletin
2026-05-16,Vietnam Airlines,VI7317,London,Beijing,UK,China,Europe,Asia Pacific,Boeing 777-200LR,367,Diplomatic advisory — do not fly
2026-05-16,Asiana Airlines,AS7137,Lisbon,Doha,Portugal,Qatar,Europe,Middle East,Boeing 777-300ER,245,Government travel ban
2026-05-16,British Airways,BR6954,Dubai,London,UAE,UK,Middle East,Europe,Boeing 777-200LR,80,Security risk — conflict zone
2026-05-16,Qantas,QA589,Abu Dhabi,Washington,UAE,USA,Middle East,North America,Airbus A350-900,281,Airport closure — military activity
2026-05-16,Kuwait Airways,KU4883,New York,Dubai,USA,UAE,North America,Middle East,Airbus A350-900,211,Government travel ban
2026-05-16,LATAM Airlines,LA7879,Dubai,Sydney,UAE,Australia,Middle East,Asia Pacific,Boeing 777-300ER,420,Temporary corridor suspension — safety bulletin
2026-05-16,Emirates SkyCargo,EM3405,Dubai,Karachi,UAE,Pakistan,Middle East,South Asia,Boeing 737-800,96,Fuel supply disruption
2026-05-16,IndiGo,IN5233,Mexico City,Madrid,Mexico,Spain,Latin America,Europe,Airbus A380-800,203,Security risk — conflict zone
2026-05-16,Royal Air Maroc,RO4264,London,Doha,UK,Qatar,Europe,Middle East,Airbus A321neo,242,Fuel supply disruption
2026-05-16,Royal Air Maroc,RO9895,Dubai,Sydney,UAE,Australia,Middle East,Asia Pacific,Boeing 737-800,102,Crew safety — company policy
2026-05-16,China Eastern,CH852,Mumbai,Dubai,India,UAE,South Asia,Middle East,Airbus A340-600,147,Insurance restriction — war zone
2026-05-16,Aeromexico,AE709,Dubai,Sydney,UAE,Australia,Middle East,Asia Pacific,Airbus A340-600,98,Airport closure — military activity
2026-05-16,Aeromexico,AE5920,Casablanca,Paris,Morocco,France,Africa,Europe,Boeing 787-9 Dreamliner,105,Government travel ban
2026-05-17,South African Airways,SO3366,Los Angeles,Singapore,USA,Singapore,North America,Asia Pacific,Airbus A320neo,177,Crew safety — company policy
2026-05-17,Japan Airlines,JA995,Abu Dhabi,Sydney,UAE,Australia,Middle East,Asia Pacific,Airbus A350-900,202,ATC flow restrictions — congestion
2026-05-17,Korean Air,KO5546,London,Riyadh,UK,Saudi Arabia,Europe,Middle East,Airbus A320neo,180,Insurance restriction — war zone
2026-05-17,DHL Aviation,DH5485,São Paulo,Doha,Brazil,Qatar,Latin America,Middle East,Boeing 787-10 Dreamliner,145,Diplomatic advisory — do not fly
2026-05-17,Air China,AI726,London,Toronto,UK,Canada,Europe,North America,Airbus A321neo,322,Crew duty-time exceedance after long reroutes
2026-05-17,Air Arabia,AI7476,Moscow,Tehran,Russia,Iran,Europe,Middle East,Boeing 777-300ER,314,Diplomatic advisory — do not fly
2026-05-17,flydubai,FL4550,Dubai,Nairobi,UAE,Kenya,Middle East,Africa,Boeing 787-9 Dreamliner,346,Diplomatic advisory — do not fly
2026-05-17,Atlas Air,AT5421,Dubai,Paris,UAE,France,Middle East,Europe,Boeing 737-800,191,Security risk — conflict zone
2026-05-17,American Airlines,AM3068,Toronto,Dubai,Canada,UAE,North America,Middle East,Boeing 737-800,125,Airport closure — military activity
2026-05-17,Iberia,IB8442,Mumbai,Dubai,India,UAE,South Asia,Middle East,Boeing 737 MAX 8,345,Insurance restriction — war zone
2026-05-17,SpiceJet,SP7516,Addis Ababa,Dubai,Ethiopia,UAE,Africa,Middle East,Airbus A350-900,409,ATC flow restrictions — congestion
2026-05-17,Finnair,FI5239,Kuwait City,London,Kuwait,UK,Middle East,Europe,Boeing 737-800,321,Fuel supply disruption
2026-05-17,Japan Airlines,JA6504,London,Nairobi,UK,Kenya,Europe,Africa,Boeing 787-9 Dreamliner,368,Government travel ban
2026-05-17,Atlas Air,AT5651,Istanbul,Dubai,Turkey,UAE,Middle East,Middle East,Boeing 777-200LR,343,Security risk — conflict zone
2026-05-17,Asiana Airlines,AS2199,Washington,Abu Dhabi,USA,UAE,North America,Middle East,Boeing 737-800,81,Diplomatic advisory — do not fly
2026-05-17,Royal Air Maroc,RO6740,London,Bahrain,UK,Bahrain,Europe,Middle East,Boeing 737 MAX 8,98,Temporary corridor suspension — safety bulletin
2026-05-17,China Southern,CH7602,London,Santiago,UK,Chile,Europe,Latin America,Airbus A340-600,167,Insurance restriction — war zone
2026-05-18,FedEx Express,FE3677,Dubai,Moscow,UAE,Russia,Middle East,Europe,Boeing 737-800,394,Crew safety — company policy
2026-05-18,Turkish Airlines,TU7273,Istanbul,Delhi,Turkey,India,Middle East,South Asia,Airbus A340-600,244,Security risk — conflict zone
2026-05-18,Japan Airlines,JA2357,Paris,Dubai,France,UAE,Europe,Middle East,Boeing 737-800,202,Security risk — conflict zone
2026-05-18,Jazeera Airways,JA3519,Dubai,São Paulo,UAE,Brazil,Middle East,Latin America,Airbus A350-900,343,Temporary corridor suspension — safety bulletin
2026-05-18,Mahan Air,MA6163,Moscow,Tehran,Russia,Iran,Europe,Middle East,Boeing 787-10 Dreamliner,191,Security risk — conflict zone
2026-05-18,Emirates SkyCargo,EM1783,New York,Dubai,USA,UAE,North America,Middle East,Boeing 737 MAX 8,193,ATC flow restrictions — congestion
2026-05-18,South African Airways,SO1880,Dubai,Chicago,UAE,USA,Middle East,North America,Boeing 737-800,197,Insurance restriction — war zone
2026-05-18,flydubai,FL799,Islamabad,Dubai,Pakistan,UAE,South Asia,Middle East,Airbus A380-800,149,Security risk — conflict zone
2026-05-18,Air New Zealand,AI7381,Addis Ababa,London,Ethiopia,UK,Africa,Europe,Boeing 787-10 Dreamliner,228,Security risk — conflict zone
2026-05-18,Japan Airlines,JA3686,Nairobi,London,Kenya,UK,Africa,Europe,Boeing 777-300ER,263,ATC flow restrictions — congestion
2026-05-18,Emirates SkyCargo,EM345,Santiago,London,Chile,UK,Latin America,Europe,Airbus A320neo,371,Security risk — conflict zone
2026-05-18,flynas,FL783,Kuwait City,London,Kuwait,UK,Middle East,Europe,Airbus A321neo,382,Airport closure — military activity
2026-05-18,Oman Air,OM3705,London,Tokyo,UK,Japan,Europe,Asia Pacific,Airbus A350-900,184,Temporary corridor suspension — safety bulletin
2026-05-18,Avianca,AV2855,Cairo,Riyadh,Egypt,Saudi Arabia,North Africa,Middle East,Boeing 787-9 Dreamliner,393,Temporary corridor suspension — safety bulletin
2026-05-18,Southwest Airlines,SO1624,Dubai,Jakarta,UAE,Indonesia,Middle East,Asia Pacific,Boeing 787-10 Dreamliner,152,Security risk — conflict zone
2026-05-18,Malaysia Airlines,MA7027,Moscow,Tehran,Russia,Iran,Europe,Middle East,Boeing 787-10 Dreamliner,293,Crew safety — company policy
2026-05-19,Oman Air,OM4924,Singapore,Sydney,Singapore,Australia,Asia Pacific,Asia Pacific,Boeing 737 MAX 8,133,Airport closure — military activity
2026-05-19,SAS,SA7679,Dubai,London,UAE,UK,Middle East,Europe,Airbus A350-900,180,Fuel supply disruption
2026-05-19,Aeromexico,AE5025,Nairobi,London,Kenya,UK,Africa,Europe,Airbus A350-900,343,Government travel ban
2026-05-19,Iberia,IB2321,Dubai,Warsaw,UAE,Poland,Middle East,Europe,Airbus A380-800,171,Government travel ban
2026-05-19,Ryanair,RY3123,London,Tokyo,UK,Japan,Europe,Asia Pacific,Boeing 777-200LR,232,Airspace closure — NOTAM
2026-05-19,SpiceJet,SP4890,Madrid,Doha,Spain,Qatar,Europe,Middle East,Airbus A380-800,400,Fuel supply disruption
2026-05-19,Garuda Indonesia,GA8578,Kuwait City,Cairo,Kuwait,Egypt,Middle East,North Africa,Boeing 787-10 Dreamliner,440,Airport closure — military activity
2026-05-19,WestJet,WE3074,Dubai,Frankfurt,UAE,Germany,Middle East,Europe,Airbus A350-900,334,Insurance restriction — war zone
2026-05-19,Singapore Airlines,SI8919,Zurich,Dubai,Switzerland,UAE,Europe,Middle East,Boeing 737-800,370,Insurance restriction — war zone
2026-05-19,LOT Polish Airlines,LO1262,Bogotá,Madrid,Colombia,Spain,Latin America,Europe,Airbus A340-600,145,Fuel supply disruption
2026-05-19,Gulf Air,GU7522,Tokyo,London,Japan,UK,Asia Pacific,Europe,Airbus A380-800,307,Fuel supply disruption
2026-05-19,Atlas Air,AT1037,London,Singapore,UK,Singapore,Europe,Asia Pacific,Airbus A340-600,354,Crew safety — company policy
2026-05-19,KLM,KL4915,Madrid,Mexico City,Spain,Mexico,Europe,Latin America,Airbus A320neo,332,Crew safety — company policy
2026-05-19,flydubai,FL5026,Auckland,Singapore,New Zealand,Singapore,Asia Pacific,Asia Pacific,Airbus A320neo,352,Temporary corridor suspension — safety bulletin
2026-05-19,Aeromexico,AE9170,London,Mexico City,UK,Mexico,Europe,Latin America,Airbus A321neo,167,Airport closure — military activity
2026-05-19,Air Canada,AI1619,Seoul,Dubai,South Korea,UAE,Asia Pacific,Middle East,Airbus A350-900,264,Fuel supply disruption
2026-05-19,DHL Aviation,DH2396,London,Beijing,UK,China,Europe,Asia Pacific,Boeing 737 MAX 8,107,Airspace closure — NOTAM
2026-05-19,Air Arabia,AI2199,London,Muscat,UK,Oman,Europe,Middle East,Airbus A321neo,302,Government travel ban
2026-05-19,TAP Air Portugal,TA2628,Ho Chi Minh City,Doha,Vietnam,Qatar,Asia Pacific,Middle East,Boeing 777-300ER,188,Insurance restriction — war zone
2026-05-19,Air Arabia,AI9578,Delhi,Istanbul,India,Turkey,South Asia,Middle East,Boeing 737 MAX 8,371,Crew safety — company policy
2026-05-19,TAP Air Portugal,TA1568,London,Bahrain,UK,Bahrain,Europe,Middle East,Airbus A350-900,349,Crew safety — company policy
2026-05-19,Ryanair,RY9110,Cairo,Riyadh,Egypt,Saudi Arabia,North Africa,Middle East,Airbus A320neo,81,Crew duty-time exceedance after long reroutes
2026-05-19,Copa Airlines,CO3814,London,Seoul,UK,South Korea,Europe,Asia Pacific,Boeing 787-9 Dreamliner,357,Airspace closure — NOTAM
2026-05-19,Iran Air,IR3477,Singapore,Auckland,Singapore,New Zealand,Asia Pacific,Asia Pacific,Boeing 777-200LR,343,Airspace closure — NOTAM
2026-05-19,Qatar Airways,QA5028,Washington,Abu Dhabi,USA,UAE,North America,Middle East,Boeing 787-10 Dreamliner,430,Fuel supply disruption
2026-05-19,Vietnam Airlines,VI2076,New York,Riyadh,USA,Saudi Arabia,North America,Middle East,Boeing 787-10 Dreamliner,237,ATC flow restrictions — congestion
2026-05-19,Air France,AI1392,Kuwait City,Cairo,Kuwait,Egypt,Middle East,North Africa,Airbus A320neo,441,Security risk — conflict zone
2026-05-19,China Eastern,CH9024,Dubai,Karachi,UAE,Pakistan,Middle East,South Asia,Airbus A340-600,337,Temporary corridor suspension — safety bulletin
2026-05-19,Cargolux,CA3507,Beijing,Frankfurt,China,Germany,Asia Pacific,Europe,Airbus A320neo,390,Fuel supply disruption
2026-05-20,easyJet,EA5768,Nairobi,Dubai,Kenya,UAE,Africa,Middle East,Airbus A330-300,333,ATC flow restrictions — congestion
2026-05-20,Air China,AI7665,Dubai,Cairo,UAE,Egypt,Middle East,North Africa,Boeing 787-10 Dreamliner,446,Crew duty-time exceedance after long reroutes
2026-05-20,FedEx Express,FE8816,Toronto,Doha,Canada,Qatar,North America,Middle East,Airbus A340-600,253,Security risk — conflict zone
2026-05-20,LOT Polish Airlines,LO2308,Hanoi,Dubai,Vietnam,UAE,Asia Pacific,Middle East,Boeing 737-800,308,Government travel ban
2026-05-20,Singapore Airlines,SI8835,Dubai,Istanbul,UAE,Turkey,Middle East,Middle East,Airbus A321neo,391,Security risk — conflict zone
2026-05-20,ANA,AN1463,Addis Ababa,Dubai,Ethiopia,UAE,Africa,Middle East,Airbus A340-600,429,Crew duty-time exceedance after long reroutes
2026-05-20,UPS Airlines,UP6601,Dubai,Johannesburg,UAE,South Africa,Middle East,Africa,Boeing 787-10 Dreamliner,399,ATC flow restrictions — congestion
2026-05-20,Iberia,IB8032,London,Singapore,UK,Singapore,Europe,Asia Pacific,Boeing 777-300ER,213,Government travel ban
2026-05-20,Aeroflot,AE5739,Dubai,Delhi,UAE,India,Middle East,South Asia,Boeing 777-200LR,121,Crew safety — company policy
2026-05-20,IndiGo,IN9668,Dubai,Sydney,UAE,Australia,Middle East,Asia Pacific,Boeing 777-200LR,115,Security risk — conflict zone
2026-05-20,IndiGo,IN9998,Beijing,Frankfurt,China,Germany,Asia Pacific,Europe,Boeing 777-200LR,97,Fuel supply disruption
2026-05-20,Delta Air Lines,DE1756,New York,Dubai,USA,UAE,North America,Middle East,Airbus A350-900,184,Government travel ban
2026-05-20,United Airlines,UN2953,Karachi,Dubai,Pakistan,UAE,South Asia,Middle East,Airbus A320neo,164,Crew duty-time exceedance after long reroutes
2026-05-20,Avianca,AV6448,Mumbai,Dubai,India,UAE,South Asia,Middle East,Boeing 737-800,146,Fuel supply disruption
2026-05-20,Vietnam Airlines,VI8259,London,Kuwait City,UK,Kuwait,Europe,Middle East,Airbus A320neo,349,Crew safety — company policy
2026-05-20,Oman Air,OM3811,London,Santiago,UK,Chile,Europe,Latin America,Airbus A340-600,123,Fuel supply disruption
2026-05-20,Emirates SkyCargo,EM7217,Frankfurt,Dubai,Germany,UAE,Europe,Middle East,Boeing 787-9 Dreamliner,142,Insurance restriction — war zone
2026-05-20,Delta Air Lines,DE3527,Auckland,Singapore,New Zealand,Singapore,Asia Pacific,Asia Pacific,Boeing 737-800,402,Fuel supply disruption
2026-05-20,Vietnam Airlines,VI9995,Singapore,Auckland,Singapore,New Zealand,Asia Pacific,Asia Pacific,Boeing 737-800,195,Insurance restriction — war zone
2026-05-20,Korean Air,KO8948,Kuwait City,Mumbai,Kuwait,India,Middle East,South Asia,Airbus A350-900,258,Airspace closure — NOTAM
2026-05-20,WestJet,WE7275,Riyadh,Islamabad,Saudi Arabia,Pakistan,Middle East,South Asia,Airbus A321neo,308,Crew safety — company policy
2026-05-20,IndiGo,IN316,Dubai,Frankfurt,UAE,Germany,Middle East,Europe,Boeing 777-200LR,401,Government travel ban
2026-05-20,Iran Air,IR2017,Riyadh,Islamabad,Saudi Arabia,Pakistan,Middle East,South Asia,Airbus A320neo,124,Diplomatic advisory — do not fly
2026-05-20,Copa Airlines,CO5124,Riyadh,Cairo,Saudi Arabia,Egypt,Middle East,North Africa,Boeing 777-200LR,410,Insurance restriction — war zone
2026-05-20,Lufthansa,LU4573,Dubai,Istanbul,UAE,Turkey,Middle East,Middle East,Boeing 777-200LR,293,Crew safety — company policy
2026-05-20,IndiGo,IN8331,Frankfurt,Beijing,Germany,China,Europe,Asia Pacific,Airbus A321neo,249,Fuel supply disruption
2026-05-20,flydubai,FL3123,Dubai,Delhi,UAE,India,Middle East,South Asia,Airbus A350-900,211,Temporary corridor suspension — safety bulletin
2026-05-20,Mahan Air,MA7453,Singapore,Sydney,Singapore,Australia,Asia Pacific,Asia Pacific,Airbus A330-300,259,Security risk — conflict zone
2026-05-20,Air India,AI4770,Seoul,Doha,South Korea,Qatar,Asia Pacific,Middle East,Boeing 777-200LR,210,Airport closure — military activity
2026-05-20,KLM,KL5313,Addis Ababa,London,Ethiopia,UK,Africa,Europe,Boeing 737-800,178,Fuel supply disruption
2026-05-21,LATAM Airlines,LA1844,Dubai,Vancouver,UAE,Canada,Middle East,North America,Airbus A320neo,300,ATC flow restrictions — congestion
2026-05-21,FedEx Express,FE6180,Dubai,Tokyo,UAE,Japan,Middle East,Asia Pacific,Boeing 777-200LR,381,Airport closure — military activity
2026-05-21,Mahan Air,MA3060,London,Bahrain,UK,Bahrain,Europe,Middle East,Airbus A330-300,394,Diplomatic advisory — do not fly
2026-05-21,Aeromexico,AE4222,Ho Chi Minh City,Doha,Vietnam,Qatar,Asia Pacific,Middle East,Airbus A380-800,334,Insurance restriction — war zone
2026-05-21,Air Algerie,AI9692,Nairobi,Dubai,Kenya,UAE,Africa,Middle East,Boeing 787-10 Dreamliner,133,Diplomatic advisory — do not fly
2026-05-21,Qantas,QA9090,Bahrain,London,Bahrain,UK,Middle East,Europe,Airbus A320neo,238,Government travel ban
2026-05-21,Lufthansa,LU8981,Zurich,Dubai,Switzerland,UAE,Europe,Middle East,Airbus A340-600,197,Fuel supply disruption
2026-05-21,Gulf Air,GU4111,Dubai,Hanoi,UAE,Vietnam,Middle East,Asia Pacific,Boeing 737 MAX 8,296,Government travel ban
2026-05-21,Kuwait Airways,KU3237,Dubai,Sydney,UAE,Australia,Middle East,Asia Pacific,Boeing 787-10 Dreamliner,335,Diplomatic advisory — do not fly
2026-05-21,TAP Air Portugal,TA716,Dubai,Islamabad,UAE,Pakistan,Middle East,South Asia,Boeing 787-10 Dreamliner,131,Fuel supply disruption
2026-05-21,United Airlines,UN5230,Dubai,Vancouver,UAE,Canada,Middle East,North America,Airbus A320neo,181,ATC flow restrictions — congestion
2026-05-21,Air France,AI6526,New York,Riyadh,USA,Saudi Arabia,North America,Middle East,Airbus A340-600,236,Airport closure — military activity
2026-05-21,Delta Air Lines,DE7373,Sydney,Abu Dhabi,Australia,UAE,Asia Pacific,Middle East,Boeing 737-800,171,Airport closure — military activity
2026-05-21,Air China,AI5158,Doha,Chicago,Qatar,USA,Middle East,North America,Boeing 737 MAX 8,217,Diplomatic advisory — do not fly
2026-05-21,Azul Brazilian Airlines,AZ2929,Mumbai,Kuwait City,India,Kuwait,South Asia,Middle East,Boeing 777-300ER,151,Security risk — conflict zone
2026-05-21,Garuda Indonesia,GA6602,Dubai,Seoul,UAE,South Korea,Middle East,Asia Pacific,Boeing 737-800,362,Insurance restriction — war zone
2026-05-21,DHL Aviation,DH9671,Seoul,Doha,South Korea,Qatar,Asia Pacific,Middle East,Airbus A340-600,443,Airspace closure — NOTAM
2026-05-21,Air France,AI5587,London,São Paulo,UK,Brazil,Europe,Latin America,Airbus A340-600,185,Security risk — conflict zone
2026-05-21,Japan Airlines,JA696,London,Los Angeles,UK,USA,Europe,North America,Boeing 777-200LR,281,Security risk — conflict zone
2026-05-22,Azul Brazilian Airlines,AZ5858,Cairo,Kuwait City,Egypt,Kuwait,North Africa,Middle East,Airbus A380-800,382,Crew safety — company policy
2026-05-22,Air China,AI5492,Los Angeles,Singapore,USA,Singapore,North America,Asia Pacific,Airbus A340-600,103,Airspace closure — NOTAM
2026-05-22,flydubai,FL8185,Addis Ababa,Dubai,Ethiopia,UAE,Africa,Middle East,Airbus A320neo,260,ATC flow restrictions — congestion
2026-05-22,WestJet,WE5392,Santiago,London,Chile,UK,Latin America,Europe,Airbus A380-800,234,Diplomatic advisory — do not fly
2026-05-22,LATAM Airlines,LA1898,Dubai,São Paulo,UAE,Brazil,Middle East,Latin America,Boeing 737 MAX 8,427,Diplomatic advisory — do not fly
2026-05-22,Cathay Pacific,CA6495,Dubai,Addis Ababa,UAE,Ethiopia,Middle East,Africa,Airbus A340-600,350,Security risk — conflict zone
2026-05-22,Air Arabia,AI4614,Riyadh,New York,Saudi Arabia,USA,Middle East,North America,Boeing 737-800,80,ATC flow restrictions — congestion
2026-05-22,British Airways,BR7529,Madrid,Bogotá,Spain,Colombia,Europe,Latin America,Boeing 777-200LR,147,Government travel ban
2026-05-22,Saudi Arabian Airlines,SA8117,Addis Ababa,London,Ethiopia,UK,Africa,Europe,Airbus A380-800,174,Airspace closure — NOTAM
2026-05-22,Ryanair,RY6129,Sydney,Abu Dhabi,Australia,UAE,Asia Pacific,Middle East,Airbus A350-900,391,Temporary corridor suspension — safety bulletin
2026-05-22,Cargolux,CA588,Washington,Abu Dhabi,USA,UAE,North America,Middle East,Airbus A320neo,104,Temporary corridor suspension — safety bulletin
2026-05-22,Emirates SkyCargo,EM6754,Lisbon,Doha,Portugal,Qatar,Europe,Middle East,Airbus A350-900,371,Diplomatic advisory — do not fly
2026-05-22,Saudi Arabian Airlines,SA4638,Dubai,Warsaw,UAE,Poland,Middle East,Europe,Boeing 737 MAX 8,317,ATC flow restrictions — congestion
2026-05-22,Avianca,AV7296,Doha,Ho Chi Minh City,Qatar,Vietnam,Middle East,Asia Pacific,Boeing 787-9 Dreamliner,89,Fuel supply disruption
2026-05-22,Mahan Air,MA3830,Dubai,Karachi,UAE,Pakistan,Middle East,South Asia,Boeing 787-10 Dreamliner,356,Airport closure — military activity
2026-05-22,Saudi Arabian Airlines,SA558,Istanbul,Karachi,Turkey,Pakistan,Middle East,South Asia,Boeing 777-200LR,88,Temporary corridor suspension — safety bulletin
2026-05-22,Singapore Airlines,SI855,Riyadh,Cairo,Saudi Arabia,Egypt,Middle East,North Africa,Airbus A321neo,246,Crew safety — company policy
2026-05-22,American Airlines,AM2064,Moscow,Doha,Russia,Qatar,Europe,Middle East,Boeing 777-200LR,273,Crew duty-time exceedance after long reroutes
2026-05-22,Vietnam Airlines,VI6067,Chicago,Dubai,USA,UAE,North America,Middle East,Airbus A350-900,366,Crew duty-time exceedance after long reroutes
2026-05-22,Gulf Air,GU9335,Dubai,Addis Ababa,UAE,Ethiopia,Middle East,Africa,Boeing 777-200LR,178,Fuel supply disruption
2026-05-22,UPS Airlines,UP3561,Doha,Addis Ababa,Qatar,Ethiopia,Middle East,Africa,Boeing 737-800,446,Fuel supply disruption
2026-05-22,Copa Airlines,CO753,Bahrain,Dubai,Bahrain,UAE,Middle East,Middle East,Boeing 737-800,328,Insurance restriction — war zone
2026-05-23,Asiana Airlines,AS9288,Los Angeles,Doha,USA,Qatar,North America,Middle East,Airbus A380-800,353,Airspace closure — NOTAM
2026-05-23,Asiana Airlines,AS3993,Amman,Dubai,Jordan,UAE,Middle East,Middle East,Airbus A330-300,351,Security risk — conflict zone
2026-05-23,Cargolux,CA3767,Paris,Doha,France,Qatar,Europe,Middle East,Boeing 777-200LR,191,Temporary corridor suspension — safety bulletin
2026-05-23,Cathay Pacific,CA5566,Dubai,Hanoi,UAE,Vietnam,Middle East,Asia Pacific,Airbus A350-900,156,Insurance restriction — war zone
2026-05-23,Air India,AI5020,London,São Paulo,UK,Brazil,Europe,Latin America,Boeing 787-10 Dreamliner,341,ATC flow restrictions — congestion
2026-05-23,Wizz Air,WI1263,Dubai,Madrid,UAE,Spain,Middle East,Europe,Airbus A340-600,447,Fuel supply disruption
2026-05-23,SpiceJet,SP241,Doha,Toronto,Qatar,Canada,Middle East,North America,Airbus A330-300,324,Crew safety — company policy
2026-05-23,British Airways,BR5589,London,Singapore,UK,Singapore,Europe,Asia Pacific,Airbus A330-300,82,Crew duty-time exceedance after long reroutes
2026-05-23,WestJet,WE3239,Istanbul,Tehran,Turkey,Iran,Middle East,Middle East,Boeing 787-9 Dreamliner,290,Government travel ban
2026-05-23,Asiana Airlines,AS5098,Beijing,London,China,UK,Asia Pacific,Europe,Boeing 787-10 Dreamliner,377,Airport closure — military activity
2026-05-23,Singapore Airlines,SI9014,Johannesburg,Dubai,South Africa,UAE,Africa,Middle East,Airbus A380-800,358,Government travel ban
2026-05-23,LOT Polish Airlines,LO4386,Abu Dhabi,London,UAE,UK,Middle East,Europe,Boeing 737 MAX 8,137,Airspace closure — NOTAM
2026-05-23,EgyptAir,EG9296,Riyadh,New York,Saudi Arabia,USA,Middle East,North America,Airbus A380-800,243,Crew duty-time exceedance after long reroutes
2026-05-23,Pakistan International Airlines,PA6614,Kuala Lumpur,London,Malaysia,UK,Asia Pacific,Europe,Airbus A350-900,219,Diplomatic advisory — do not fly
2026-05-23,Air France,AI4336,São Paulo,London,Brazil,UK,Latin America,Europe,Airbus A350-900,390,Airport closure — military activity
2026-05-23,Aeromexico,AE5634,Dubai,Nairobi,UAE,Kenya,Middle East,Africa,Airbus A380-800,410,Crew safety — company policy
2026-05-23,South African Airways,SO905,Paris,Casablanca,France,Morocco,Europe,Africa,Boeing 787-10 Dreamliner,295,Crew safety — company policy
2026-05-24,China Southern,CH6132,Lisbon,Doha,Portugal,Qatar,Europe,Middle East,Boeing 737-800,91,Crew safety — company policy
2026-05-24,easyJet,EA2285,Addis Ababa,London,Ethiopia,UK,Africa,Europe,Airbus A330-300,254,Security risk — conflict zone
2026-05-24,Air Canada,AI4794,London,Toronto,UK,Canada,Europe,North America,Boeing 787-9 Dreamliner,437,Government travel ban
2026-05-24,Delta Air Lines,DE5263,Doha,New York,Qatar,USA,Middle East,North America,Boeing 787-10 Dreamliner,208,Diplomatic advisory — do not fly
2026-05-24,Iberia,IB1255,Doha,Moscow,Qatar,Russia,Middle East,Europe,Airbus A321neo,207,Airport closure — military activity
2026-05-24,Air China,AI5785,Toronto,Doha,Canada,Qatar,North America,Middle East,Airbus A340-600,449,Temporary corridor suspension — safety bulletin
2026-05-24,Japan Airlines,JA503,Dubai,Moscow,UAE,Russia,Middle East,Europe,Boeing 787-9 Dreamliner,108,Government travel ban
2026-05-24,Aeroflot,AE2709,Sydney,Dubai,Australia,UAE,Asia Pacific,Middle East,Airbus A320neo,169,Airspace closure — NOTAM
2026-05-24,South African Airways,SO1570,Seoul,Doha,South Korea,Qatar,Asia Pacific,Middle East,Airbus A320neo,255,Security risk — conflict zone
2026-05-24,Kenya Airways,KE2339,Beijing,London,China,UK,Asia Pacific,Europe,Boeing 777-300ER,376,Diplomatic advisory — do not fly
2026-05-24,Asiana Airlines,AS2226,Dubai,Zurich,UAE,Switzerland,Middle East,Europe,Boeing 787-9 Dreamliner,363,Airspace closure — NOTAM
2026-05-24,Gulf Air,GU4432,São Paulo,London,Brazil,UK,Latin America,Europe,Airbus A321neo,436,Government travel ban
2026-05-24,KLM,KL7790,Dubai,Frankfurt,UAE,Germany,Middle East,Europe,Boeing 777-200LR,290,Temporary corridor suspension — safety bulletin
2026-05-24,Etihad Airways,ET3445,New York,Doha,USA,Qatar,North America,Middle East,Boeing 777-200LR,391,Fuel supply disruption
2026-05-24,Air China,AI3585,Guangzhou,Dubai,China,UAE,Asia Pacific,Middle East,Airbus A320neo,301,Government travel ban
2026-05-24,IndiGo,IN1628,Riyadh,London,Saudi Arabia,UK,Middle East,Europe,Boeing 787-9 Dreamliner,360,ATC flow restrictions — congestion
2026-05-24,Oman Air,OM6431,New York,Dubai,USA,UAE,North America,Middle East,Boeing 737-800,332,Temporary corridor suspension — safety bulletin
2026-05-24,LATAM Airlines,LA7093,Delhi,Istanbul,India,Turkey,South Asia,Middle East,Boeing 777-200LR,298,Crew duty-time exceedance after long reroutes
2026-05-24,UPS Airlines,UP9157,Cairo,Dubai,Egypt,UAE,North Africa,Middle East,Airbus A380-800,377,Crew duty-time exceedance after long reroutes
2026-05-24,SAS,SA5787,Los Angeles,London,USA,UK,North America,Europe,Boeing 737 MAX 8,230,Fuel supply disruption
2026-05-25,Southwest Airlines,SO4034,Istanbul,Tehran,Turkey,Iran,Middle East,Middle East,Boeing 777-300ER,301,Airspace closure — NOTAM
2026-05-25,Avianca,AV6095,Dubai,Mumbai,UAE,India,Middle East,South Asia,Boeing 787-9 Dreamliner,226,Fuel supply disruption
2026-05-25,Garuda Indonesia,GA664,Moscow,Dubai,Russia,UAE,Europe,Middle East,Airbus A350-900,81,Crew duty-time exceedance after long reroutes
2026-05-25,British Airways,BR4094,Doha,Seoul,Qatar,South Korea,Middle East,Asia Pacific,Airbus A321neo,196,Crew safety — company policy
2026-05-25,SpiceJet,SP3275,Dubai,Madrid,UAE,Spain,Middle East,Europe,Boeing 777-200LR,282,Government travel ban
2026-05-25,Qatar Airways,QA7607,Muscat,London,Oman,UK,Middle East,Europe,Boeing 777-200LR,299,ATC flow restrictions — congestion
2026-05-25,LATAM Airlines,LA4585,Dubai,Frankfurt,UAE,Germany,Middle East,Europe,Boeing 737-800,247,Insurance restriction — war zone
2026-05-25,SpiceJet,SP8063,London,Sydney,UK,Australia,Europe,Asia Pacific,Boeing 777-200LR,122,Airspace closure — NOTAM
2026-05-25,IndiGo,IN5355,Mumbai,Doha,India,Qatar,South Asia,Middle East,Airbus A330-300,85,Crew duty-time exceedance after long reroutes
2026-05-25,Air India,AI3697,Shanghai,Dubai,China,UAE,Asia Pacific,Middle East,Airbus A321neo,376,Government travel ban
2026-05-25,Avianca,AV9299,Muscat,London,Oman,UK,Middle East,Europe,Airbus A320neo,311,Insurance restriction — war zone
2026-05-25,Aeroflot,AE6642,Riyadh,New York,Saudi Arabia,USA,Middle East,North America,Airbus A321neo,290,Government travel ban
2026-05-26,EgyptAir,EG2210,Doha,Madrid,Qatar,Spain,Middle East,Europe,Airbus A321neo,219,Insurance restriction — war zone
2026-05-26,KLM,KL6905,Doha,Paris,Qatar,France,Middle East,Europe,Boeing 737-800,80,Insurance restriction — war zone
2026-05-26,KLM,KL2679,Istanbul,Tehran,Turkey,Iran,Middle East,Middle East,Boeing 737-800,212,Crew safety — company policy
2026-05-26,Qatar Airways,QA2073,Dubai,Islamabad,UAE,Pakistan,Middle East,South Asia,Airbus A330-300,354,Airspace closure — NOTAM
2026-05-26,Oman Air,OM6522,Istanbul,Karachi,Turkey,Pakistan,Middle East,South Asia,Boeing 737-800,325,ATC flow restrictions — congestion
2026-05-26,SpiceJet,SP5817,Dubai,Guangzhou,UAE,China,Middle East,Asia Pacific,Airbus A330-300,353,Diplomatic advisory — do not fly
2026-05-26,Garuda Indonesia,GA8964,Dubai,Helsinki,UAE,Finland,Middle East,Europe,Boeing 777-300ER,321,Diplomatic advisory — do not fly
2026-05-26,Thai Airways,TH336,Dubai,Casablanca,UAE,Morocco,Middle East,Africa,Airbus A320neo,277,Government travel ban
2026-05-26,Wizz Air,WI5114,Dubai,Shanghai,UAE,China,Middle East,Asia Pacific,Airbus A330-300,118,Airport closure — military activity
2026-05-26,Emirates SkyCargo,EM3168,Doha,London,Qatar,UK,Middle East,Europe,Boeing 777-300ER,135,Insurance restriction — war zone
2026-05-26,Saudi Arabian Airlines,SA4886,Riyadh,London,Saudi Arabia,UK,Middle East,Europe,Boeing 777-300ER,170,Temporary corridor suspension — safety bulletin
2026-05-26,Qantas,QA7977,Abu Dhabi,Sydney,UAE,Australia,Middle East,Asia Pacific,Airbus A320neo,102,Airport closure — military activity
2026-05-26,Pakistan International Airlines,PA389,Doha,Moscow,Qatar,Russia,Middle East,Europe,Airbus A350-900,436,Government travel ban
2026-05-26,easyJet,EA8234,New York,Doha,USA,Qatar,North America,Middle East,Airbus A380-800,404,Temporary corridor suspension — safety bulletin
2026-05-26,American Airlines,AM6298,Abu Dhabi,Washington,UAE,USA,Middle East,North America,Boeing 787-9 Dreamliner,223,Fuel supply disruption
2026-05-26,American Airlines,AM4836,Dubai,Santiago,UAE,Chile,Middle East,Latin America,Airbus A380-800,177,Diplomatic advisory — do not fly
2026-05-26,Lufthansa,LU9520,Beijing,London,China,UK,Asia Pacific,Europe,Airbus A330-300,394,Fuel supply disruption
2026-05-26,Cathay Pacific,CA8990,Kuala Lumpur,London,Malaysia,UK,Asia Pacific,Europe,Boeing 787-9 Dreamliner,98,Security risk — conflict zone
2026-05-27,British Airways,BR8334,Singapore,Los Angeles,Singapore,USA,Asia Pacific,North America,Airbus A380-800,312,Temporary corridor suspension — safety bulletin
2026-05-27,Air Algerie,AI7498,New York,Doha,USA,Qatar,North America,Middle East,Airbus A320neo,282,Airport closure — military activity
2026-05-27,Kenya Airways,KE1988,Santiago,London,Chile,UK,Latin America,Europe,Boeing 737-800,358,Security risk — conflict zone
2026-05-27,Cargolux,CA7059,Singapore,Tokyo,Singapore,Japan,Asia Pacific,Asia Pacific,Boeing 787-10 Dreamliner,386,Diplomatic advisory — do not fly
2026-05-27,EgyptAir,EG4819,Dubai,Kuala Lumpur,UAE,Malaysia,Middle East,Asia Pacific,Airbus A340-600,290,Insurance restriction — war zone
2026-05-27,Air New Zealand,AI5493,Dubai,Shanghai,UAE,China,Middle East,Asia Pacific,Boeing 787-10 Dreamliner,289,Government travel ban
2026-05-27,SAS,SA9989,Dubai,Nairobi,UAE,Kenya,Middle East,Africa,Airbus A380-800,113,Crew duty-time exceedance after long reroutes
2026-05-27,Wizz Air,WI9323,Kuwait City,Cairo,Kuwait,Egypt,Middle East,North Africa,Boeing 777-200LR,95,Fuel supply disruption
2026-05-27,Ethiopian Airlines,ET2625,London,Los Angeles,UK,USA,Europe,North America,Airbus A340-600,140,Insurance restriction — war zone
2026-05-27,Aeromexico,AE2412,Tokyo,Singapore,Japan,Singapore,Asia Pacific,Asia Pacific,Boeing 787-9 Dreamliner,290,Insurance restriction — war zone
2026-05-27,Air Arabia,AI3949,London,Tokyo,UK,Japan,Europe,Asia Pacific,Boeing 787-10 Dreamliner,158,Fuel supply disruption
2026-05-27,LOT Polish Airlines,LO8937,Singapore,Dubai,Singapore,UAE,Asia Pacific,Middle East,Airbus A350-900,145,Diplomatic advisory — do not fly
2026-05-27,Mahan Air,MA8632,Doha,Ho Chi Minh City,Qatar,Vietnam,Middle East,Asia Pacific,Airbus A350-900,288,ATC flow restrictions — congestion
2026-05-27,easyJet,EA1478,Beijing,London,China,UK,Asia Pacific,Europe,Boeing 777-300ER,271,Fuel supply disruption
2026-05-27,Azul Brazilian Airlines,AZ3447,Dubai,Frankfurt,UAE,Germany,Middle East,Europe,Airbus A340-600,400,Airspace closure — NOTAM
2026-05-27,Aeroflot,AE7230,Paris,Dubai,France,UAE,Europe,Middle East,Boeing 787-10 Dreamliner,245,Insurance restriction — war zone
2026-05-27,Lufthansa,LU5357,Dubai,Casablanca,UAE,Morocco,Middle East,Africa,Boeing 787-10 Dreamliner,198,Temporary corridor suspension — safety bulletin
2026-05-27,American Airlines,AM6019,Warsaw,Dubai,Poland,UAE,Europe,Middle East,Boeing 777-200LR,409,Crew duty-time exceedance after long reroutes
2026-05-28,Air China,AI571,Dubai,Tokyo,UAE,Japan,Middle East,Asia Pacific,Boeing 787-9 Dreamliner,214,Diplomatic advisory — do not fly
2026-05-28,KLM,KL3697,Paris,Dubai,France,UAE,Europe,Middle East,Airbus A340-600,185,Airspace closure — NOTAM
2026-05-28,Royal Air Maroc,RO6028,Dubai,Bangkok,UAE,Thailand,Middle East,Asia Pacific,Airbus A380-800,356,Crew safety — company policy
2026-05-28,SpiceJet,SP7125,London,Toronto,UK,Canada,Europe,North America,Boeing 777-300ER,350,Security risk — conflict zone
2026-05-28,Emirates SkyCargo,EM5627,Doha,Mumbai,Qatar,India,Middle East,South Asia,Airbus A321neo,218,Airport closure — military activity
2026-05-28,Ethiopian Airlines,ET4355,London,Kuala Lumpur,UK,Malaysia,Europe,Asia Pacific,Boeing 777-300ER,170,Diplomatic advisory — do not fly
2026-05-28,Mahan Air,MA1958,Tehran,Beijing,Iran,China,Middle East,Asia Pacific,Boeing 777-200LR,87,Crew duty-time exceedance after long reroutes
2026-05-28,EgyptAir,EG2147,Tehran,Istanbul,Iran,Turkey,Middle East,Middle East,Airbus A340-600,276,Government travel ban
2026-05-28,Oman Air,OM4127,Dubai,Stockholm,UAE,Sweden,Middle East,Europe,Airbus A320neo,148,Insurance restriction — war zone
2026-05-28,Ethiopian Airlines,ET6252,Moscow,Tehran,Russia,Iran,Europe,Middle East,Airbus A321neo,371,Government travel ban
2026-05-28,Emirates,EM2380,Bahrain,Dubai,Bahrain,UAE,Middle East,Middle East,Boeing 787-9 Dreamliner,265,Crew duty-time exceedance after long reroutes
2026-05-28,South African Airways,SO6466,Shanghai,Doha,China,Qatar,Asia Pacific,Middle East,Boeing 737 MAX 8,104,Airport closure — military activity
2026-05-28,Air Canada,AI2485,Doha,New York,Qatar,USA,Middle East,North America,Boeing 737-800,298,Insurance restriction — war zone
2026-05-28,Kenya Airways,KE2360,Dubai,Seoul,UAE,South Korea,Middle East,Asia Pacific,Boeing 787-9 Dreamliner,153,Temporary corridor suspension — safety bulletin
2026-05-28,Emirates SkyCargo,EM8258,Madrid,Mexico City,Spain,Mexico,Europe,Latin America,Boeing 777-200LR,179,ATC flow restrictions — congestion
2026-05-29,Iran Air,IR636,Doha,Chicago,Qatar,USA,Middle East,North America,Boeing 737 MAX 8,425,ATC flow restrictions — congestion
2026-05-29,Turkish Airlines,TU8641,Riyadh,Cairo,Saudi Arabia,Egypt,Middle East,North Africa,Airbus A320neo,216,Diplomatic advisory — do not fly
2026-05-29,Vietnam Airlines,VI6640,London,Tokyo,UK,Japan,Europe,Asia Pacific,Boeing 737-800,191,ATC flow restrictions — congestion
2026-05-29,SpiceJet,SP4387,Dubai,Singapore,UAE,Singapore,Middle East,Asia Pacific,Airbus A321neo,347,Government travel ban
2026-05-29,Southwest Airlines,SO3692,Casablanca,Paris,Morocco,France,Africa,Europe,Airbus A340-600,115,Crew safety — company policy
2026-05-29,Air France,AI5981,Moscow,Tehran,Russia,Iran,Europe,Middle East,Airbus A340-600,316,Insurance restriction — war zone
2026-05-29,Korean Air,KO8031,Doha,Toronto,Qatar,Canada,Middle East,North America,Boeing 787-10 Dreamliner,348,Fuel supply disruption
2026-05-29,TAP Air Portugal,TA1167,Doha,New York,Qatar,USA,Middle East,North America,Airbus A350-900,430,Diplomatic advisory — do not fly
2026-05-29,Finnair,FI8032,Beijing,London,China,UK,Asia Pacific,Europe,Airbus A330-300,135,Airspace closure — NOTAM
2026-05-29,Air Canada,AI9673,Dubai,Nairobi,UAE,Kenya,Middle East,Africa,Boeing 737-800,435,Government travel ban
2026-05-29,easyJet,EA5263,Karachi,Dubai,Pakistan,UAE,South Asia,Middle East,Boeing 737 MAX 8,358,Insurance restriction — war zone
2026-05-29,United Airlines,UN542,New York,Doha,USA,Qatar,North America,Middle East,Boeing 737-800,224,Security risk — conflict zone
2026-05-29,Emirates,EM161,Dubai,Kuala Lumpur,UAE,Malaysia,Middle East,Asia Pacific,Airbus A330-300,300,ATC flow restrictions — congestion
2026-05-29,United Airlines,UN1430,Doha,Mumbai,Qatar,India,Middle East,South Asia,Boeing 737-800,256,Crew duty-time exceedance after long reroutes
2026-05-29,China Southern,CH6133,Muscat,London,Oman,UK,Middle East,Europe,Airbus A321neo,98,Diplomatic advisory — do not fly
2026-05-29,British Airways,BR4338,London,Kuala Lumpur,UK,Malaysia,Europe,Asia Pacific,Boeing 777-300ER,133,Diplomatic advisory — do not fly
2026-05-29,Mahan Air,MA4725,Delhi,Istanbul,India,Turkey,South Asia,Middle East,Boeing 737 MAX 8,204,Temporary corridor suspension — safety bulletin
2026-05-29,Air India,AI881,Singapore,London,Singapore,UK,Asia Pacific,Europe,Boeing 787-9 Dreamliner,444,Crew safety — company policy
2026-05-29,Ryanair,RY2808,Islamabad,Riyadh,Pakistan,Saudi Arabia,South Asia,Middle East,Boeing 737-800,269,Insurance restriction — war zone
2026-05-30,Air India,AI7463,Addis Ababa,London,Ethiopia,UK,Africa,Europe,Airbus A320neo,155,Diplomatic advisory — do not fly
2026-05-30,Cathay Pacific,CA9006,Dubai,Zurich,UAE,Switzerland,Middle East,Europe,Boeing 777-200LR,426,Security risk — conflict zone
2026-05-30,Air China,AI2074,Bahrain,London,Bahrain,UK,Middle East,Europe,Airbus A320neo,424,Insurance restriction — war zone
2026-05-30,Qantas,QA4012,Sydney,Abu Dhabi,Australia,UAE,Asia Pacific,Middle East,Boeing 737 MAX 8,174,Fuel supply disruption
2026-05-30,EgyptAir,EG723,Paris,Casablanca,France,Morocco,Europe,Africa,Airbus A380-800,386,Airspace closure — NOTAM
2026-05-30,Avianca,AV4448,Doha,New York,Qatar,USA,Middle East,North America,Airbus A380-800,280,Insurance restriction — war zone
2026-05-30,Iberia,IB8982,Doha,Los Angeles,Qatar,USA,Middle East,North America,Boeing 777-200LR,219,Security risk — conflict zone
2026-05-30,UPS Airlines,UP4478,São Paulo,Doha,Brazil,Qatar,Latin America,Middle East,Boeing 737 MAX 8,305,Government travel ban
2026-05-30,Singapore Airlines,SI5259,Dubai,Auckland,UAE,New Zealand,Middle East,Asia Pacific,Airbus A330-300,117,Insurance restriction — war zone
2026-05-30,Air New Zealand,AI7398,Dubai,Warsaw,UAE,Poland,Middle East,Europe,Boeing 737 MAX 8,406,Diplomatic advisory — do not fly
2026-05-30,IndiGo,IN8643,Sydney,Singapore,Australia,Singapore,Asia Pacific,Asia Pacific,Boeing 787-10 Dreamliner,240,Crew safety — company policy
2026-05-30,Ethiopian Airlines,ET9054,Abu Dhabi,London,UAE,UK,Middle East,Europe,Airbus A380-800,360,ATC flow restrictions — congestion
2026-05-30,Cathay Pacific,CA6826,Dubai,Istanbul,UAE,Turkey,Middle East,Middle East,Airbus A380-800,328,Airspace closure — NOTAM
2026-05-30,Kuwait Airways,KU5817,Paris,Dubai,France,UAE,Europe,Middle East,Airbus A330-300,349,Government travel ban
2026-05-30,British Airways,BR6917,Johannesburg,London,South Africa,UK,Africa,Europe,Boeing 737 MAX 8,212,Security risk — conflict zone
2026-05-30,South African Airways,SO6148,Dubai,Sydney,UAE,Australia,Middle East,Asia Pacific,Boeing 787-9 Dreamliner,166,Insurance restriction — war zone
2026-05-30,Oman Air,OM1185,Dubai,Singapore,UAE,Singapore,Middle East,Asia Pacific,Airbus A380-800,100,Temporary corridor suspension — safety bulletin
2026-05-30,Iberia,IB5402,Bangkok,Dubai,Thailand,UAE,Asia Pacific,Middle East,Airbus A340-600,307,Crew duty-time exceedance after long reroutes
2026-05-30,Swiss International Air Lines,SW2070,Dubai,São Paulo,UAE,Brazil,Middle East,Latin America,Airbus A340-600,410,Government travel ban
2026-05-30,Air France,AI6577,Dubai,Warsaw,UAE,Poland,Middle East,Europe,Airbus A380-800,208,ATC flow restrictions — congestion
2026-05-31,KLM,KL8396,Doha,Shanghai,Qatar,China,Middle East,Asia Pacific,Airbus A340-600,141,Diplomatic advisory — do not fly
2026-05-31,Korean Air,KO646,Dubai,Auckland,UAE,New Zealand,Middle East,Asia Pacific,Boeing 777-200LR,338,Security risk — conflict zone
2026-05-31,Air India,AI7194,Los Angeles,Doha,USA,Qatar,North America,Middle East,Boeing 777-200LR,167,ATC flow restrictions — congestion
2026-05-31,Aeromexico,AE3355,Dubai,Moscow,UAE,Russia,Middle East,Europe,Boeing 737 MAX 8,210,ATC flow restrictions — congestion
2026-05-31,Swiss International Air Lines,SW8128,London,Addis Ababa,UK,Ethiopia,Europe,Africa,Boeing 737-800,412,Airport closure — military activity
2026-05-31,Aeromexico,AE8428,Dubai,Auckland,UAE,New Zealand,Middle East,Asia Pacific,Airbus A330-300,141,ATC flow restrictions — congestion
2026-05-31,Air Canada,AI1679,Mexico City,London,Mexico,UK,Latin America,Europe,Boeing 777-200LR,443,Diplomatic advisory — do not fly
2026-05-31,Delta Air Lines,DE4276,Riyadh,Cairo,Saudi Arabia,Egypt,Middle East,North Africa,Boeing 777-200LR,308,Airport closure — military activity
2026-05-31,Delta Air Lines,DE8904,Seoul,Dubai,South Korea,UAE,Asia Pacific,Middle East,Airbus A380-800,449,Temporary corridor suspension — safety bulletin
2026-05-31,Qantas,QA9556,Beijing,Frankfurt,China,Germany,Asia Pacific,Europe,Boeing 787-9 Dreamliner,287,Insurance restriction — war zone
2026-05-31,LOT Polish Airlines,LO508,Doha,Moscow,Qatar,Russia,Middle East,Europe,Airbus A380-800,200,Airport closure — military activity
2026-05-31,Oman Air,OM688,Frankfurt,Beijing,Germany,China,Europe,Asia Pacific,Airbus A340-600,370,Government travel ban
2026-05-31,Mahan Air,MA2900,Doha,Ho Chi Minh City,Qatar,Vietnam,Middle East,Asia Pacific,Airbus A350-900,344,Fuel supply disruption
2026-05-31,Atlas Air,AT460,Amman,Dubai,Jordan,UAE,Middle East,Middle East,Airbus A380-800,437,Crew duty-time exceedance after long reroutes
2026-05-31,flynas,FL518,Moscow,Dubai,Russia,UAE,Europe,Middle East,Boeing 777-300ER,247,Insurance restriction — war zone
2026-05-31,EgyptAir,EG4197,Ho Chi Minh City,Doha,Vietnam,Qatar,Asia Pacific,Middle East,Boeing 777-300ER,409,Fuel supply disruption
2026-05-31,British Airways,BR8741,New York,Doha,USA,Qatar,North America,Middle East,Boeing 737-800,155,Diplomatic advisory — do not fly
2026-05-31,Asiana Airlines,AS5924,Doha,Toronto,Qatar,Canada,Middle East,North America,Boeing 737-800,246,Temporary corridor suspension — safety bulletin
2026-05-31,SpiceJet,SP4886,Casablanca,Paris,Morocco,France,Africa,Europe,Boeing 777-200LR,88,Government travel ban
2026-05-31,Ryanair,RY8609,Abu Dhabi,Sydney,UAE,Australia,Middle East,Asia Pacific,Boeing 777-300ER,192,Fuel supply disruption
2026-05-31,Singapore Airlines,SI1444,London,Kuala Lumpur,UK,Malaysia,Europe,Asia Pacific,Airbus A380-800,171,Temporary corridor suspension — safety bulletin
2026-05-31,Atlas Air,AT8714,Dubai,Cairo,UAE,Egypt,Middle East,North Africa,Boeing 777-200LR,386,Crew duty-time exceedance after long reroutes
2026-05-31,UPS Airlines,UP2368,Dubai,Vancouver,UAE,Canada,Middle East,North America,Boeing 737-800,312,Diplomatic advisory — do not fly
2026-05-31,Vietnam Airlines,VI2199,Chicago,Dubai,USA,UAE,North America,Middle East,Airbus A321neo,306,Airspace closure — NOTAM
2026-05-31,IndiGo,IN3610,London,Nairobi,UK,Kenya,Europe,Africa,Boeing 787-9 Dreamliner,203,Fuel supply disruption
2026-06-01,LOT Polish Airlines,LO9603,Doha,London,Qatar,UK,Middle East,Europe,Boeing 777-300ER,267,Fuel supply disruption
2026-06-01,LOT Polish Airlines,LO4978,Doha,Lahore,Qatar,Pakistan,Middle East,South Asia,Airbus A321neo,178,Crew safety — company policy
2026-06-01,Azul Brazilian Airlines,AZ2518,Los Angeles,Doha,USA,Qatar,North America,Middle East,Airbus A320neo,85,Crew duty-time exceedance after long reroutes
2026-06-01,flynas,FL1998,London,Singapore,UK,Singapore,Europe,Asia Pacific,Boeing 787-9 Dreamliner,261,ATC flow restrictions — congestion
2026-06-01,Thai Airways,TH853,Seoul,London,South Korea,UK,Asia Pacific,Europe,Airbus A321neo,109,Airspace closure — NOTAM
2026-06-01,Air Arabia,AI8692,Paris,Beirut,France,Lebanon,Europe,Middle East,Airbus A320neo,107,Airport closure — military activity
2026-06-01,Etihad Airways,ET4808,Bangkok,Dubai,Thailand,UAE,Asia Pacific,Middle East,Boeing 737-800,435,ATC flow restrictions — congestion
2026-06-01,flydubai,FL8020,Beijing,Dubai,China,UAE,Asia Pacific,Middle East,Airbus A350-900,116,Diplomatic advisory — do not fly
2026-06-01,Southwest Airlines,SO7462,Dubai,Frankfurt,UAE,Germany,Middle East,Europe,Airbus A350-900,247,Fuel supply disruption
2026-06-01,Kenya Airways,KE4728,Doha,London,Qatar,UK,Middle East,Europe,Airbus A350-900,356,Temporary corridor suspension — safety bulletin
2026-06-01,Air China,AI7788,Madrid,Mexico City,Spain,Mexico,Europe,Latin America,Airbus A321neo,435,Airspace closure — NOTAM
2026-06-01,Thai Airways,TH7628,Sydney,London,Australia,UK,Asia Pacific,Europe,Boeing 777-300ER,212,Fuel supply disruption
2026-06-01,WestJet,WE8817,Toronto,Dubai,Canada,UAE,North America,Middle East,Airbus A380-800,450,Security risk — conflict zone
2026-06-01,flynas,FL2683,Abu Dhabi,Washington,UAE,USA,Middle East,North America,Airbus A330-300,333,Diplomatic advisory — do not fly
2026-06-01,Cargolux,CA8177,Seoul,London,South Korea,UK,Asia Pacific,Europe,Boeing 737 MAX 8,323,Airspace closure — NOTAM
2026-06-01,TAP Air Portugal,TA4851,Dubai,Istanbul,UAE,Turkey,Middle East,Middle East,Airbus A350-900,161,ATC flow restrictions — congestion
2026-06-01,Vietnam Airlines,VI5767,Cairo,Riyadh,Egypt,Saudi Arabia,North Africa,Middle East,Boeing 777-300ER,137,Fuel supply disruption
2026-06-01,LOT Polish Airlines,LO868,Dubai,Guangzhou,UAE,China,Middle East,Asia Pacific,Boeing 787-9 Dreamliner,123,Fuel supply disruption
2026-06-01,Mahan Air,MA533,Istanbul,Tehran,Turkey,Iran,Middle East,Middle East,Airbus A330-300,421,Airspace closure — NOTAM
2026-06-01,Mahan Air,MA5641,Mumbai,Doha,India,Qatar,South Asia,Middle East,Boeing 737 MAX 8,133,Security risk — conflict zone
2026-06-02,Etihad Airways,ET5683,London,São Paulo,UK,Brazil,Europe,Latin America,Airbus A320neo,213,Temporary corridor suspension — safety bulletin
2026-06-02,Lufthansa,LU2304,Frankfurt,Beijing,Germany,China,Europe,Asia Pacific,Boeing 777-200LR,438,Insurance restriction — war zone
2026-06-02,Air China,AI9364,London,Los Angeles,UK,USA,Europe,North America,Boeing 737-800,296,Airport closure — military activity
2026-06-02,Pakistan International Airlines,PA3857,Dubai,Beijing,UAE,China,Middle East,Asia Pacific,Airbus A350-900,338,Crew duty-time exceedance after long reroutes
2026-06-02,Etihad Airways,ET7213,Riyadh,London,Saudi Arabia,UK,Middle East,Europe,Airbus A380-800,322,Diplomatic advisory — do not fly
2026-06-02,Copa Airlines,CO7434,Mumbai,Kuwait City,India,Kuwait,South Asia,Middle East,Boeing 737-800,208,Airspace closure — NOTAM
2026-06-02,Ethiopian Airlines,ET4012,Dubai,Zurich,UAE,Switzerland,Middle East,Europe,Airbus A340-600,249,Temporary corridor suspension — safety bulletin
2026-06-02,flydubai,FL2855,Dubai,Karachi,UAE,Pakistan,Middle East,South Asia,Boeing 737-800,398,Security risk — conflict zone
2026-06-02,Korean Air,KO2294,Helsinki,Dubai,Finland,UAE,Europe,Middle East,Boeing 787-9 Dreamliner,105,ATC flow restrictions — congestion
2026-06-02,Air Algerie,AI1721,Paris,Casablanca,France,Morocco,Europe,Africa,Airbus A340-600,256,Diplomatic advisory — do not fly
2026-06-02,Kenya Airways,KE7912,São Paulo,Dubai,Brazil,UAE,Latin America,Middle East,Boeing 737 MAX 8,351,Crew safety — company policy
2026-06-02,Air France,AI2553,Warsaw,Dubai,Poland,UAE,Europe,Middle East,Boeing 737-800,168,Fuel supply disruption
2026-06-02,LATAM Airlines,LA1064,Dubai,Bangkok,UAE,Thailand,Middle East,Asia Pacific,Boeing 737 MAX 8,290,Temporary corridor suspension — safety bulletin
2026-06-02,Thai Airways,TH901,Dubai,Tokyo,UAE,Japan,Middle East,Asia Pacific,Airbus A320neo,194,Crew duty-time exceedance after long reroutes
2026-06-02,FedEx Express,FE4732,Cairo,Kuwait City,Egypt,Kuwait,North Africa,Middle East,Boeing 777-300ER,371,Temporary corridor suspension — safety bulletin
2026-06-02,ANA,AN6196,Doha,Shanghai,Qatar,China,Middle East,Asia Pacific,Airbus A320neo,229,ATC flow restrictions — congestion
2026-06-02,China Eastern,CH1692,Paris,Doha,France,Qatar,Europe,Middle East,Boeing 787-9 Dreamliner,266,Government travel ban
2026-06-02,United Airlines,UN2637,Addis Ababa,London,Ethiopia,UK,Africa,Europe,Airbus A340-600,435,Security risk — conflict zone
2026-06-02,Finnair,FI9281,Dubai,Stockholm,UAE,Sweden,Middle East,Europe,Boeing 787-10 Dreamliner,361,ATC flow restrictions — congestion
2026-06-02,China Southern,CH2103,Los Angeles,Doha,USA,Qatar,North America,Middle East,Airbus A350-900,325,Temporary corridor suspension — safety bulletin
2026-06-02,Air India,AI1260,Paris,Dubai,France,UAE,Europe,Middle East,Boeing 737-800,396,Diplomatic advisory — do not fly
2026-06-02,SpiceJet,SP7730,Tehran,Moscow,Iran,Russia,Middle East,Europe,Airbus A350-900,159,Airspace closure — NOTAM
2026-06-03,South African Airways,SO9585,Riyadh,Cairo,Saudi Arabia,Egypt,Middle East,North Africa,Boeing 737 MAX 8,337,Security risk — conflict zone
2026-06-03,Singapore Airlines,SI9487,Tokyo,London,Japan,UK,Asia Pacific,Europe,Boeing 787-10 Dreamliner,147,Temporary corridor suspension — safety bulletin
2026-06-03,Vietnam Airlines,VI7774,Dubai,Seoul,UAE,South Korea,Middle East,Asia Pacific,Boeing 777-200LR,409,Airspace closure — NOTAM
2026-06-03,DHL Aviation,DH4102,Shanghai,Dubai,China,UAE,Asia Pacific,Middle East,Boeing 787-9 Dreamliner,125,Government travel ban
2026-06-03,American Airlines,AM8276,Dubai,Karachi,UAE,Pakistan,Middle East,South Asia,Boeing 777-200LR,292,Crew duty-time exceedance after long reroutes
2026-06-03,Aeroflot,AE8386,Seoul,London,South Korea,UK,Asia Pacific,Europe,Airbus A330-300,254,Airport closure — military activity
2026-06-03,LATAM Airlines,LA641,London,Kuala Lumpur,UK,Malaysia,Europe,Asia Pacific,Airbus A380-800,447,Diplomatic advisory — do not fly
2026-06-03,Air Algerie,AI9135,Dubai,Frankfurt,UAE,Germany,Middle East,Europe,Boeing 777-300ER,216,Crew safety — company policy
2026-06-03,Qatar Airways,QA2699,Dubai,Addis Ababa,UAE,Ethiopia,Middle East,Africa,Airbus A380-800,289,ATC flow restrictions — congestion
2026-06-03,Iran Air,IR1750,Riyadh,London,Saudi Arabia,UK,Middle East,Europe,Boeing 737 MAX 8,294,Security risk — conflict zone
2026-06-03,Atlas Air,AT9242,London,São Paulo,UK,Brazil,Europe,Latin America,Airbus A340-600,178,Airspace closure — NOTAM
2026-06-03,Emirates SkyCargo,EM7621,Cairo,Kuwait City,Egypt,Kuwait,North Africa,Middle East,Airbus A350-900,339,Temporary corridor suspension — safety bulletin
2026-06-03,DHL Aviation,DH5473,Dubai,Stockholm,UAE,Sweden,Middle East,Europe,Airbus A340-600,138,ATC flow restrictions — congestion
2026-06-03,Japan Airlines,JA3481,Nairobi,London,Kenya,UK,Africa,Europe,Airbus A340-600,228,Crew safety — company policy
2026-06-03,South African Airways,SO6422,Singapore,Auckland,Singapore,New Zealand,Asia Pacific,Asia Pacific,Airbus A350-900,424,Temporary corridor suspension — safety bulletin
2026-06-03,Gulf Air,GU3665,Los Angeles,Doha,USA,Qatar,North America,Middle East,Boeing 777-200LR,155,Airport closure — military activity
2026-06-03,flynas,FL3259,Paris,Doha,France,Qatar,Europe,Middle East,Airbus A321neo,255,Airport closure — military activity
2026-06-03,Iberia,IB6342,Sydney,Dubai,Australia,UAE,Asia Pacific,Middle East,Airbus A350-900,313,Diplomatic advisory — do not fly
2026-06-03,Aeromexico,AE5707,London,Mexico City,UK,Mexico,Europe,Latin America,Airbus A320neo,183,Temporary corridor suspension — safety bulletin
2026-06-04,Air France,AI2177,Tokyo,Dubai,Japan,UAE,Asia Pacific,Middle East,Boeing 737 MAX 8,291,Airport closure — military activity
2026-06-04,Pakistan International Airlines,PA7150,Doha,Toronto,Qatar,Canada,Middle East,North America,Airbus A320neo,444,Security risk — conflict zone
2026-06-04,Aeromexico,AE1534,Casablanca,Dubai,Morocco,UAE,Africa,Middle East,Boeing 737-800,162,Airspace closure — NOTAM
2026-06-04,TAP Air Portugal,TA5386,Doha,Seoul,Qatar,South Korea,Middle East,Asia Pacific,Airbus A340-600,427,Diplomatic advisory — do not fly
2026-06-04,Etihad Airways,ET6187,Doha,New York,Qatar,USA,Middle East,North America,Boeing 777-300ER,159,Crew duty-time exceedance after long reroutes
2026-06-04,Qantas,QA2984,London,São Paulo,UK,Brazil,Europe,Latin America,Boeing 737 MAX 8,145,Insurance restriction — war zone
2026-06-04,Garuda Indonesia,GA6263,Dubai,Moscow,UAE,Russia,Middle East,Europe,Boeing 737-800,124,Insurance restriction — war zone
2026-06-04,South African Airways,SO1653,Islamabad,Riyadh,Pakistan,Saudi Arabia,South Asia,Middle East,Airbus A330-300,295,Diplomatic advisory — do not fly
2026-06-04,Japan Airlines,JA9348,Addis Ababa,Doha,Ethiopia,Qatar,Africa,Middle East,Airbus A340-600,204,Fuel supply disruption
2026-06-04,Southwest Airlines,SO1138,Riyadh,London,Saudi Arabia,UK,Middle East,Europe,Boeing 777-300ER,257,Crew safety — company policy
2026-06-04,United Airlines,UN2501,Moscow,Doha,Russia,Qatar,Europe,Middle East,Airbus A320neo,377,Fuel supply disruption
2026-06-04,LOT Polish Airlines,LO2975,Paris,Dubai,France,UAE,Europe,Middle East,Airbus A350-900,351,Security risk — conflict zone
2026-06-04,American Airlines,AM9734,Lisbon,Doha,Portugal,Qatar,Europe,Middle East,Airbus A380-800,241,Airport closure — military activity
2026-06-04,WestJet,WE1370,Islamabad,Dubai,Pakistan,UAE,South Asia,Middle East,Boeing 777-300ER,179,Crew duty-time exceedance after long reroutes
2026-06-04,Ryanair,RY3339,Sydney,Dubai,Australia,UAE,Asia Pacific,Middle East,Airbus A380-800,316,Temporary corridor suspension — safety bulletin
2026-06-04,Air China,AI6477,Tehran,Beijing,Iran,China,Middle East,Asia Pacific,Airbus A340-600,223,Airspace closure — NOTAM
2026-06-04,Aeromexico,AE5371,Paris,Doha,France,Qatar,Europe,Middle East,Boeing 787-10 Dreamliner,348,Government travel ban
2026-06-04,Azul Brazilian Airlines,AZ9614,São Paulo,London,Brazil,UK,Latin America,Europe,Airbus A330-300,275,Government travel ban
2026-06-04,Azul Brazilian Airlines,AZ7552,Doha,New York,Qatar,USA,Middle East,North America,Boeing 777-300ER,127,Crew duty-time exceedance after long reroutes
2026-06-04,Aeromexico,AE3608,Bangkok,Dubai,Thailand,UAE,Asia Pacific,Middle East,Boeing 737 MAX 8,217,ATC flow restrictions — congestion
2026-06-04,American Airlines,AM2219,Doha,Ho Chi Minh City,Qatar,Vietnam,Middle East,Asia Pacific,Airbus A320neo,270,Crew safety — company policy
2026-06-04,Air New Zealand,AI1025,Doha,Paris,Qatar,France,Middle East,Europe,Boeing 777-300ER,348,Fuel supply disruption
2026-06-04,Kuwait Airways,KU7713,Nairobi,London,Kenya,UK,Africa,Europe,Airbus A350-900,300,Security risk — conflict zone
2026-06-04,SpiceJet,SP6848,Dubai,Guangzhou,UAE,China,Middle East,Asia Pacific,Boeing 737-800,214,Security risk — conflict zone
2026-06-04,FedEx Express,FE8907,Sydney,Abu Dhabi,Australia,UAE,Asia Pacific,Middle East,Airbus A321neo,213,ATC flow restrictions — congestion
2026-06-04,Vietnam Airlines,VI2082,Cairo,Riyadh,Egypt,Saudi Arabia,North Africa,Middle East,Boeing 787-9 Dreamliner,360,Crew duty-time exceedance after long reroutes
2026-06-04,Iran Air,IR692,Doha,Chicago,Qatar,USA,Middle East,North America,Airbus A321neo,343,Government travel ban
2026-06-04,Vietnam Airlines,VI1640,Auckland,Dubai,New Zealand,UAE,Asia Pacific,Middle East,Boeing 787-9 Dreamliner,132,ATC flow restrictions — congestion
2026-06-05,SAS,SA2882,Toronto,London,Canada,UK,North America,Europe,Airbus A340-600,365,Diplomatic advisory — do not fly
2026-06-05,Ryanair,RY6621,Dubai,Guangzhou,UAE,China,Middle East,Asia Pacific,Airbus A350-900,359,Crew safety — company policy
2026-06-05,Gulf Air,GU6086,Doha,Madrid,Qatar,Spain,Middle East,Europe,Boeing 737 MAX 8,261,Diplomatic advisory — do not fly
2026-06-05,Thai Airways,TH5604,Dubai,Amman,UAE,Jordan,Middle East,Middle East,Boeing 737 MAX 8,284,Diplomatic advisory — do not fly
2026-06-05,LOT Polish Airlines,LO732,Doha,Seoul,Qatar,South Korea,Middle East,Asia Pacific,Airbus A320neo,198,Fuel supply disruption
2026-06-05,Thai Airways,TH8478,Madrid,Doha,Spain,Qatar,Europe,Middle East,Airbus A330-300,326,Security risk — conflict zone
2026-06-05,Lufthansa,LU1744,Riyadh,London,Saudi Arabia,UK,Middle East,Europe,Boeing 737-800,243,Temporary corridor suspension — safety bulletin
2026-06-05,Cargolux,CA6287,Santiago,London,Chile,UK,Latin America,Europe,Airbus A340-600,151,Temporary corridor suspension — safety bulletin
2026-06-05,Wizz Air,WI6722,Dubai,Jakarta,UAE,Indonesia,Middle East,Asia Pacific,Airbus A350-900,231,Government travel ban
2026-06-05,Ryanair,RY3925,Dubai,Nairobi,UAE,Kenya,Middle East,Africa,Boeing 737-800,243,ATC flow restrictions — congestion
2026-06-05,Gulf Air,GU1743,Cairo,Dubai,Egypt,UAE,North Africa,Middle East,Boeing 777-300ER,321,Airport closure — military activity
2026-06-05,United Airlines,UN2049,London,Kuwait City,UK,Kuwait,Europe,Middle East,Boeing 737-800,412,Crew duty-time exceedance after long reroutes
2026-06-05,Ryanair,RY596,Kuala Lumpur,Dubai,Malaysia,UAE,Asia Pacific,Middle East,Boeing 777-200LR,296,Insurance restriction — war zone
2026-06-05,Air New Zealand,AI3467,Addis Ababa,London,Ethiopia,UK,Africa,Europe,Boeing 787-9 Dreamliner,178,Insurance restriction — war zone
2026-06-06,Korean Air,KO3284,Nairobi,London,Kenya,UK,Africa,Europe,Boeing 737 MAX 8,192,Insurance restriction — war zone
2026-06-06,Vietnam Airlines,VI3519,Dubai,Toronto,UAE,Canada,Middle East,North America,Boeing 787-10 Dreamliner,413,Temporary corridor suspension — safety bulletin
2026-06-06,Vietnam Airlines,VI3689,Dubai,Paris,UAE,France,Middle East,Europe,Boeing 737 MAX 8,164,Airport closure — military activity
2026-06-06,Finnair,FI6593,Dubai,Toronto,UAE,Canada,Middle East,North America,Boeing 787-10 Dreamliner,340,Airspace closure — NOTAM
2026-06-06,Asiana Airlines,AS552,Delhi,Istanbul,India,Turkey,South Asia,Middle East,Boeing 787-9 Dreamliner,146,Crew safety — company policy
2026-06-06,LATAM Airlines,LA7150,Dubai,Zurich,UAE,Switzerland,Middle East,Europe,Airbus A350-900,227,Airspace closure — NOTAM
2026-06-06,Avianca,AV229,Nairobi,London,Kenya,UK,Africa,Europe,Airbus A320neo,99,Fuel supply disruption
2026-06-06,Air Algerie,AI4742,Doha,Ho Chi Minh City,Qatar,Vietnam,Middle East,Asia Pacific,Airbus A320neo,388,Insurance restriction — war zone
2026-06-06,Air New Zealand,AI9078,Kuala Lumpur,London,Malaysia,UK,Asia Pacific,Europe,Airbus A380-800,125,Airport closure — military activity
2026-06-06,Korean Air,KO9042,Frankfurt,Beijing,Germany,China,Europe,Asia Pacific,Boeing 777-200LR,358,Crew duty-time exceedance after long reroutes
2026-06-06,Iberia,IB6638,Helsinki,Dubai,Finland,UAE,Europe,Middle East,Airbus A340-600,264,Crew safety — company policy
2026-06-06,FedEx Express,FE2615,Paris,Shanghai,France,China,Europe,Asia Pacific,Boeing 787-10 Dreamliner,347,Diplomatic advisory — do not fly
2026-06-06,Japan Airlines,JA8180,Beirut,Paris,Lebanon,France,Middle East,Europe,Boeing 777-200LR,240,Insurance restriction — war zone
2026-06-06,Turkish Airlines,TU2716,Los Angeles,London,USA,UK,North America,Europe,Boeing 737-800,223,Government travel ban
2026-06-06,Korean Air,KO8713,Tokyo,Singapore,Japan,Singapore,Asia Pacific,Asia Pacific,Airbus A350-900,86,Diplomatic advisory — do not fly
2026-06-06,DHL Aviation,DH5309,London,Toronto,UK,Canada,Europe,North America,Boeing 787-10 Dreamliner,253,Government travel ban
2026-06-06,American Airlines,AM1403,Washington,Abu Dhabi,USA,UAE,North America,Middle East,Airbus A350-900,401,ATC flow restrictions — congestion
2026-06-06,flynas,FL8060,Guangzhou,Dubai,China,UAE,Asia Pacific,Middle East,Airbus A380-800,220,ATC flow restrictions — congestion
2026-06-06,Air New Zealand,AI3820,Lisbon,Doha,Portugal,Qatar,Europe,Middle East,Airbus A320neo,147,Security risk — conflict zone
2026-06-06,Kenya Airways,KE5635,Helsinki,Dubai,Finland,UAE,Europe,Middle East,Boeing 787-10 Dreamliner,265,Government travel ban
2026-06-06,Aeroflot,AE388,Dubai,Cairo,UAE,Egypt,Middle East,North Africa,Boeing 737 MAX 8,148,Crew safety — company policy
2026-06-06,IndiGo,IN3909,Doha,São Paulo,Qatar,Brazil,Middle East,Latin America,Airbus A350-900,279,Insurance restriction — war zone
2026-06-06,Air Arabia,AI7115,Islamabad,Riyadh,Pakistan,Saudi Arabia,South Asia,Middle East,Boeing 787-10 Dreamliner,217,Security risk — conflict zone
2026-06-06,Oman Air,OM3899,London,São Paulo,UK,Brazil,Europe,Latin America,Airbus A320neo,208,Temporary corridor suspension — safety bulletin
2026-06-06,Korean Air,KO4049,London,Muscat,UK,Oman,Europe,Middle East,Boeing 777-200LR,398,Crew duty-time exceedance after long reroutes
2026-06-06,LATAM Airlines,LA4041,Paris,Doha,France,Qatar,Europe,Middle East,Airbus A380-800,399,ATC flow restrictions — congestion
2026-06-06,Korean Air,KO8576,Shanghai,Doha,China,Qatar,Asia Pacific,Middle East,Airbus A330-300,287,Insurance restriction — war zone
2026-06-06,SpiceJet,SP1710,Dubai,Beijing,UAE,China,Middle East,Asia Pacific,Airbus A321neo,434,Insurance restriction — war zone
2026-06-07,Korean Air,KO2144,Dubai,Mumbai,UAE,India,Middle East,South Asia,Boeing 777-200LR,319,Security risk — conflict zone
2026-06-07,British Airways,BR6850,Doha,Paris,Qatar,France,Middle East,Europe,Airbus A350-900,282,ATC flow restrictions — congestion
2026-06-07,Air France,AI3508,Dubai,Seoul,UAE,South Korea,Middle East,Asia Pacific,Airbus A320neo,391,Airport closure — military activity
2026-06-07,Aeromexico,AE1443,Moscow,Dubai,Russia,UAE,Europe,Middle East,Airbus A320neo,129,Airspace closure — NOTAM
2026-06-07,Malaysia Airlines,MA8798,Bogotá,Madrid,Colombia,Spain,Latin America,Europe,Boeing 787-9 Dreamliner,132,Government travel ban
2026-06-07,KLM,KL4468,Toronto,Doha,Canada,Qatar,North America,Middle East,Boeing 777-200LR,99,Temporary corridor suspension — safety bulletin
2026-06-07,LATAM Airlines,LA6163,Paris,Shanghai,France,China,Europe,Asia Pacific,Boeing 787-10 Dreamliner,91,Airport closure — military activity
2026-06-07,UPS Airlines,UP1389,Addis Ababa,Doha,Ethiopia,Qatar,Africa,Middle East,Boeing 777-200LR,101,Airport closure — military activity
2026-06-07,Singapore Airlines,SI7911,Johannesburg,London,South Africa,UK,Africa,Europe,Boeing 787-9 Dreamliner,369,Crew safety — company policy
2026-06-07,Kuwait Airways,KU1889,Bahrain,London,Bahrain,UK,Middle East,Europe,Boeing 777-300ER,355,Airport closure — military activity
2026-06-07,Kuwait Airways,KU7988,Istanbul,Dubai,Turkey,UAE,Middle East,Middle East,Boeing 777-300ER,229,Security risk — conflict zone
2026-06-07,SAS,SA5105,Tokyo,Singapore,Japan,Singapore,Asia Pacific,Asia Pacific,Airbus A320neo,372,Temporary corridor suspension — safety bulletin
2026-06-07,British Airways,BR4577,Auckland,Dubai,New Zealand,UAE,Asia Pacific,Middle East,Airbus A380-800,302,Government travel ban
2026-06-07,Cathay Pacific,CA8842,Nairobi,London,Kenya,UK,Africa,Europe,Boeing 737 MAX 8,257,Security risk — conflict zone
2026-06-07,Cargolux,CA2759,Dubai,New York,UAE,USA,Middle East,North America,Airbus A380-800,82,ATC flow restrictions — congestion
2026-06-07,LOT Polish Airlines,LO3093,Dubai,Auckland,UAE,New Zealand,Middle East,Asia Pacific,Airbus A380-800,413,Airport closure — military activity
2026-06-07,Air China,AI5124,Doha,Mumbai,Qatar,India,Middle East,South Asia,Boeing 737-800,348,Security risk — conflict zone
2026-06-07,Kenya Airways,KE5626,Ho Chi Minh City,Doha,Vietnam,Qatar,Asia Pacific,Middle East,Boeing 787-10 Dreamliner,167,ATC flow restrictions — congestion
2026-06-07,FedEx Express,FE2142,London,Beijing,UK,China,Europe,Asia Pacific,Boeing 787-9 Dreamliner,267,Insurance restriction — war zone
2026-06-07,SAS,SA2541,Singapore,Auckland,Singapore,New Zealand,Asia Pacific,Asia Pacific,Boeing 777-300ER,106,Security risk — conflict zone
2026-06-07,Air Arabia,AI5934,Cairo,Riyadh,Egypt,Saudi Arabia,North Africa,Middle East,Airbus A380-800,371,Government travel ban
2026-06-07,LATAM Airlines,LA5598,Karachi,Dubai,Pakistan,UAE,South Asia,Middle East,Boeing 737-800,279,Crew safety — company policy
2026-06-07,Air India,AI5691,Jakarta,Dubai,Indonesia,UAE,Asia Pacific,Middle East,Airbus A320neo,257,Government travel ban
2026-06-07,IndiGo,IN9616,Dubai,Kuala Lumpur,UAE,Malaysia,Middle East,Asia Pacific,Boeing 787-10 Dreamliner,140,Fuel supply disruption
2026-06-07,Saudi Arabian Airlines,SA396,Paris,Beirut,France,Lebanon,Europe,Middle East,Boeing 777-200LR,376,Fuel supply disruption
2026-06-07,Oman Air,OM6954,Riyadh,Cairo,Saudi Arabia,Egypt,Middle East,North Africa,Airbus A350-900,139,Security risk — conflict zone
